ply
format ascii 1.0
comment voxel-downsampled voxelSize=0.5 from Week 26 raw scan (Week 26/PLY/De Schepen week 27_t.ply)
element vertex 12108
property float x
property float y
property float z
property uchar red
property uchar green
property uchar blue
end_header
-11.269216007182662 -4.69880237351269 6.6269644208372975 0 0 0
-9.284951398660954 -1.7602124157408063 12.212159338451642 0 0 0
-12.249342117746712 -3.755931601483379 6.6066943335329915 0 0 0
-12.23608925850693 -2.735005637801749 6.234550430621944 0 0 0
-19.7289000812329 -1.7114864430928953 9.766618189059216 0 0 0
-9.885448451646004 -2.7401989835491083 8.742462444166577 1 0 0
-13.785699994940485 0.3198810813464841 6.310502251150204 0 0 0
-9.262056374111097 -6.23605251897325 12.129734349391413 0 0 0
-29.392821788796873 3.2022950127718746 9.895439356565626 1 0 0
-11.73769163612805 1.2466234985220825 6.7209079670839635 0 0 0
-11.753573891616707 -0.24859098761603826 6.621944610630397 0 0 0
-10.687457415522164 -2.643074458263937 5.7779622912058555 0 1 0
-9.727725574970398 -2.182221620678876 11.245455749034491 1 0 0
-9.805252785776467 -6.17149009891559 11.315787240571572 0 1 0
-19.673462186552378 -2.214792830602857 9.765327090309524 0 0 0
-12.222700197077934 -5.737037811415053 6.5706933596805674 0 0 0
-10.265964297504112 -2.6178820071284647 6.22531421256781 0 1 0
-24.72794422736346 1.2212355801684616 11.460026961109614 0 0 0
-10.124365551751012 -1.8915924707406884 11.238301165189876 0 1 0
-12.236870889629355 -1.2444167643533923 6.654434618393128 0 0 0
-8.22581777845177 -3.7026743970601723 12.145185110909718 0 0 0
-9.64043589776057 -1.77352221120809 8.679591563693789 1 0 0
-10.758919283420134 1.7366382880056348 6.750010287096112 0 0 0
-10.722559885323857 -5.259739207737358 11.946447754873095 0 0 0
-11.192546037515386 -10.758669266338462 7.0655315472530775 0 1 0
-10.780840696100002 -4.811895135480545 6.330544391129429 0 0 0
-19.07850973066774 -1.215327428233226 6.541211897326452 0 0 0
-4.63945502042875 5.273436307906249 12.562600135787498 0 0 0
-26.743566610876922 3.288623583622051 10.098448679992307 0 0 0
-12.269196232755219 0.9502777470581648 6.618266425915446 0 0 0
-11.265192766134327 -2.672243766749219 6.243665619108647 0 0 0
-11.250618745868163 -2.3369093499374665 6.30380285381234 0 0 0
-12.15514829185281 -3.414550245477528 6.619526096944382 0 0 0
-9.761024309612216 -5.3416159054889 11.793072463359023 0 1 0
-12.747099747870523 -1.7521427541290266 6.612125057032037 0 0 0
-5.279326432629911 -1.2185185499358335 12.334346503542108 0 0 0
-9.270450364459201 5.745510794900117 8.87998786839534 0 0 0
-28.723964282439287 3.1343346578739277 9.730617421013571 0 0 0
-12.898001786821611 -5.148972466185409 6.186574317313696 0 0 0
-24.808806766170452 -8.711672717875226 7.75254158540159 1 0 0
-10.22450777038005 -4.765328973944458 11.935482542930743 0 0 0
-31.517233212783335 3.067869981133333 10.9293999672 1 0 0
-11.748856837932054 -2.689637091425 5.847513327231672 0 1 0
-20.843623087953844 2.107018489104615 9.785198431749231 0 0 0
-24.22988593788071 3.7318931629777183 11.568845598319301 0 0 0
-13.770637458022732 6.586078865961591 11.270523851571589 0 0 0
-13.245042879998342 -4.670160728608409 6.541342618906109 0 0 0
-12.689200054527275 4.771467208861819 12.019945404754544 0 0 0
-12.23784302870417 -0.23295495930214516 6.608029604454774 0 0 0
-4.852959598813673 -0.2808046311576859 12.376488792660203 0 0 0
-19.278490178731374 -3.4140837379533324 9.71667465509157 0 0 0
-17.17579759870238 -0.34730976287802384 5.430534726098095 0 0 0
-23.23805150678065 -4.730516756734516 11.388977481477422 0 0 0
-9.832540690605173 -6.779180195531129 9.732198423940249 1 0 0
-9.788788331788135 -2.7783504782051027 12.142359976930006 0 0 0
-24.775365591053127 1.2520209476343749 11.52520316839375 0 0 0
-24.25429459980179 -2.7430653401789287 11.273267865180356 0 0 0
-12.235575208381071 2.0422551076386406 6.662629446936891 0 0 0
-25.977300220055554 3.38633998235 10.2820221583 1 0 0
-17.8168501854 4.03781753778375 9.08743262291 0 0 0
-9.435778365415741 -1.8758541149252648 7.734658200600591 1 0 0
-14.223564743306932 6.79666370601341 10.744125432363578 0 0 0
-9.266017398695258 -6.745733654411607 12.097741586447444 0 0 0
-11.741068323452504 6.668879417578585 10.7745874881725 0 0 0
-22.75344708386471 -3.333645575187059 11.460176439844117 0 0 0
-9.783365256165823 -6.752171647058219 10.295076729494522 1 0 0
-25.22208074423077 -2.718063070224616 11.183353974273077 0 0 0
-9.675528376321623 -3.221613680927094 12.08874595766439 1 0 0
-9.786551461290943 -6.263250343834531 10.295102010320395 1 0 0
-23.276365970042555 -2.8128053025991484 11.176948993768086 0 0 0
-30.383353505832133 0.8926716042416787 8.708650418690357 1 0 0
-11.78277784044545 -7.325629478151308 6.288417786359887 0 1 0
-13.745400643507951 0.9346634796913245 6.587299403765228 0 0 0
-17.438851735809667 -1.735150287097386 6.264209538698864 0 0 0
-24.25901638092951 5.239774414749508 11.571604900670494 0 0 0
-13.202820672319195 0.350102115944839 6.328932767424351 0 0 0
-9.722836479308016 -5.3784896797605075 9.247158628292096 0 1 0
-10.217715029949646 -1.719179685299336 12.018988099129368 0 0 0
-11.25159479443158 -5.336292116266316 9.702713715403684 0 1 0
-10.023600336666897 -2.7516737862214855 11.224620947963851 1 0 0
-10.202620253841866 -2.660531506818944 5.7624537408557455 0 0 0
-25.275483050978313 -0.8195596883096025 11.337677082386747 0 0 0
-8.679425856645885 -6.866120590882353 11.34642059662647 0 1 0
-11.70885480593561 -5.364677246303014 11.895694497517807 0 0 0
-13.200726329988784 -5.671789356557467 6.207410904256367 0 0 0
-17.424682557953425 -1.7263896257980753 5.765751118985716 0 0 0
-25.209425893324138 -0.22379436390472646 11.290363788610343 0 0 0
-9.76034887261066 -0.7609258425094444 6.765229153915662 0 0 0
-15.240668676963846 -5.2431156030997705 6.416159728705048 0 0 0
-13.74440322659089 -1.7540215302290063 6.564342614305822 0 0 0
-13.20063496983993 0.6895955672533989 6.28595668435477 0 0 0
-24.562637805912498 4.10559630394125 11.477275133149998 0 0 0
-10.7486408548325 -0.25765216488509396 6.742761238719866 0 0 0
-27.381568215113635 -8.310534173791364 9.317965030670456 0 0 0
-12.258883636571543 -2.6805408617546123 4.970334533987671 0 0 0
-12.25907016078253 -6.240922868946594 6.554423687897023 0 0 0
-9.687590602260306 -3.735757277315773 12.058748962089592 0 0 0
-12.604699929566666 -10.880425055825 6.095839977265 0 1 0
-9.830469139144885 -2.2819244573773245 9.75257701988918 1 0 0
-10.217878142606306 -2.14897547300568 11.847333033109706 0 1 0
-9.786942689847246 -3.1543883238088455 11.810245513919227 0 0 0
-11.243782561763043 -2.2384097731630432 9.877385015072823 0 1 0
-9.927187637154617 -2.7032087173170223 9.73897236394525 1 0 0
-12.787366325527138 2.068063263916884 6.3109436801930165 0 0 0
-19.256643029706332 -1.712703671636962 9.796727699569242 0 0 0
-9.744055131250104 -5.386775129097396 11.257887006792975 0 1 0
-29.673891233352176 3.157140006189565 9.838692996812172 1 0 0
-9.692512421462451 -1.7760968570006288 8.276305234624884 1 0 0
-12.266540909224892 0.6791795225112446 6.330300208294162 0 0 0
-24.232215294453844 4.793338445515385 11.5658999223 0 0 0
-12.18583801269 -5.732840394974 11.846699981692002 1 0 0
-23.585333506266668 -2.5884611341699997 10.972311231822223 0 0 0
-11.33781828574037 -10.813857769744033 5.810589252261467 0 1 0
-21.733360055773847 -0.6910539700434002 7.946481513976923 0 0 0
-10.76535946590786 -2.685076076937351 5.177122621781428 0 0 0
-14.719080963913612 6.779070957987822 11.826975524026526 0 0 0
-9.10541313573 5.635210330025965 9.834175059670002 0 0 0
-25.2449322362129 -8.839334149513228 7.621312295236775 0 0 0
-25.244285855971434 -1.275823937995 11.352085726596428 0 0 0
-27.78476505279749 2.8092557549470003 9.853800654411 1 0 0
-12.225428719298224 -2.7595602903174177 5.141618130732738 0 0 0
-9.808188838343547 -6.2879573042668815 9.747619700688283 1 0 0
-10.049876087280985 -2.8065634278430376 11.76929232532791 1 0 0
-11.213199329374673 -1.8655463345845336 11.95409204482933 0 0 0
-16.144668781397577 -2.2233232693239096 4.285994389563123 0 0 0
-11.697557244992854 -10.403157029828574 5.387306417735715 0 1 0
-9.80734954962215 -1.8637417805294607 7.751661276617041 1 0 0
-22.748492629429624 -2.763212972217037 11.52435920855926 0 0 0
-13.185974105893218 -2.360520798846894 6.292522310735654 0 0 0
-18.18474360718045 -0.7740443691439708 6.363154079722354 0 0 0
-10.749549592495315 -5.751920899740497 6.641218402169064 0 0 0
-10.392749261165216 -5.703039860380436 11.825163744499998 0 1 0
-16.82594367526291 0.7393200602752314 6.7437561047789405 0 0 0
-9.62824925215785 -1.2500132365201908 8.612098849261361 1 0 0
-25.06301588761053 4.291067951603159 11.53539486935263 1 0 0
-8.752697494294722 -7.747279829449262 12.129619448271292 0 0 0
-9.880085631904102 -2.7931586213068806 10.72991338607321 1 0 0
-13.203721335025087 -2.6904844062815854 6.241391840173489 0 0 0
-13.734699770122043 0.16416483154873399 6.5834369109228 0 0 0
-19.579280090319997 0.8528555154798999 6.840110969545 0 0 0
-13.263926364160655 -2.1629346323999825 6.577827344955363 0 0 0
-25.205104737057137 5.7893343198857155 11.56128574552857 0 0 0
-8.279659929275459 -1.7570690317950657 12.128967329660673 0 0 0
-21.75632019043 7.374462985992001 11.632579994210001 0 0 0
-12.754772428521385 -3.1829245224355347 6.246840867129417 0 0 0
-13.74906744418819 1.775526928776298 6.629921805514565 0 0 0
-16.225928555015127 1.7820289084889913 6.250576051342858 0 0 0
-18.24769360117265 -1.2442151714355068 6.283303346526737 0 0 0
-9.432890969912176 -1.7909024651844516 7.199470757643448 1 0 0
-27.66475939750938 3.2133037298928127 10.059731334459377 0 0 0
-11.243998057603381 5.2423025490582535 12.041482123774394 0 0 0
-11.287518858540256 -5.266718110063871 6.613485610891084 0 0 0
-11.795844640046427 -10.74903394495 5.310405837637859 0 1 0
-9.647932437749999 -7.142085919013464 7.212302859013077 1 0 0
-12.753075022447364 5.242627476391185 11.946017177488159 0 0 0
-29.359514872229624 5.1994499895307404 9.185669227882407 1 0 0
-11.246826676487862 -2.120464515917525 11.776371395702911 0 1 0
-18.83161203788788 -2.6498815001860607 9.604920242771819 0 0 0
-9.815129605735079 -2.352110858855365 8.279179123358944 1 0 0
-9.77715590079347 -1.841449447663433 7.376754447542882 1 0 0
-29.87548096115135 1.2684829782802702 6.807084044895405 1 0 0
-25.15952657062 4.120717906953333 11.285780016593334 1 0 0
-11.747663772035022 0.19944013333736915 6.6694985585299 0 0 0
-16.77869692081036 1.6933103639906102 6.329106397745121 0 0 0
-12.277000645922291 6.711274918477323 10.778559241326748 0 0 0
-29.24384418754419 4.766501670659999 8.31538333449279 1 0 0
-25.167341061999995 3.7450494383058923 11.216805372928572 1 0 0
-9.719222721300792 -5.2759661624306835 8.243618182131682 0 1 0
-13.243992491484232 1.2489408716491732 6.649847591452663 0 0 0
-12.263393021897341 0.38367283433376753 6.357198062529435 0 0 0
-9.802408500050275 -2.7231510988502534 6.279755642247837 0 0 0
-6.232227316269809 -2.345514444204039 8.445409169564424 0 0 0
-9.474183026331396 -1.2506623319264614 7.074067431544148 1 0 0
-10.240656739775357 0.2533258053410434 6.708122770333189 0 0 0
-12.746868152529151 -0.24358673912743187 6.59096566407977 0 0 0
-12.23868191601411 1.2380654935966318 6.690927666180795 0 0 0
-18.314666708306934 -1.7311672170957644 7.651410500208475 0 0 0
-11.182808847985296 -5.840770847657059 8.363165631014116 0 0 0
-9.553479300604444 -4.4895694785655555 7.74932943450111 0 1 0
-9.803264272780712 -1.9378063832013814 11.734928099315717 1 1 0
-11.25323671102422 -5.3200375623995315 10.156557850539839 0 1 0
-17.45744006578837 -2.226852791253896 6.214797313823255 0 0 0
-9.841404041629739 -2.7504366603367028 7.740978984013846 1 0 0
-12.752132773039264 -4.272412003347054 6.572374236547635 0 0 0
-19.240170192714995 -1.3239169716835 7.276419019699999 0 0 0
-9.665864416993678 -3.206758875905934 10.216675805456427 1 0 0
-42.272869873030004 -14.75266008378 4.68247294426 1 0 0
-11.132526984291278 -4.846027487800081 6.351424251283806 0 0 0
-6.288720856110834 -2.1293320655822914 8.553568919499794 0 0 0
-8.221148500324869 -3.2214647616867627 12.14864417888716 0 0 0
-9.867757263638092 -3.7503221347213107 11.96068687666191 0 0 0
-9.688422384208826 -2.2696574293701124 6.275716176911955 0 0 0
-17.748638273964318 -2.739430615040374 6.330887919860231 0 0 0
-21.687784135346877 -4.452972844243123 9.736829340457811 0 0 0
-16.759563193602943 6.754275353515592 11.75493231941544 0 0 0
-10.272875850606995 -3.661148037100752 6.641400175274641 0 0 0
-11.227536776486026 -5.262506695354777 11.921937521764706 0 0 0
-12.680438992666948 -5.238645937483334 6.553163217285874 0 0 0
-17.253510832786603 1.674523395086965 6.42231266839152 0 0 0
-9.789112687110716 -6.810006503548304 8.725133487156338 0 0 0
-13.240411250340602 -1.7619255137577479 6.58481794952322 0 0 0
-16.673147337207954 0.2823332414787739 5.753510165912974 0 0 0
-18.212248945439914 -2.222557201917253 6.286255973602662 0 0 0
-24.738839939665716 5.216116864340572 11.535571479791429 0 0 0
-16.189913811291547 -1.7223383525430067 4.750363501780622 0 0 0
-9.55194520402265 -4.185413435501189 9.789110731804602 1 0 0
-13.295513701592157 5.7746351653456225 11.900527430515035 0 0 0
-22.86788586208571 -2.655405714398096 11.469523838585715 0 0 0
-10.260117890317446 -2.319630195096978 6.331541899333329 0 0 0
-9.68168692605333 -5.298946053923984 7.724193726444111 0 1 0
-18.712490618231246 -1.2126418799162502 6.583595335483124 0 0 0
-15.287636366772727 1.1428822766645454 6.476434577594546 0 0 0
-17.74016074612008 -2.247271574795684 6.340105072003857 0 0 0
-12.251661300659316 -4.264686588853111 6.593068543381625 0 0 0
-16.88480597027796 1.2444793198067794 7.184691619064659 0 0 0
-11.655359634992305 -5.817057893826539 11.76478657356346 0 1 0
-24.252780877625 4.236421163265001 11.55212314312308 0 0 0
-9.777268407083652 -2.7576352458722213 6.782634664342487 1 0 0
-11.247740677018566 -1.8475681414861689 10.201500018913778 0 0 0
-12.72462597760714 6.306613256405066 10.797093521467529 0 0 0
-9.662112173106978 -3.0713643754523634 7.313722083965931 0 1 0
-9.760151464547466 -6.715618076608507 7.896050880205222 1 0 0
-12.761612515700442 0.678275418255406 6.3148166213119525 0 0 0
-10.042918477744898 -5.391416724847959 11.368808123532654 0 1 0
-11.256535175592122 -5.757465928973486 6.6002629954405245 0 0 0
-9.682044615568964 -6.219081341779035 6.806329045472149 1 0 0
-10.10553257707391 -2.1973397161646373 11.284286222597096 1 1 0
-9.37377874117191 -4.756816518215521 6.739181973552091 0 0 0
-10.244420640199996 -2.1576679725518817 6.695632902991591 0 0 0
-18.211303464101174 -3.2761424653670597 5.850638939353059 0 0 0
-18.232977071870764 -1.755875445679402 6.276090766108208 0 0 0
-10.241697361926859 0.7341806315653912 6.709604690519362 0 0 0
-13.769310160383732 0.68687693496063 6.279822558891422 0 0 0
-17.74488807859602 -1.7390157381693383 6.350453832161852 0 0 0
-14.72782968905154 1.757459248292014 6.585685467964272 0 0 0
-11.765001102793809 -2.7002570364691265 6.229297794862162 0 0 0
-9.67739735842964 -1.7922565689240042 9.797726684092973 1 0 0
-9.62923850250256 -3.6370844726561637 7.7330827407832015 0 1 0
-12.314199924460002 6.046093082427 12.01782989501 0 0 0
-9.682830820628157 -3.0763137244776937 7.74980329408734 0 1 0
-9.63793642093 -5.815317924206924 10.329948645369234 0 1 0
-9.453273731119852 -2.123901626642353 6.964896026779411 0 0 0
-14.298523730839184 -3.755825922661031 6.336628712329742 0 0 0
-12.748615179741066 2.034551915313037 6.630638169390804 0 0 0
-11.750429822595311 -4.750025602994061 6.610459998826379 0 0 0
-8.077277183532917 3.8509762585150003 7.6823338071512515 0 0 0
-9.714075049543885 0.22747214860768727 6.819362795820435 0 0 0
-12.718390291863003 -4.713969979094046 6.563560739105209 0 0 0
-9.796442402734042 -6.8014872700277245 11.271211614510104 0 0 0
-11.750946402358865 -3.7349117547512933 6.629514782432491 0 0 0
-19.232683019436184 -0.7892081213335319 8.173450030333969 0 0 0
-12.252635727108624 0.1944854092621087 6.648991753688915 0 0 0
-25.39147790272778 3.3662594689261116 10.959755579644442 0 0 0
-19.386616329813947 0.8690848600032559 6.891144630521161 0 0 0
-10.156246491839287 5.84167214802393 9.406516143253572 0 0 0
-9.532507753111664 -4.233214777024155 10.231192875427315 1 0 0
-17.188955150999735 -1.28677287265314 4.261609709042798 0 0 0
-12.62322829803774 -5.715747639817829 6.559409537405376 0 0 0
-9.860800290844951 -4.809432668784432 11.963359773774226 0 0 0
-12.36097221903889 -2.3394005497291666 11.371430555966665 0 1 0
-10.234731217506416 -1.7458468456410379 6.746313483129262 0 0 0
-16.755940426601132 0.24546401502564347 6.236384509654828 0 0 0
-12.253731878177584 -4.74067672428317 6.583157270474448 0 0 0
-20.25399621624766 -0.8362692143315326 8.122085758458876 0 0 0
-9.664856212479867 -4.225864470005178 12.051108462465177 0 0 0
-9.395270008651272 -3.186410403935873 7.229211683041831 0 0 0
-9.370247561757072 -5.290149332062114 8.248225134562686 1 0 0
-27.272188928388886 -1.337611662017778 10.9355720414 0 0 0
-9.811835612308249 -2.7512762867409006 7.25441253083719 1 0 0
-9.86129904222928 -6.782871959445314 11.784851314784683 1 0 0
-13.741685426596781 1.244151611219582 6.623930312467371 0 0 0
-9.46849590359333 -5.303441676226464 9.786200003190608 1 0 0
-20.865619850155 -0.62729749679555 7.9645215272900005 0 0 0
-9.467357884699046 -4.260713519762866 9.23556066158452 1 0 0
-9.288246673287864 -8.753307046241646 12.10310390620971 0 0 0
-12.776224244022574 -6.736600491308064 11.786030661674198 1 0 0
-14.29295258729391 0.8591586470604039 6.56837399109552 0 0 0
-7.845217256834849 3.7072480338989395 7.249340295791968 0 0 0
-11.2191122284264 -6.221024409895888 6.60779540937861 0 0 0
-10.250690435882044 -0.7600481635579203 6.755498367212315 0 0 0
-18.427404446068895 1.2464266657825551 6.7074912548066665 0 0 0
-26.674403463094645 -0.27788058987685715 10.591732178410718 0 0 0
-8.686100204098231 -2.190947646500795 12.10500414231142 0 0 0
-16.700246883916257 1.2343463161914832 5.7424955892787555 0 0 0
-11.239660618468584 0.20871717098266374 6.702669652500629 0 0 0
-11.288927332560664 -3.416140933036935 6.675186669031735 0 0 0
-8.665392281173377 -1.802900488113443 12.109259766421426 0 0 0
-10.241464136346467 -3.3084904111317126 6.709496183866975 0 0 0
-10.737572470111985 6.227200605198265 9.750334939557183 0 0 0
-10.34965886111627 -1.8310711937087556 7.735444830935408 1 0 0
-9.796150998065263 5.847003158770132 9.170050382614344 0 0 0
-25.26818078562903 3.3321600114145165 11.193600008558066 1 0 0
-11.765238165855108 -2.3229290104249483 6.312671820042832 0 0 0
-10.741495633457616 -0.7375920277896513 6.73633323265944 0 0 0
-11.737988361946158 9.462008806375383 10.219026822307693 0 0 0
-25.40854841663549 2.768399346259032 10.755583916945161 1 0 0
-32.59401992798401 -1.2657087993623999 10.207999954220002 1 0 0
-15.239705171890314 7.220041164275224 10.699563247923871 0 0 0
-12.239507476715609 5.760016719730232 11.917672846358384 0 0 0
-17.833559334278124 3.796957194805 9.866379410029063 0 0 0
-10.155710109763772 -3.8617370923357988 11.977098561721737 0 0 0
-17.306529198466542 -2.250572550539075 4.754069779584677 0 0 0
-9.781411884500002 -6.838554032414823 10.770037417784174 0 1 0
-12.755433647807308 -2.1220952173560974 6.603914705136857 0 0 0
-19.259465968351055 -0.2405837438307172 9.871515192884253 0 0 0
-12.07409977915 -5.48325240612 11.890600204475 0 1 0
-6.391448208263928 -1.955357138599286 9.391579014914642 0 1 0
-9.8346208200221 -7.272125760520193 11.76947705803707 1 0 0
-9.80953746417502 -2.268095112052155 10.25990691061768 1 0 0
-9.574476420879455 -4.724000137299529 9.770971104502815 1 0 0
-14.150307355105555 -4.335817778551112 6.5113575900042635 0 0 0
-23.63941993713667 -1.2726306597396664 10.761236699423334 1 0 0
-10.344415221612504 -2.6988154391447736 5.2184262077013726 0 0 0
-7.88058790407658 4.715944177225789 6.6811576266039445 0 0 0
-20.26352350762553 -3.3416933810453187 9.771426850177235 0 0 0
-9.448361897469002 -2.179022884368751 10.761662459369996 1 0 0
-18.365375065798748 -0.7372612245381124 6.697375851869374 0 0 0
-12.35251380658276 6.051114509845861 11.811386207048274 0 0 0
-9.843067527997427 -6.189734964087429 11.750502992385144 0 0 0
-9.585086109568573 -3.7422133672583815 9.836071912524565 1 0 0
-9.385447705526447 -2.8446583894754043 10.72864310549478 1 0 0
-6.681287349439414 -2.2605107859071567 9.20844857832961 0 0 0
-23.554368853568747 -0.83515799790625 11.266349971293751 1 0 0
-21.753833413125005 -4.265117496251666 8.749920447668124 1 0 0
-9.821406660613208 -2.285488159266543 6.737394275625852 0 0 0
-32.65141015305263 -1.365123165281579 9.728914913378949 1 0 0
-11.74540309804627 -1.2456687867639993 6.6791273360556795 0 0 0
-11.255013687965752 -6.088874914873837 11.3621082044589 0 1 0
-24.21707393812826 3.21795608168087 11.568493490639133 0 0 0
-12.740914690321388 0.17611981836902538 6.627298773198805 0 0 0
-11.228959973649998 11.261353365580003 6.292212994893002 0 0 0
-25.527544445455558 3.2649522622411116 11.346277872733332 1 0 0
-11.23960403442 -2.1617175865176 11.438479881292 0 1 0
-9.72565684500326 -1.9185953402451028 10.7393516025912 1 0 0
-17.14966964722 0.04725246811284899 6.344788980482001 0 0 0
-11.748695514979545 -2.7548521341904033 5.089248873678655 0 0 0
-6.4457893560798425 -2.043899927820556 9.226887755924045 0 1 0
-10.750606188326904 -4.2476329947545475 6.671168155807386 0 0 0
-15.83667368637895 8.265052092702105 11.180878940373685 0 0 0
-11.22414777909816 -5.827695957001545 11.777811039896322 0 1 0
-11.620635463341937 -6.1094583695932245 11.388767703890323 0 1 0
-20.818946480751794 -2.2755267854244634 9.735582820006877 0 0 0
-23.71903908770652 -1.5961854380104348 11.275869576826086 0 0 0
-31.27270915289546 3.6563231836672725 11.134481776840907 1 0 0
-14.73942278226221 -0.23888503645172804 6.540402905146586 0 0 0
-11.74045755619878 -0.7490025722250527 6.686571949842266 0 0 0
-24.090800341441174 -1.4032994017888234 10.844023536235294 0 0 0
-9.374969440957633 -0.23039508374860523 6.297878730700338 0 0 0
-9.372191507791959 -5.7012647845080435 10.780899028188655 0 1 0
-12.237027786405555 9.407456062457591 10.212337070042592 0 0 0
-19.762593484694627 -7.248967970571075 11.328415091315055 0 0 0
-10.186983806331527 -4.260277022883399 6.457881677441578 0 0 0
-31.636630865238462 -2.177023062337692 8.838114591743848 1 0 0
-28.766845203578576 -1.2738900014340475 10.289533365342857 0 0 0
-10.24893257141201 -7.199930970328633 6.3110006850102325 0 1 0
-12.744029424843314 -1.242255966177756 6.62437329496403 0 0 0
-10.195018370114612 -4.7416576303867854 6.415537700772571 0 0 0
-14.74652480324011 -0.7616440447779548 6.533454931505905 0 0 0
-14.743356329600005 -2.7864143363635008 4.923407154083034 0 0 0
-12.254577766764827 -2.118802799562608 6.621084937638477 0 0 0
-3.746195092493471 -1.2519989743522446 12.40889594019592 0 0 0
-17.680550003069996 5.145832967756999 9.869178009033002 0 0 0
-16.19621415408396 -0.8378557849605186 5.7667337633532085 0 0 0
-9.906834128579346 0.7534216577342587 6.843170233348254 1 0 0
-10.838371771892366 -1.7392384678353445 10.193140488542745 0 0 0
-14.736699968013205 1.9782332046979245 6.250841905484904 0 0 0
-13.762751102449998 6.585356701503977 11.849196596579542 0 0 0
-10.776856434297507 -1.7483864320263482 11.977393352146057 0 0 0
-9.558084019159832 -4.525361343965256 7.733525946987966 0 1 0
-27.201047367519447 2.277960002422222 10.42362509833611 0 0 0
-27.593246459953573 -0.8113646038941785 10.695321355546428 1 0 0
-12.224680401437773 -2.319483057200305 6.307324739668899 0 0 0
-7.657338157944568 3.220588155414782 8.102219187695109 0 0 0
-10.24796284472209 -0.24460362309411088 6.721433976305015 0 0 0
-9.462949536782377 -2.114126239692101 7.127478668043871 1 0 0
-10.75828042375 -5.814202435045451 11.795461726475306 0 1 0
-9.284673895154423 -5.243339422771046 12.13769378208047 0 0 0
-9.970728874206666 5.71855327818 10.196100234977779 0 0 0
-14.23655022122882 0.30763597331879744 6.32956032890342 0 0 0
-11.258039742300685 -3.2027192458714384 6.257013605065343 0 0 0
-9.579950093024959 -1.2018794464305869 8.22922745262156 1 0 0
-20.758870383444073 -0.8493866935624743 8.105520385806775 0 0 0
-11.789605291278946 8.811619005706842 11.886078934915792 0 0 0
-14.71580673742129 1.2459115075935847 6.569926124377139 0 0 0
-10.723884561484553 6.630445504889193 9.623299837112201 0 0 0
-12.787003182795807 -5.713481194469521 6.246185975245699 0 0 0
-13.246989486144138 -3.7493972350643516 6.585965242090931 0 0 0
-14.17674404983945 -2.6675524908472474 6.52233615052826 0 0 0
-9.359619961970962 -5.239410322818902 7.302733485208417 0 1 0
-11.251424558819739 -0.7476453291313446 6.711760657830464 0 0 0
-11.778392351599999 -0.27042267681108234 22.152523334207693 0 0 0
-9.470061441262917 -1.9205931176743751 8.80507848660125 0 0 0
-13.756110674683391 -5.196353158084177 6.128437356515436 0 0 0
-9.762316600202782 -2.842616135319936 11.209085281667088 0 0 0
-17.23169072014786 -0.28894597730998733 5.724910994938141 0 0 0
-19.394488440611113 -1.0212633609755555 8.212408913506668 0 0 0
-14.199125634298142 -1.7828791369627168 6.538594819881176 0 0 0
-17.4575004578 0.782999992371 5.84012985229 0 0 0
-12.080793596090322 5.967933239475808 10.84452263001613 0 0 0
-10.718605480138423 -2.3222888000640802 6.326521716415154 0 0 0
-14.202612938707407 6.2798706337255545 11.878044463968523 0 0 0
-15.80419994535714 1.8558757248376192 5.977697168078096 0 0 0
-10.742778371953468 -3.7602003963624733 6.677362317455196 0 0 0
-26.07750278049444 -0.31667484643143334 11.220102813511113 1 0 0
-9.91168033125961 -2.734661853752457 9.253444918825458 1 0 0
-28.315974143248386 0.7475498395580968 10.231067688241934 0 0 0
-9.34099354253752 -5.183157290253925 6.77864756539607 0 0 0
-11.248426110040059 -0.247836290248582 6.689470453829083 0 0 0
-12.237778546541563 -5.245930650530382 6.57510667228132 0 0 0
-12.206513936593332 -2.70380400599897 5.844988733349212 0 1 0
-9.16444969177 5.47407007217 10.0122003555 0 0 0
-10.215914392201693 -5.218993188297681 6.407379178677461 0 0 0
-9.404247108258158 -4.7699402507978945 7.963026322816316 1 0 0
-14.256245972008587 -4.254492807132042 6.404920740793766 0 0 0
-11.22351154913077 11.746992331276925 6.185165423613464 0 0 0
-19.69144668578333 -1.036453008652 8.253053379059999 0 0 0
-14.345083082877418 -2.6758486263214527 6.2427271566081455 0 0 0
-9.699208396673125 -7.151467451453309 6.733968386054185 0 0 0
-13.264159384847785 -1.246734827044932 6.591055149917911 0 0 0
-23.299186279029307 1.2702553477781036 11.557715514613792 0 0 0
-9.64849746817416 -5.234821210992871 12.038571272748516 1 0 0
-30.21654425726111 1.1354461246055556 9.138351758320557 1 0 0
-9.731942477007003 -2.192270170978403 10.737022039674086 1 0 0
-23.308384675261536 -0.3777639653820385 11.478038421053846 1 0 0
-9.742935451693318 -1.9165861546813068 9.25900357544967 1 1 0
-15.189535731361893 -0.7351096700581385 6.514887705682067 0 0 0
-9.654781520017956 -5.263359942631287 7.308147723214853 0 1 0
-13.246877564325851 0.17070537886424927 6.607390615675127 0 0 0
-31.348552928247067 -1.905404111917647 7.27217057172 1 0 0
-27.738982064374998 -0.7903438955544642 10.36882148470357 1 0 0
-23.244355466630555 -4.3036033312483335 11.394302765530558 0 0 0
-8.739532810517932 6.719740462028966 8.145183749582527 0 0 0
-10.462129441175 -6.305868625640682 5.655958890914545 0 0 0
-21.456819915779995 -1.096855986119 8.110639095305 0 0 0
-23.832543708909853 2.7562715570695775 11.552797129454929 0 0 0
-19.113634855852172 6.698142590730434 11.666799959934785 0 0 0
-14.182750623370593 5.2767747093648225 11.872722345237648 0 0 0
-10.37036118788117 -1.8386708273607055 7.333805347891709 1 0 0
-23.28953576857097 -0.2106219785468255 11.527251581993548 0 0 0
-12.752152744931662 6.746684514151887 10.746443329919448 0 0 0
-21.6696534711279 -1.1068144121827905 8.13474393445465 0 0 0
-31.0903669993 -0.12831066548833334 9.037296295166668 1 0 0
-23.731759488578124 -3.251127026974843 11.347821906203126 0 0 0
-9.693584064706307 -0.24212522548269405 6.782624627016073 0 0 0
-21.203948932222225 -0.29019858343536736 9.729487164815112 0 0 0
-13.246119558220045 -5.194137816381734 6.151641891734404 0 0 0
-23.709765821696863 2.2404976636175005 11.543017193671874 0 0 0
-21.180740004324615 0.23474507866286506 9.790968264066155 0 0 0
-26.23516326791323 2.2209153000044117 10.799764717330888 0 0 0
-29.294206440446864 1.2920456305153125 9.76945996284531 1 0 0
-14.736472680394325 -2.6687402577747936 6.107083885939842 0 0 0
-18.807044029238096 -0.3097885408815166 9.774901583082023 0 0 0
-16.627341046052944 -2.185869406250588 4.2986540934620585 0 0 0
-25.087666829438096 2.2086857386995242 11.541795321866669 0 0 0
-20.28552121022131 0.23620437479531825 9.791156893870655 0 0 0
-20.734904248945075 0.25940329717916194 9.777883113270423 0 0 0
-27.18680518712308 -0.3798389247595129 10.732197394733333 0 0 0
-17.87312011718 3.9393225193025003 9.237497520445999 0 0 0
-9.45137447781111 -5.540863460963333 9.212682300144444 1 0 0
-27.590870094299998 1.7770159959810001 10.540690135959998 0 0 0
-11.248951232142169 -1.7472203380644815 6.695296269576581 0 0 0
-23.891533215833334 -2.2629842162125002 11.276900053025 0 0 0
-9.287780614433206 -3.277711428270463 6.279080888018841 0 0 0
-23.579387426375 -0.12621476687498748 11.55500006675 1 0 0
-6.84098200798 5.154853010179 11.0627699852 0 0 0
-7.069317254154544 5.121865532614546 10.978163632481818 0 0 0
-19.103033065833333 -2.280660072963333 9.470493316653334 0 0 0
-11.756041796889685 -5.747025245553195 6.588712012851448 0 0 0
-43.24575042725 -14.88779973985 4.733775138855 1 0 0
-13.725963050905712 -4.7077058255671185 6.523791493280919 0 0 0
-10.106574157186206 -5.567309478233795 9.340989326609133 0 1 0
-10.722499825813586 -2.6320643208999486 6.235596677567336 0 1 0
-29.295100021360003 3.922735977174 10.05057983398 0 0 0
-29.578800028009088 3.792336377231818 10.074354605236364 1 0 0
-10.2056226115 5.687909526210647 10.22635158415484 0 0 0
-31.289889229677776 -2.6380389001633326 7.729007720947779 1 0 0
-9.452306767727238 -5.205347690176595 10.73231908108298 0 1 0
-23.680030749396153 -1.216186152054615 9.875154311840387 1 0 0
-10.258003125586113 1.2499891886556358 6.700130982531552 0 0 0
-23.7758998871 -2.20865988731 10.4095001221 0 0 0
-15.254566661098242 9.244421574106488 10.74573506806842 0 0 0
-21.798110961905557 -0.22575631303092777 9.202379332648334 1 0 0
-11.322351609504306 -5.764081385827958 9.863458202731183 0 1 0
-14.236101068023636 1.226247046064368 6.588296423481313 0 0 0
-23.64260297351667 -1.232311944166944 10.208366711927779 1 0 0
-9.715842885917462 -3.194804287023709 6.761699908235085 0 0 0
-27.588413492839997 -1.2261539856580004 10.743320020039999 1 0 0
-20.26868613222659 -0.23657705056225423 9.784757390935425 0 0 0
-10.74815867469676 -4.665594114576041 6.641917720068118 0 0 0
-11.243703868234656 -4.25526653605401 6.6465626805808355 0 0 0
-19.41522843495714 -3.8569471154871424 10.735914366585714 0 0 0
-10.73674125244756 -1.2619647964661844 6.730252447295232 0 0 0
-30.264033423533338 0.28135018657977773 8.204212347665557 1 0 0
-9.71812733506779 -7.251828767556812 12.061569880595577 0 0 0
-18.653975667178372 -2.2382564995743244 9.384444829580001 0 0 0
-30.148342677521423 0.20518093968617143 7.765427112579284 1 0 0
-6.250159740448132 -1.9848749367391998 9.566831321716135 0 1 0
-13.227810001375998 2.0632138093313337 6.234930912653801 0 0 0
-14.775341959929568 -3.765110575743774 6.307773290649339 0 0 0
-30.153904481354548 0.8173758279193181 7.7890900048336364 1 0 0
-12.246365180071882 1.7236571904609648 6.701948352158172 0 0 0
-21.849928140634372 -4.540426850319688 10.262287527318751 0 0 0
-16.749671817832404 -2.769643381280084 4.260848725009853 0 0 0
-30.288723590329415 0.20576665950389042 7.245561814775294 1 0 0
-9.697916864573228 -3.078836465864556 8.747937461042097 0 1 0
-14.731523826907521 -4.239314661288997 6.372646066479404 0 0 0
-21.2161782383875 -4.4379152953625 10.729968726631249 0 0 0
-25.219189766125634 0.23128142654416237 11.298079490669231 0 0 0
-25.773191452034784 1.9117873958921738 11.320247733073913 0 0 0
-25.26342426647272 -9.165759693492118 7.683817010937274 0 0 0
-9.708863671370317 -5.742874731228661 6.669115520837875 0 0 0
-21.791521435690477 -4.706121615002142 11.164378529500004 0 0 0
-25.74132234171447 6.7391635806936865 10.758421094798688 0 0 0
-10.720012290661538 -10.361981560635384 6.725378274917616 0 1 0
-27.737080192569998 -7.670458984375 9.27071619034 0 0 0
-10.657837493083923 5.797511092254643 10.22589821475893 0 0 0
-27.27306894156154 7.7168192129876925 10.742515270523077 0 0 0
-12.23992896991966 -1.7478273974089276 6.641974981756289 0 0 0
-20.363037586193748 -9.115205049513749 9.356380522250626 0 0 0
-23.631720097866665 -8.320094045002 9.801882680256664 1 0 0
-21.163375326306156 -1.7926695438527693 9.732363128662767 0 0 0
-23.320239911757138 1.7436694213322859 11.58178007943143 0 0 0
-19.738108299867566 -6.187938071585674 11.409621625318918 0 0 0
-9.1973839180149 -4.417227436515098 10.62837841931569 0 1 0
-22.756980967977356 -8.726597372090755 10.188481096947168 0 0 0
-6.745802005576032 3.7682742433169256 12.425700560629613 0 0 0
-8.26493029064606 4.794189381599721 11.779181109535006 0 0 0
-25.15405797958333 1.8079724907883332 11.523458242408333 0 0 0
-21.766149997713455 -9.344148305746348 10.18026346426923 0 0 0
-9.509967334934917 -5.173973763574918 10.250739379011472 1 0 0
-15.763833303807399 -2.830504262006297 4.870533927281662 0 0 0
-23.878083877567995 -9.717352714538801 9.702324752807598 1 0 0
-26.264103877081812 5.247820142027274 10.799359742693506 0 0 0
-9.763887069702081 6.190995075225522 8.803219047546637 0 0 0
-24.735190237722584 -0.2811903501109613 11.272369338620969 0 0 0
-18.351543971474488 -2.269502046156836 7.7107370337658185 0 0 0
-18.31296700412621 0.7530494002462815 6.391772047987377 0 0 0
-12.11558147712963 -10.904107517674074 5.17536965122963 0 1 0
-8.742769857553691 5.7430044614355396 8.944850642865072 0 0 0
-23.657250057577276 -0.1819980316371591 11.362872773954548 1 0 0
-17.706493466814948 1.6584787858981307 6.385346172011589 0 0 0
-11.601332982366666 9.219739913940002 12.0235001246 0 0 0
-9.197931289672841 6.737420661882948 8.382206439972272 0 0 0
-29.340756915866667 3.7439928622480942 8.101433345249523 1 0 0
-25.205615337080772 7.2767465481396165 10.256684633403845 0 0 0
-10.326106860717243 -6.19598901682931 7.273593458636552 0 0 0
-17.23937123886915 1.5920980864382976 7.163358505736064 0 0 0
-16.177961956160946 -2.261094119749735 4.73531706132082 0 0 0
-9.199573343450364 6.352031066201273 8.442262580178546 0 0 0
-17.263306903020514 1.5900868401567523 6.7564846837624755 0 0 0
-9.551697522401875 6.799614369869687 8.45341628789875 0 0 0
-25.9888000488 1.9902600050000003 9.73486995697 0 0 1
-27.89619167645 0.874306671321333 10.36847094695 1 0 0
-9.417452256522619 -1.69590820202284 6.823184546842517 1 0 0
-29.33019992282857 1.2366542645857144 9.392697061809999 1 0 0
-28.6302799225 2.3757560253139998 10.536400032020001 0 0 0
-10.826659965519998 -2.186104011535818 9.865137100219638 0 1 0
-14.731153488166665 2.013207340239334 6.565508079530002 0 0 0
-21.683159221304546 -3.1288222833118184 7.961980906399998 0 0 0
-11.741272511686956 7.2902183878252185 8.347405088120286 0 0 0
-9.684210169813925 -3.1693461906573575 9.787441311577618 0 1 0
-9.45089426040683 -3.149263501167667 9.1423067251845 0 1 0
-13.782675539041474 -5.701921269362428 6.168197337196414 0 0 0
-10.065567635191893 -2.276851905358379 10.736481047964867 1 0 0
-10.75642182321515 5.227816350532366 12.073600572529704 0 0 0
-9.774474096298396 -7.236025290489399 10.309441022871 1 0 0
-13.746881459720878 -1.2391848708227993 6.573547691698857 0 0 0
-9.65153037192502 -1.2467026091206785 10.249033446257227 1 0 0
-10.243231414032946 -1.264437517808893 6.755180047590114 0 0 0
-24.24462649696316 -9.890939009817368 8.247376793308948 1 0 0
-13.751633343122336 -4.910175200050032 6.313570551838477 0 0 0
-13.20310008525625 -5.161310642957501 5.9145425856125 0 1 0
-13.740916068527863 -3.802601372373621 6.524788735926722 0 0 0
-23.448528426035715 -9.157614299229285 10.371207237257142 1 0 0
-25.7926104466125 0.1753536357428308 11.392160495122917 0 0 0
-18.421727188365292 -1.7602343785865289 8.194623442720333 0 0 0
-21.259836884232435 -2.658697549287116 8.06935177193018 0 0 0
-26.93219975065714 -8.362077304297141 8.595082827977143 0 0 0
-11.746413311375104 0.6695405327820881 6.345393943384451 0 0 0
-26.754209995268322 2.247602172692167 10.42996835708334 0 0 0
-17.255589687823438 -0.7542727198451655 6.403268352150782 0 0 0
-28.513491471608337 0.649668087562 10.168633302049999 1 0 0
-9.755866765975865 5.202075857382402 11.586328387254328 0 0 0
-9.763407281927115 -3.7698186349581655 6.691630103566613 0 0 0
-26.317577644629633 0.7885163128376667 10.791511076461113 0 0 0
-9.923946509758721 -2.757949958865821 10.266126435247665 1 0 0
-14.226763604364619 -1.2431360724511862 6.550969000974353 0 0 0
-21.69873898203049 -2.6909715809475605 8.062422833791219 0 0 0
-4.734040377432981 0.28006572439740535 12.417743866903507 0 0 0
-16.897082525588882 0.8353630484096033 7.128830947573174 0 0 0
-26.74317056992207 0.7108417197184853 10.73479854359853 0 0 0
-10.078211189718825 -1.8999477042872344 10.806611190123533 1 0 0
-4.144180965424001 5.349241924287 12.439580154409999 0 0 0
-9.552411668914296 -3.73034111709017 10.239300393853583 1 0 0
-9.30641481424745 -1.7839432151307921 6.2886273493327325 0 0 0
-9.789261116887092 -7.326506223110267 11.28131194461788 0 1 0
-11.20353333155 9.154013474783335 12.026616414383334 0 0 0
-20.65346993340159 -0.3341566751163334 9.764504084511431 0 0 0
-4.761262273788335 -0.7523708156744666 12.354170678456 0 0 0
-9.4665503025055 -2.902191227675 6.9745607137680015 1 0 0
-9.65444384602941 -5.323099970817976 10.790541883777578 0 1 0
-25.201022755013643 1.2456072758543182 11.361120440745456 0 0 0
-9.77656684160219 -2.181973723769175 11.768949995040261 1 0 0
-9.759474895793945 -1.2531932927429221 6.770865920589903 0 0 0
-19.257567154734208 1.1400502669184216 8.134978796306052 0 0 0
-16.207858391678684 -1.2953135179928574 4.290220332688697 0 0 0
-26.78903071085 2.140729996892778 10.602541711599999 0 0 0
-20.700081719300005 4.105044029377037 9.800005842138148 0 0 0
-16.758078798334044 7.710942562590212 10.699591474325533 0 0 0
-18.650613784786152 0.2862864418671532 9.37788534898031 0 0 0
-11.24355056049607 -1.2546912841162743 6.704668299034825 0 0 0
-16.757273956907646 -1.2104870944938537 4.265273394570001 0 0 0
-7.831521423495508 -4.753534521375919 12.177132645432652 0 0 0
-8.74573972148355 6.175925777804193 8.794467156932905 0 0 0
-19.246317088606254 -1.3229340575637498 9.796218112111873 0 0 0
-10.024099773833333 -6.981244405111111 9.449070082768891 0 1 0
-11.188274306278934 0.7755842524822312 6.690129777899373 0 0 0
-8.804018543788171 -2.7686736515593138 12.192828025817148 0 0 0
-10.741796809824121 -2.126895313486479 6.6665024134382955 0 0 0
-18.79377000723582 -7.2774963805925355 11.601749263586566 0 0 0
-20.76050407718384 -2.6065499878890916 8.096563368132527 0 0 0
-11.251794125176065 6.248649001121491 10.80804576264681 0 0 0
-20.217257645172882 -2.3789747448296614 7.975631358259154 0 0 0
-13.810608085322446 1.9681032628426534 6.213631425585102 0 0 0
-9.762095023538317 6.741301509821868 8.760700493215797 0 0 0
-6.665972398860089 -2.2932546394213396 8.700456074306251 0 0 0
-17.585804757611907 0.6140321691830953 6.724286397298333 0 0 0
-27.258489451691762 0.668784984420353 10.67344830456588 0 0 0
-13.752315305894358 5.782482420244194 11.880766899350805 0 0 0
-27.345207901 1.2005716085432 10.350163993832 0 0 0
-18.62046229839375 -0.6008019335567502 6.91298684477875 0 0 0
-19.849620739625 8.66569459438375 11.779466708495834 0 0 0
-20.76461450257708 -2.3655160417158334 7.960944165786252 0 0 0
-27.75008668899166 1.2928783357140003 10.374413299559999 0 0 0
-10.194442157854384 -5.28349895644626 11.843302330778364 0 1 0
-13.244585768956732 -6.216664889942434 4.789816551208109 0 0 0
-15.686237876475674 9.135954341373514 8.739622244963243 0 0 0
-9.434086177660541 -5.675552730975 11.738231524179344 0 1 0
-9.776278308598071 -1.694805434356458 6.7280402731812385 0 0 0
-9.630718069672168 -1.7468971351561586 10.245428654758689 1 0 0
-8.716279442245538 -6.170137295851621 12.1625878230973 0 0 0
-13.674098895145052 2.046568461826593 6.162633717715054 0 0 0
-15.756873877152172 9.282107850780001 10.257980491797824 0 0 0
-9.513896597913192 -4.7373571452305345 10.280950879205324 1 0 0
-17.253441963485503 6.7476830264081675 11.727699243380156 0 0 0
-9.286044984416574 -3.253537042969401 12.189446338769095 0 0 0
-25.205366651216664 0.6941056462625208 11.29498751958125 0 0 0
-12.74963858746851 0.9548670400784643 6.631501010083778 0 0 0
-8.473587799072 -6.90020389557 11.74578018188 1 0 0
-10.21120653982174 7.169823055681523 8.832836980404347 0 0 0
-12.799918500997368 7.421873933390792 9.723983965422367 0 0 0
-31.296277860324388 2.7592604858117062 11.156736559990245 1 0 0
-19.28175516270895 0.917490986745761 8.191787008029106 0 0 0
-26.18134152339384 0.682517104882446 11.117215405973843 1 0 0
-25.768626549661757 -9.660085285410881 8.359607612385 0 0 0
-9.80979874078902 -1.9597499247996395 11.256257348930855 0 1 0
-8.941335201265 -0.05180385087928333 6.283589919410001 0 0 0
-13.739074031590935 -2.2329913715963574 6.559234872430374 0 0 0
-10.636403993623565 -6.263039238151436 6.273371471755627 0 0 0
-6.597730781934007 -2.1531906879111307 9.725614626113465 0 1 0
-31.534300122971427 3.13138287408 11.088314328885714 1 0 0
-14.261964759048972 -0.1839221108048683 6.475033623831787 0 0 0
-9.537505626678499 -7.540419006347001 6.1415504932410006 0 0 0
-10.316671159526665 -10.316873317297778 6.6842093149828905 0 0 0
-14.679279587486365 -2.0613361542879542 6.524121837182502 0 0 0
-31.420759963979997 2.7964180469540003 10.92019996642 1 0 0
-21.677941378423526 -0.37545182249117653 8.797225839950588 1 0 0
-11.571419906620001 -1.9629013538366664 9.881442006428667 1 0 0
-11.674702946502965 5.2574669299742585 12.023706927154459 0 0 0
-15.231450959739213 9.095023286109216 8.66904965569 0 0 0
-27.22491950988 0.6591368079184 11.03705978394 0 0 0
-10.232544886762819 -10.164693612321797 6.359723451810258 0 1 0
-9.708472854922421 -4.727981233115086 6.686185779957015 0 0 0
-25.14740413168261 -3.727800846099565 11.3109391254 0 0 0
-17.647545928954 1.305571992398 7.1849290180208 0 0 0
-12.719827748144535 5.743323618624033 11.938305061410077 0 0 0
-9.442413071133116 -4.244513576393808 8.713405722813715 1 0 0
-21.22216772263226 0.9419172213922903 8.14249749337387 0 0 0
-9.68259979063461 -1.2503838436577697 9.856636758773591 1 0 0
-29.419376191638094 2.256374767848571 8.395929518200475 1 0 0
-9.745682471990579 -4.237559302151253 6.676429073512615 0 0 0
-29.80950362341429 2.8329899907107143 8.26863288879393 1 0 0
-8.225561958469932 -2.7460657129549984 12.167342691114829 0 0 0
-6.260666703068837 4.700965581937674 12.409837234855814 0 0 0
-10.245146646088957 5.210381010558468 11.669147280832519 0 0 0
-24.714321272714283 -4.119912147522142 11.378264154721426 0 0 0
-21.243625044824995 -4.748565912246875 11.10305315255 0 0 0
-9.690465475650427 -3.1963561227981914 6.321561869154786 0 0 0
-27.934820556659997 7.620769977572 9.388988113402002 1 0 0
-9.274576977160297 -0.7697789020087165 12.121267465445563 0 0 0
-11.337015855366971 0.42690382609187755 6.39160088500281 0 0 0
-8.788017241422809 -5.737277350150083 12.161731381064465 0 0 0
-25.776678334117392 0.840313875156826 11.562239149343474 0 0 0
-10.199245586733324 -4.726820114760116 8.362866674947488 0 0 0
-12.242657211933373 -0.7453074234306338 6.6617418362076055 0 0 0
-10.617468714703124 -2.824799984693437 6.617453783751563 0 0 0
-13.247058375675005 0.9533423001567586 6.628799076875081 0 0 0
-10.142694692358107 -7.1791684691964885 9.238526705148788 0 1 0
-24.775924968711664 0.22752705107175836 11.293266646066664 0 0 0
-10.68969556498817 -5.274955669647142 6.687656790165123 0 0 0
-11.32367031661852 9.295544871577407 11.835707417237037 0 0 0
-15.169156646728332 -1.134902505079833 6.5185074885685 0 0 0
-14.295046406868295 0.18186394808777862 6.556000178715356 0 0 0
-9.492002586884816 -1.3272933667360456 8.058776109868683 1 0 0
-9.610790722807042 -5.807435337926478 10.76466478427887 0 1 0
-21.236724890205775 -4.612143039703847 10.906617274651921 0 0 0
-10.614443461101455 -1.697246085042464 12.01019859313913 0 0 0
-15.753879024133873 9.27709844035468 9.762296768927097 0 0 0
-10.751432563615184 1.243925724760554 6.76493839625893 0 0 0
-16.302239891297738 -0.7760228562236137 6.380699412186524 0 0 0
-23.67676365015151 0.31762743504208174 11.54358485250303 0 0 0
-18.456532703749094 -0.27393355587167106 8.175198346917634 0 0 0
-10.550573162912196 -1.8583614593597564 9.71294458901024 0 1 0
-20.810588348739532 -4.728569274725117 11.074455793518602 0 0 0
-17.248531239372323 7.267590441874288 11.721956287114281 0 0 0
-7.7899362094822235 4.731682300568176 12.26586746791508 0 0 0
-11.738490526795088 -2.1334394149223512 6.634378664263364 0 0 0
-9.85115691872894 0.7695392604734056 6.312172141231682 0 0 0
-8.743902981629304 4.689648667274095 12.227171312298823 0 0 0
-9.438705571491557 -1.772028891245778 10.575280062348888 1 0 0
-7.272344456778704 4.356873335661851 12.306609242050001 0 0 0
-9.415646297175854 -4.267435376236827 10.34977070877805 0 1 0
-18.70364182995161 0.8405713240305911 8.249163976279892 0 0 0
-10.184766308122281 -2.7585892444072817 6.681308873321684 0 0 0
-16.653274696995194 1.2083475302498794 5.289235732641144 0 0 0
-27.813367637432428 3.1977448527872974 9.799221992492704 1 0 0
-17.395943937247356 -1.7300877194656141 5.247635370109122 0 0 0
-6.443010240792966 -2.047990869730938 9.650858320295468 0 1 0
-18.701309487629732 1.1938258071199994 8.16825101182243 0 0 0
-19.288922786704546 -4.728327946228638 11.1913204193 0 0 0
-12.757185463565941 0.3850955044152877 6.347107339569755 0 0 0
-18.447952508924995 1.2569635063402504 8.109150195121998 0 0 0
-11.803316805088889 7.667332251865556 11.163299825455553 0 0 0
-11.59751981098667 6.935286617278667 8.584803390504 0 0 0
-15.756248816321763 1.8080291109927056 6.197046063927764 0 0 0
-17.191800456627938 -2.2946983544525055 4.223171951093603 0 0 0
-13.9089002609 8.97776985168 10.5607995987 0 0 0
-18.162636202438364 -5.677022823067677 5.782909676086045 0 0 0
-24.266400165244264 -3.7219305077539353 11.304496686965573 0 0 0
-26.66870013873333 7.271008789540001 8.773451685906249 0 0 0
-12.745162818504639 -2.7019985658193058 6.252663931725422 0 0 0
-26.253772125248002 -9.245777626036801 8.552196006774402 0 0 0
-15.788955550732224 -2.7597755458613333 5.769830115637001 0 0 0
-13.098249991741667 -5.472759962081667 6.5250391562775 0 0 0
-9.83944728539415 -6.917613380360186 9.248182500683273 0 1 0
-11.22378217763103 -2.658440054147874 5.870522411390286 0 1 0
-16.67152360428295 0.7458894855754222 4.883526851964843 0 0 0
-9.837807485035503 -2.2967333593287607 9.253213469721763 1 0 0
-16.19885275337247 -0.8235610502489157 5.237061859516181 0 0 0
-15.243886917020248 -5.657920112139113 6.218536452305144 0 1 0
-15.166845900108195 -2.672861306393279 6.069076217589671 0 0 0
-6.585229140455919 -2.2268338639252154 10.257904821826344 0 1 0
-10.750824437741667 2.094002505143451 6.7405906066126695 0 0 0
-17.229863669660002 1.7783343705260002 5.943669821999276 0 0 0
-6.275176586526214 4.205653407357121 12.437965118529547 0 0 0
-20.5993891822 -8.811266793145556 9.480421066286668 0 0 0
-8.774604919794662 -3.737369116899392 12.18854256578648 0 0 0
-19.455349922183334 -7.153760035831667 11.476433277149999 0 0 0
-19.187146684397813 -7.227128780406197 11.568075024565216 0 0 0
-18.52928455060769 -7.72577073024077 10.726046122053846 0 0 0
-9.665141105651662 -4.71199457196239 12.040071017500722 0 0 0
-9.24214401650915 7.165239790652766 8.36841000901915 0 0 0
-26.188714436128574 -9.362078802925714 8.230681283134286 0 0 0
-9.658583514661206 -6.268137966293615 12.096515598066267 0 0 0
-9.69985059535886 -6.746256586277273 12.071012858190912 0 0 0
-9.683173480449868 -3.7865208651395292 8.417713472507051 0 0 0
-20.78815092607091 2.7222718108787274 8.079757673090182 0 0 0
-9.229988922792064 4.831798519807764 11.657095286428827 0 0 0
-10.765978583805063 9.378795925574934 8.749414528472528 0 0 0
-10.602403520704899 -4.360376424722656 11.941782524532865 1 0 0
-6.465375082246292 -2.1683075016942244 10.29838279197586 0 1 0
-6.703258823840957 4.228657636236808 12.400945724328723 0 0 0
-18.5972003937 -1.00687003136 7.05495977402 0 0 0
-5.212473750114999 5.09647187590625 12.380762517449998 0 0 0
-8.74591517146608 -3.247662787196327 12.160817067831012 0 0 0
-10.041962193276833 -2.8114009659460963 12.04413172094268 1 0 0
-8.254497249921458 -4.7698663671812485 12.06406145294062 0 0 0
-9.751946570826272 -6.218631562064901 8.720552584704214 0 0 0
-9.427872328324273 -4.75412536100882 8.618453008478903 1 0 0
-16.137781500825 10.23116892576875 7.798646897078751 0 0 0
-13.317203495547453 -4.164057011697803 6.39537987802573 0 0 0
-11.177831361461628 -4.844595581985697 11.926469825032557 0 0 0
-17.9722003937 -0.396622002125 7.09068012238 0 0 0
-9.391078653789526 -4.745032000163492 8.221733766888889 1 0 0
-26.745221138002634 2.6852289563739475 10.15158685884474 0 0 0
-12.295086902286107 -3.2162055562413885 6.217176314384168 0 0 0
-24.712433815004832 -9.72355468811581 7.807039999192904 1 0 0
-18.286721677663856 -3.230746375509036 6.6153869858708445 0 0 0
-9.859744428040171 -2.752348792243377 8.260031042161069 1 0 0
-10.404273250309902 -4.667712277705347 6.609502957598908 0 0 0
-17.447869883291947 -2.726248726748925 6.224613733739802 0 0 0
-8.823025250434755 -1.2042675390840423 12.099774595102081 0 0 0
-9.301636498003855 -3.74527203393672 12.166885083145651 0 0 0
-11.746829390526052 1.7172167945495267 6.72804137518722 0 0 0
-9.754049563568188 2.2561071751104023 12.26445166697047 0 0 0
-9.703981764944045 -3.0707239803517066 8.24999273802091 0 1 0
-16.227893512141247 -1.2745845570163927 4.738177905072376 0 0 0
-9.731961712855254 -1.7658006930617782 12.083612174128465 0 0 0
-8.759644355217299 -4.7486582185234285 12.132096311475921 0 0 0
-9.788889239906787 -1.2243357923809715 12.093858894794181 0 0 0
-9.39995452799647 -5.33015731852119 8.728606877428039 1 1 0
-9.754972457885861 -4.2712350790617215 8.474194667378567 0 0 0
-14.302932527331624 6.698321550320426 11.829505121603416 0 0 0
-28.249239969255008 -2.3863127291200006 11.219607520097501 0 0 0
-9.376579580636378 -4.276511027895 7.078500525704483 1 0 0
-2.7155049860482494 -0.744655995071 12.452702522282504 0 0 0
-17.752741266069034 -0.37673761801369676 6.348967426054131 0 0 0
-24.73974548686591 -9.297999468716363 7.775679306551362 0 0 0
-24.122842516185717 -7.256517205921428 9.909560067314285 0 0 0
-17.28363278489165 -2.7489305578918843 4.7441042097529165 0 0 0
-8.238049644196167 4.290964623411616 12.281137106657491 0 0 0
-24.447149912483336 -6.63120508194 10.228883266433334 0 0 0
-10.154216928301887 -7.215041322527923 8.75357780816453 0 1 0
-17.338800430299997 0.6448636651036667 6.455776691433333 0 0 0
-8.722510337830313 5.646821886301563 10.331709295509373 0 0 0
-10.765632861229552 -5.17266536812729 6.342927508591462 0 0 0
-11.763421894260949 -3.403470661526856 6.6647500855584765 0 0 0
-10.287517170724746 -1.771287833292611 8.362572083358458 0 1 0
-11.741804360889837 -1.752232771105419 6.6699816393444165 0 0 0
-25.79009313361395 -2.2373283685644187 11.323134865869767 1 0 0
-8.811284867008055 -4.318017259107788 12.138532722947788 0 0 0
-16.05054410298889 10.793433295344444 6.404318862489999 0 0 0
-9.426731254880666 -3.176212654208476 8.24012262142232 1 0 0
-9.255860561946976 0.23197270153952643 6.271183905842158 0 0 0
-9.256730808441047 -4.289661794770917 12.153003047130559 0 0 0
-10.642460748164394 -1.7579802624217802 8.360857698929582 0 0 0
-17.415300369260002 0.06822755858318 5.8835320472740005 0 0 0
-8.278937446065544 -2.2395993370607514 12.158149391768372 1 0 0
-24.74439839847704 -2.7520644234824583 11.039983577418031 0 0 0
-4.2231283268010085 -0.1965871279307891 12.44105129081848 0 0 0
-9.387336100180704 -4.296014072388346 8.220618728578028 0 0 0
-8.765841895883861 -5.233254616910833 12.13826894037803 0 0 0
-9.694093530097804 -2.2356001614185117 12.128914048161796 1 0 0
-11.624425172775 3.79447007179 12.059974908825 0 0 0
-9.47097826004 -3.0773066679650003 9.646858374276666 0 1 0
-6.6550018137154545 10.6404909654 9.12699101188091 0 0 0
-9.413786707045317 -2.8608074701279746 11.739592419392409 0 1 0
-16.684889363307846 0.7395900300904272 5.7575375631742745 0 0 0
-13.254429888369552 -4.895813123503582 6.233236076582899 0 0 0
0.26775389183630505 4.32865168684627 12.760883072679665 0 0 0
-9.751681247679073 -4.763125451672941 8.455707702315715 0 0 0
-9.220239715397042 -2.737660660989907 12.215956795383565 0 0 0
-19.771157667371106 -0.6409239782227112 9.910408125983109 0 0 0
-27.709739236270586 -1.7899835320084316 11.327729412154902 1 0 0
-21.234405588226856 -4.375951374018056 9.196506102880186 0 0 0
-20.747252950124526 -3.756388506799623 9.728136080616038 0 0 0
-18.308280538631482 0.24903143013947096 6.4028184281455545 0 0 0
-10.373681702539264 -1.8434068020722514 9.25483359591492 0 1 0
-7.789307784108059 -4.2750302796225235 12.192023314318448 0 0 0
-9.81077200467525 -6.225714769519509 9.24361214872295 0 1 0
-27.16965332031999 -2.155843337376667 11.40507335662 0 0 0
-8.23366602938234 -0.7450689102740956 12.248027659475532 0 0 0
-9.258129173670406 5.249765239617845 11.561889232732302 0 0 0
-11.23600140403327 -2.134236912784926 6.643719899715665 0 0 0
-7.731010413560492 -3.7260653288639336 12.200678669040988 0 0 0
-9.745656558445525 -6.145620591299906 10.751018097283806 0 1 0
-16.27271150287474 7.177174211803053 11.785432644890525 0 0 0
-9.955194571922416 -4.725556122845605 6.442515332123274 1 0 0
-9.784102843789258 -2.372659957175333 7.305212514540943 1 0 0
-6.2361655104051446 3.7719466992472492 12.439376144236249 0 0 0
-20.659394816357892 -0.7246713136371579 9.791799444899999 0 0 0
-13.18925005198125 -5.526488155126875 6.511469900608125 0 0 0
-18.778603417539454 -0.6985396669835441 8.198622301322112 0 0 0
-8.755337261859816 5.215830432044197 11.619585731880864 0 0 0
-11.231423323022113 1.2531893847776407 6.744975716435144 0 0 0
-27.23282819985938 -1.776630628855 11.248499959706251 0 0 0
-11.245136008764478 -3.7568633157136655 6.654406015488575 0 0 0
-17.148956877360682 -2.72452808217417 4.236617009221565 0 0 0
-14.707125811423559 -1.2057747733207407 6.524054957974387 0 0 0
-9.38274611126341 8.758370724591138 8.861717029052496 0 0 0
-13.052324891075003 -11.0744624137625 5.9074500799175 0 1 0
-9.619294091929655 -6.744753738071567 6.303960422847479 0 0 0
-10.335828508671428 11.258471488942856 5.944975716727143 0 0 0
-9.732329119806689 -6.751617905288428 6.7300365824363535 0 0 0
-9.912478408813598 -2.4808152008044004 5.7066328430184 1 1 0
-9.763014870305804 -7.197709352739192 9.734442710876614 0 0 0
-15.328124710685392 1.8492667407132584 6.223543702886405 0 0 0
-8.923550097611825 -1.11651905783781 11.969654020602924 1 0 0
-7.731461429595879 -2.72759137451675 12.253288108111875 0 0 0
-16.15363861601916 -2.696933021516111 4.705660312263888 0 0 0
-4.19378051004921 5.293976833947106 12.566960535547366 0 0 0
1.7843853877138467 4.427924633026153 12.784653883707692 0 0 0
-10.80964773350909 -10.883495525877274 5.816476610573867 0 1 0
-21.791873232516668 -4.157506990433332 8.352170785267333 1 0 0
-16.24387905053859 6.72639414302044 11.7747964691693 0 0 0
-9.431520682495949 -3.1892745179014583 7.7570685919230105 1 0 0
-19.13253002167 -5.315917968751999 11.646809864049999 0 0 0
-13.788033720735068 -2.721042973654286 5.791975337190127 0 1 0
-13.243302762673673 -0.26790431004130527 6.569290213307689 0 0 0
-13.247802619154655 1.7389652064297034 6.657095577637138 0 0 0
-7.758214520581044 -3.264111506456418 12.25254278238266 0 0 0
-23.698629661848145 -1.5746777808214814 10.296288914144444 0 0 0
-12.713446408816042 -2.7676531715198274 5.127505831344095 0 0 0
-25.71822403417273 7.117541183123635 8.740793921730909 0 0 0
-10.375191169529929 -6.337371686688908 5.167324432710614 0 0 0
-29.12381649018333 -0.8883998394015 10.282899856566667 0 0 0
-9.772555562811831 -2.3643015564328187 7.742186759559295 1 0 0
-10.243239410443978 1.7736354449479363 6.783085522638819 0 0 0
-27.195516665779163 -1.735982502499166 10.89036659399583 0 0 0
-25.182644526162957 10.18327783655926 10.230585168907409 0 0 0
1.792795995303143 4.712858581543142 12.716465759274291 0 0 0
-10.725040532537683 -5.349488209986956 8.38497377478551 0 1 0
-23.8833999633625 9.281063795087501 10.126412391675 0 0 0
-18.13980863405326 -7.207355965738698 5.743768241094673 0 0 0
-9.439769923685624 7.8171518445018755 8.717877626419375 0 0 0
-28.27096379056383 -1.7764300158689368 10.282719186008505 0 0 0
-28.881608826778574 -6.260936626366251 9.239717875208212 1 0 0
-21.057763149863156 -3.1410457962426315 9.756497332925264 0 0 0
-23.255930827219235 0.26965885174186 11.528773014365386 0 0 0
-29.141671498619047 5.32409813290619 7.784982386089048 1 0 0
-19.67284231919231 9.199953886179232 11.140499995307692 0 0 0
-24.3547372818 8.217256963253126 10.2929875254625 1 0 0
-18.2247455481303 7.847994573188182 11.299487807542425 0 0 0
-28.92228746414465 -6.734801624503035 9.212668214525536 1 0 0
-28.346333440139997 8.789739481609333 10.348953437813334 1 0 0
-8.335949099341162 -6.765825249427792 12.181281378098836 0 0 0
-18.413452802387145 -0.2571356181387444 7.250147696904 0 0 0
-7.335618257522559 -3.7387651260509314 12.20474537028605 0 0 0
-26.196395015719997 -1.2112079918375003 11.165850067140001 1 0 0
-8.586444318295 -6.745008736848124 12.1621313095125 0 0 0
-24.38198257894706 8.26005941278706 10.7731998668 1 0 0
-24.237999979651114 -4.2636589050293345 11.394153298268886 0 0 0
-9.389943571374237 -3.249135053984208 6.797504284594336 0 0 0
-8.213265533178454 -4.25050268710486 12.119421139566903 0 0 0
-23.349141982290323 -1.2689885554779032 11.425382229591936 0 0 0
-11.112994711026843 -5.171307834826208 6.346526211186525 0 0 0
-24.835895621256515 7.319420462069566 10.163534744926086 1 0 0
-28.272811126706664 5.81652057965611 8.765688323973777 0 0 0
-9.69878410821838 -3.0905875320961247 9.248686754656424 0 1 0
-27.902125358575 5.76896250248 8.956607341765 0 0 0
-11.815572135060753 -3.330774427968734 6.258412759515442 0 0 0
-13.732147307010809 2.0199431019864873 6.597515267295136 0 0 0
-28.22554175059167 8.277456601460834 10.601333300266665 1 0 0
-8.710010102454682 6.369384694606702 8.251914257699466 0 0 0
-21.6427454515 -3.827904083511818 8.64592990008409 1 0 0
-17.28224750912198 -1.3284484335124658 4.738392560471303 0 0 0
-8.936562589977164 -0.7375568842542318 11.98172751716811 0 0 0
-14.753811042017984 0.23397540653855178 6.551370449246558 0 0 0
-24.2605375289975 -4.744871997832751 11.306689953802499 0 0 0
-26.776956024163997 -1.132105994224 11.08616802216 0 0 0
-26.04022216797778 -0.6965035531256666 11.525266541355556 1 0 0
-23.805561986468966 -9.253804141077586 9.78674342714483 1 0 0
-25.763714678150002 -0.6755138530450293 11.546335360582352 0 0 0
-28.19945456764091 7.689589543775909 10.55385914715 0 0 0
-16.090821851199163 -7.617143029926468 5.29046285853706 0 1 0
-23.741699882169566 -8.798800385516088 10.092804369726085 0 0 0
-10.74848334027956 0.7428318912789406 6.753611666636107 0 0 0
-29.381029577811763 4.7948241233823525 8.58185762517647 1 0 0
-13.206297035213003 6.384864816665099 10.801764965056998 0 0 0
-0.2528243853670952 5.254490002340869 12.773047903304347 0 0 0
-23.340270916620838 2.329054574171667 11.557004173591666 0 0 0
-28.43918323516667 7.6828400294 10.461149851466667 1 0 0
-8.736623588873474 -6.266755512782346 11.658286746673467 0 1 0
-15.258432180033333 7.137669864742068 11.777244852877013 0 0 0
-9.37231819890453 -3.7544122426770627 6.74866783898359 0 0 0
-23.68683482325116 1.2100469816560468 11.56336748877442 0 0 0
-21.55267800223334 2.790426678127778 8.138638708326669 0 0 0
-15.92958763853836 -2.1466461665008216 4.2010756126821915 0 0 0
-9.250428623623147 -2.2416549230379377 12.226597592945632 0 0 0
-3.7777554342308477 -0.22583997540053213 12.468089831074575 0 0 0
-8.803438338022065 5.436291278354444 10.72013014839048 0 0 0
-23.56502009799999 -1.195264860561714 11.302891458782854 1 0 0
-15.248555344807684 -2.822945235325692 5.204721854282769 0 1 0
-24.218104031612242 -3.2556677497161215 11.252636831630609 0 0 0
-6.617054358125624 -2.630470618605 8.464619964360939 0 0 0
-23.197861035661113 -0.8197125560708334 11.53935548995 0 0 0
-6.869802776648675 -2.2149406136302052 12.201145882507143 0 0 0
-29.21729653457586 -1.3027979382158623 10.269089665913794 0 0 0
-13.273186188378451 -2.7249494428794483 4.94614878280398 0 0 0
-26.267392839707146 7.175768562725715 10.700807094582144 0 0 0
-28.712756974353567 -1.7568217899117857 10.313878604339283 0 0 0
-9.38494093846599 -5.273775489648851 7.74655144774963 0 1 0
-27.762354135520837 7.38872917493125 10.790779193241669 0 0 0
-28.21608870883774 7.210034532366792 10.680096248407548 1 0 0
-10.811330620114282 -10.414781648293875 6.333007559484285 0 1 0
-11.237339300987182 1.7067515411948089 6.745931521440206 0 0 0
-27.242782592765224 7.2471647677208715 10.769091191495653 0 0 0
-24.634805361433337 -4.794342703289444 11.123861206905554 0 0 0
-21.11291144445 -2.695900376026154 9.729551938864232 0 0 0
-20.748047456903382 -2.783216783555593 9.725687980652033 0 0 0
-24.20101577585 -1.7124304554677279 11.418647722759088 0 0 0
-9.696293631645347 -5.32668451087127 9.664096956383494 0 1 0
-10.7404104379489 -4.739982041683683 11.94305877371154 0 0 0
-6.734514788577435 -1.266105589898421 12.300413156809215 0 0 0
-26.74939364194375 7.206129968167185 10.756312489506248 0 0 0
-15.216348033687504 1.7053275945092303 6.557782801297693 0 0 0
-23.259495949261222 3.2320469447548974 11.591624435112248 0 0 0
-28.150354766860005 6.7081335306175 10.728230094905005 1 0 0
-16.736298333729145 -0.7703973268041459 6.428059993200629 0 0 0
-9.489035288492081 -4.7283929189050005 10.263535459829166 1 0 0
-10.362796343292663 -1.1843585308654214 11.788488265798902 1 0 0
-24.751967702592854 6.760348933083215 10.88566776685357 0 0 0
-23.661144848524142 2.71915034590069 11.44518960755517 0 0 0
-28.5081996918 6.8328499794 10.6484003067 1 0 0
-22.855441570291664 -1.9050533374149998 11.473641475058331 0 0 0
-15.13938526618077 -1.6904103213398725 6.196788139832115 0 0 0
-11.134624987850003 -4.844916597009061 10.15800297260625 0 0 0
-17.74102146799928 -0.7536418865366472 6.374704945959927 0 0 0
-16.662364376578353 -0.19509084865000162 5.763869622710381 0 0 0
-27.0868712834 6.407048565998571 10.8369001661 0 0 0
-9.633974418365897 -3.1730116631487775 11.19304965725612 1 0 0
-21.21462846484 -2.188576718739714 9.758848040443715 0 0 0
-11.743869990490206 -6.237247083542341 6.60081581967938 0 0 0
-12.137895895510207 -11.17635300695102 5.130367979710407 0 0 0
-16.687358754474666 1.1162608035409336 4.894628658294533 0 0 0
-30.21590224372443 6.261823156145112 10.282591120411112 1 0 0
-19.732722199988885 -1.3358954323667902 9.799388885497779 0 0 0
-11.750103274543957 6.25866616165247 10.79860827163077 0 0 0
-19.242033333606894 0.24258261403044892 9.847895392056321 0 0 0
-26.23002499341249 5.806077212095311 10.870446890587498 0 0 0
-26.76294484631034 5.102399349212069 10.43039302167931 0 0 0
-14.647910214846368 6.907317942466956 10.737398617510145 0 0 0
-10.337032429011629 -5.180112805477208 8.418318859366282 0 0 0
-21.475599288933335 -3.30118997892 7.976849873863333 0 0 0
-31.306065632753846 1.2985115372226923 11.311984612388462 0 0 0
-26.706066513059998 4.9272032419839995 10.545953305566666 0 0 0
-11.325563736683222 0.6570227258610148 6.3883791429689705 0 0 0
-20.747679289645582 -1.3097024980720589 9.719185310251769 0 0 0
-24.72753139570784 -3.7053099894049004 11.290143125201956 0 0 0
-11.748191237286333 -4.250301935767213 6.620570508954347 0 0 0
-17.418465098108257 -2.228159819173945 5.266200546824224 0 0 0
-20.670024304772976 1.0960697322278377 8.115588600572162 0 0 0
-24.25272388189295 2.7913252064880294 11.5760493077 0 0 0
-28.733028575351437 3.6413988590245716 9.672400529044857 0 0 0
-28.88158750535 3.5653087496775004 9.46300113201 1 0 0
-11.294806645706666 -10.21444670359467 6.613883330027069 0 0 0
-26.1161994934 4.08552980423 10.5102996826 0 0 0
-21.896358013158334 -0.11803043439674998 8.099821647007499 0 0 0
-29.59685767324736 3.661132586629999 9.91921841470737 1 0 0
-26.191163940436002 3.6763916110991994 10.235032081604 1 0 0
-26.22177739577273 3.2950683886352277 10.130206758327276 1 0 0
-9.370596657581439 -4.243093620943301 6.7421720565590775 0 0 0
-7.2519354257826665 -0.7620327925070713 12.287151791497434 0 0 0
-12.735360542294407 -2.3400595429737883 6.292122910817544 0 0 0
-12.241352962848742 -7.3384141080518095 6.276057616001553 0 1 0
-15.733165698268664 -3.4342252354123888 6.0461965745947746 0 0 0
-11.75028197383392 -5.246228348124908 6.597378386047613 0 0 0
-17.58869981765833 9.322755893072502 10.387858311341668 0 0 0
-10.233703847793445 -1.7329580321337696 8.699795863667163 0 0 0
-26.222218129168652 -0.7393159848540599 11.238876143498507 1 0 0
-16.293883442878126 -1.752935750410126 5.250986155867561 0 0 0
-10.160775025675 -2.480427463849167 5.961603283883334 0 1 0
-14.238446864680855 9.152923604275319 8.705768504041705 0 0 0
-25.667584800725002 7.137122511863001 10.640384960165 0 0 0
-16.660572045164177 -1.7578130101645875 5.358424807107833 0 0 0
-15.951983292900001 -2.3175899783775002 5.401070833205833 1 0 0
-20.230184021 -0.63709085941314 9.8566356086732 0 0 0
-10.382525311235444 -6.58719224567671 5.337069909783418 0 0 0
-17.744079514603943 -3.2478829177880097 6.32501782750248 0 0 0
-9.481420598131912 0.21265260431355104 7.211250426920852 1 0 0
-10.204091158377265 -3.804387281776405 6.482228330005805 0 0 0
-6.583269541604398 -2.0823327445982858 11.207524577553706 0 1 0
-27.279564579325008 -0.7195108098287916 10.910943726700005 0 0 0
-10.09016548708172 1.148749320204808 11.296159870853687 1 0 0
-9.57936476959934 -4.186861760476326 9.244296676972642 0 1 0
-12.914816838044722 -4.862399055407453 6.21982817924933 0 0 0
-11.759070190100484 2.0617726903693745 6.673551593835626 0 0 0
-17.311381200036227 -1.2013905431158718 6.368173485502338 0 0 0
-13.194677189425713 -3.883826283045713 6.360256862639713 0 0 0
-14.725418958320775 -2.2572587376616875 6.194640350629066 0 0 0
-10.755816640334682 -1.7655594645457804 6.719667059978574 0 0 0
-10.198432840622141 -1.8157974234649292 11.785688543321433 0 1 0
-13.738439453766993 -0.7672936390154101 6.582900013774571 0 0 0
-9.26407315367415 -1.078857710805678 11.908151675073729 1 0 0
-20.30346210667541 -1.310807054160164 9.763883621966064 0 0 0
-6.479480324120863 -2.059019483368965 10.584465536582762 0 1 0
-16.195672928339683 -1.2198549168454762 5.254981192331427 0 0 0
-10.227886934749181 -7.162018033324591 9.690856402037376 0 1 0
-9.72279938570946 -7.2378172334192605 6.251683596907047 0 0 0
-9.480160734610573 -0.31513416362751684 6.790635564370059 1 0 0
-8.361446959631966 -6.254811074051425 12.184535673687503 0 0 0
-13.2563071408099 -2.79055005639445 5.128960601575879 0 0 0
-16.59202923774167 -1.236561084787083 4.704071180025751 0 0 0
-13.781390823661832 -4.179351909421522 6.3968021406302435 0 0 0
-16.160688770627388 -1.762943535638369 4.28653343719192 0 0 0
-11.22675471380293 -2.712391503155177 5.130949817597874 0 0 0
-17.73774524904151 8.272054528290752 10.403426476247168 0 0 0
-12.762975692750672 -2.696331683042906 4.943473239202702 0 0 0
-9.447040243129734 -1.2447096123610024 6.808329444756368 1 0 0
-17.321606474446288 -1.7706509063238192 4.758631350032265 0 0 0
-18.17873555260539 -3.250194185489145 6.313860414264375 0 0 0
-17.444604731050468 -2.780125791781121 5.764054387529252 0 0 0
-16.660199645877118 0.24572360635237486 4.867191641829693 0 0 0
-20.295250944659994 -2.4161749319596355 8.02188075672491 0 0 0
-7.289710005124166 4.650841498375167 12.241363334655002 0 0 0
-10.092211612759417 -2.3653270921846374 12.050715971679711 1 0 0
-12.916730466100004 -3.7947306529332603 6.285412798757392 0 1 0
-18.42763682773673 0.23936436587597965 8.11697529773388 0 0 0
-16.260309148716672 1.8051988901920366 5.860050581119999 0 0 0
-16.185132736111598 -2.6871002248631712 4.291353762634514 0 0 0
-14.219576896764107 6.747199871601536 11.237111519542305 0 0 0
-9.47377958201364 -5.303660070052978 10.242033346733338 1 0 0
-14.247809542780871 -2.760692908453045 4.9256186526754355 0 0 0
-24.768669393325002 -0.7882518602742085 11.297280576498613 0 0 0
-15.6888999939 9.539362001418501 8.055908489226997 0 0 0
-31.323840812399993 3.3178107385285185 11.219240683103706 1 0 0
-24.853800137833332 9.827333291371666 10.590566635116668 0 0 0
-13.749405315513735 -2.73899953663347 4.923309870064251 0 0 0
-7.809010855356717 0.6953883798349146 11.657713794706664 0 0 0
-16.678268115471667 -2.2449250874532325 5.227699700786631 0 0 0
-18.661279869090002 -5.79612803459 11.164130020139998 0 0 0
-12.743522630999845 1.753572935934849 6.6770281306152395 0 0 0
-8.873419336172612 -3.294655840213538 6.222304923717998 0 0 0
-8.9275007247925 -3.2929258743908334 6.522478342056668 0 1 0
-21.30539233867692 -0.6427295437225384 7.963827720055 0 0 0
-16.819010579583736 1.2512174390258128 6.714952710271123 0 0 0
-20.256195983888993 -2.574170696735401 8.156123456955305 0 0 0
-13.223490984981744 -0.7430256434061122 6.606168878141821 0 0 0
-13.263333934850847 9.662640135166612 8.189877251447966 0 0 0
-19.753203857779074 -0.8364212101744414 8.15185325090318 0 0 0
-20.128542046789473 2.808169465316316 9.856034128287893 0 0 0
-9.363191699981165 -4.7545203526814985 7.1249598264691665 1 0 0
-12.759458495910984 -0.757706475225963 6.630720684965422 0 0 0
-16.567404022212003 -1.4376787900932002 5.3410340499884 0 0 0
-13.742077943753662 9.908162465909998 7.834018777055612 0 0 0
-12.724749701362422 -3.7552850069131702 6.591927027282293 0 0 0
-19.74624996185273 -1.150882909515 5.78960444710436 0 0 0
-14.256204078757664 -0.36049584488325354 6.541230243412155 0 0 0
-9.759615360850564 -7.309995080384225 10.748280283425355 0 1 0
-15.249787569044445 7.153600699371943 11.251081956762501 0 0 0
-10.012704158644825 -2.7533597272017234 10.841936552113104 1 0 0
-6.238618786716972 -0.7797420037772985 12.302451538315585 0 0 0
-9.211226974214645 5.425558745861429 10.831685713358928 0 0 0
-6.757565876533447 8.257840715605171 7.306274825128965 0 0 0
-16.728506207468747 4.104376256465625 9.807913661003125 0 0 0
-20.278483547386564 -1.7205198505031343 9.769918982662688 0 0 0
-7.235713578440489 -2.7514058812259496 12.227255206895698 0 0 0
-9.40145612270291 -1.2088095744450353 6.312937895457021 0 0 0
-17.213862582949695 -1.7701266927221155 4.227830870751075 0 0 0
-25.494700113933334 -8.098243395486667 7.5246834754966665 0 0 0
-10.239514637769926 5.35747209409358 11.454905711537391 0 0 0
-15.25412089788657 6.766311339478209 11.836346327371636 0 0 0
-13.739614678288723 -0.31281637004262913 6.551839438840883 0 0 0
-7.203123861429794 -4.596177753137346 12.102191808271426 0 0 0
-16.216536477345798 -2.6473107471647657 5.2801192363846745 0 0 0
-10.317038426030768 -5.708961413456796 9.858669623351027 0 1 0
-9.689180827309576 -1.8592428357888653 6.273164316272413 0 0 0
-19.10684977636667 7.955132802326111 10.777938842777777 0 0 0
-17.44036807845222 -2.279433003569027 5.792337772065489 0 0 0
-13.64702146394286 5.2460196529117855 18.436835833964285 0 0 0
-15.278410179672083 -2.8067278764966535 4.899414172005985 0 0 0
-15.751025161579708 -3.7419561094764258 6.323650056665653 0 0 0
-10.371020231353933 -1.8537462896179793 9.697469722019328 0 1 0
-10.251390332762805 -4.254494028967248 11.974615926327049 0 0 0
-16.717774915518817 1.2545818451146127 6.306346873955865 0 0 0
-11.835173969263998 -2.6948451995852 4.9819445991514 0 0 0
-5.256645137726859 -0.2768336601545629 12.344125657802097 0 0 0
-9.469707460708245 -1.8135833794669634 8.183020539480156 1 0 0
-15.746153436861205 6.758476865703016 11.80581636264397 0 0 0
-15.732709910420725 -0.36185504509524324 6.4760268615175685 0 0 0
-13.72008109737027 10.08071084924865 7.6098789137770275 0 0 0
-18.234141859893022 1.8043337090072087 8.23606118490558 0 0 0
-19.72464743115714 6.642043340774286 12.857023829509522 0 0 0
-9.679781086983146 -5.314343002534637 8.820708551714311 0 1 0
-8.701763384270302 5.446366353468182 9.724270907315757 0 0 0
-17.756265891223684 7.656833673779213 11.733044774907897 0 0 0
-11.268438348146725 -1.9038360731623365 8.846421509145697 0 1 0
-21.219016710916666 -4.338623364766668 8.948374907175 1 0 0
-15.250509310717959 -3.738500948227229 6.300773663954281 0 0 0
-9.72378255175351 -8.252946742169222 12.07195065238312 0 0 0
-26.803956447500006 3.645239230914615 10.11045898535128 0 0 0
-9.534401484897144 -4.489770003728571 7.428345680234286 0 1 0
-10.7478701887137 0.2516423050630809 6.749147477626745 0 0 0
-18.54493100303095 0.23521563159917408 8.312581879752145 0 0 0
-10.27382295330313 5.753316665689066 9.623975972334689 0 0 0
-22.32338971105517 -4.282315879033103 11.45133103995862 0 0 0
-16.262316496476522 -0.2628874841834124 6.383334591077391 0 0 0
-11.730815569559729 0.3861165240213334 6.381912093141773 0 0 0
-7.272882485630452 -1.2467939889793433 12.324620742991414 0 0 0
-17.32947705188855 -3.0944029241798945 5.265161772568956 0 0 0
-8.812190051338044 -0.7477152716747065 12.055833561763832 1 0 0
-11.375047482936843 6.911177384226317 8.744242065831578 0 0 0
-19.302021066769463 -6.787002096678211 11.572071527185264 0 0 0
-9.635478364660315 -3.7732710711497885 8.585353628117977 0 0 0
-13.740531197673056 -2.7952925550176593 5.143627457584824 0 0 0
-17.761698537801493 7.837281917459105 10.712331330601492 0 0 0
-9.467357513967915 -0.7401547634496076 6.8026596499755785 1 0 0
-11.294229339147059 -11.137647011694115 5.6409211439241185 0 1 0
-6.722033624524673 4.671219739047662 12.373726039740259 0 0 0
-9.412839161722104 -3.7112015736734207 7.962431857460263 1 0 0
-13.408496811280951 -2.6279435044234924 6.548313647981746 0 0 0
-18.184915277945457 -2.774165739853638 6.325194650859952 0 0 0
-13.744250019393752 9.224897702535419 8.653762360413749 0 0 0
-19.232390748353772 -2.3818139488963026 8.081028192985293 0 0 0
-12.76246700335954 -6.312951418542496 6.549295963700186 0 0 0
-9.4168005654974 -0.7643750448559348 6.316659583601766 0 0 0
-16.732639244621424 8.237142154149643 10.441035781585713 0 0 0
-9.38887910719026 -3.761113510503378 7.044907421260779 1 0 0
-13.745519133174994 -4.345217347144633 6.516610706553823 0 0 0
-19.637912238521945 8.32893248302195 11.252175586990244 0 0 0
-14.764538764955976 -3.297884835010334 6.071045451187081 0 0 0
-14.711622987474765 -1.71903401826105 6.266748433666762 0 0 0
-9.798013525884638 -5.281490816585941 6.3474039524647345 0 0 0
-5.279079254000746 -0.768465316996843 12.350601581498816 0 0 0
-20.257702971954544 2.172820907650909 9.83525911967 0 0 0
-11.23507707627213 9.336265282552626 8.769300648423279 0 0 0
-15.757421408387499 9.259896789278214 9.245528970446072 0 0 0
-13.25774414399706 10.074544065138232 7.670600274029706 0 0 0
-10.048492030092106 -3.034469202945264 11.890199962415792 1 0 0
-9.301844158274545 -3.740035394934063 6.296604924023536 0 0 0
-24.851176486302933 5.245967949137644 11.475261856526473 0 0 0
-9.239750519031528 -1.249572862939025 12.13354693389147 0 0 0
-18.127340923659087 2.193780449304546 9.128579269754773 0 0 0
-7.752694713282588 -1.751600558987411 12.297057369640102 0 0 0
-17.73633852295347 -1.2446730724662614 6.365467352880472 0 0 0
-14.777234891140356 -2.8040120251681655 5.170079100022293 0 1 0
-16.25919379225733 -2.2527464568066273 5.266396765315231 0 0 0
-10.242553240293072 3.772678827310346 12.157054562590474 0 0 0
-13.214857767371992 -3.177543310255862 6.231037511907757 0 0 0
-19.228873634338175 -2.6232351086357286 8.189588520744 0 0 0
-13.222928501735522 -6.747475323276259 6.594542808622155 0 1 0
-9.859759054685773 -2.323464341853774 8.749290554146944 1 0 0
-19.184762107000005 4.205351988474002 9.939711994594669 0 0 0
-12.739217287120907 1.2432716819374847 6.66985586339794 0 0 0
-9.712758517434185 -0.7699755962859073 10.633486538064538 1 0 0
-5.748412233092336 -0.2931044588095169 12.354927319262995 0 0 0
-9.444538103390892 -5.399874808037333 9.251002416218702 0 1 0
-7.254754643509489 -3.262761737988478 12.212031834363042 0 0 0
-18.38296517081739 -7.620811358742609 10.7357824989 0 0 0
-14.254985596933631 -6.3113689984814005 4.763535703634147 0 0 0
-9.905641431997875 1.2461296010492318 6.77254321559363 1 0 0
-6.533149090680151 -2.101135911363485 10.759600003563635 0 1 0
-24.822006506995077 -3.326197057473934 11.057785221785247 0 0 0
-14.24225928669906 -0.753623639969602 6.564779291834167 0 0 0
-5.747449538885904 -0.7530287832975945 12.331356954743411 0 0 0
-6.852833688261249 4.961095035076251 11.2158501148125 0 0 0
-10.404242233946981 -6.2439983259109395 4.918688073254494 0 0 0
-22.75130697738604 2.6740381274113947 11.7368139888093 0 0 0
-23.247292066876316 0.7553059960666053 11.533100002692107 0 0 0
-14.2210331222288 0.6394195524246904 6.270648041496954 0 0 0
-15.175150485035497 -0.27256483106394147 6.517782201767047 0 0 0
-18.289223230807693 3.685726165771923 8.32820386153077 0 0 0
-6.726176318743377 -0.23178170521478667 12.299876118336428 0 0 0
-23.77612932990588 8.768457132227649 10.836152974294116 0 0 0
-7.250557072527705 -1.7483255433605407 12.306664415307658 0 0 0
-17.265217852235438 -3.201521198251307 5.839133445896347 0 0 0
-17.385216941835004 -1.2933260011673 5.725887465476704 0 0 0
-13.786074508319093 7.187330532073817 10.668498212640912 0 0 0
-8.74217379093125 -5.38912755250875 11.952412605287499 0 0 0
-14.237077528425809 9.415959635089035 8.38030808971742 0 0 0
-19.14069993155 8.241155760628573 10.253050054821427 0 0 0
-17.685630226140002 10.85648021698 9.742556095123001 0 0 0
-18.248074254680645 4.079650017522581 8.747249387925162 0 0 0
-9.482762836274523 -2.1934076320554765 11.110085737140475 1 0 0
-24.29639829437587 -9.719525518088446 7.89552828361224 0 0 0
-18.22235684781622 7.87005405168243 10.733910766813514 0 0 0
-7.75250205806652 -0.7638412757831319 12.308125495909804 0 0 0
-26.0624332428 3.833156665163333 10.517000198366667 1 0 0
-9.467628606565222 -3.7495240132519116 8.617043306873379 1 0 0
-19.159296561927587 1.6464610346434483 9.032949020123105 0 0 0
-14.255365390048073 9.859588568027307 7.838370754168078 0 0 0
-11.226863615434844 -2.1701837958707575 10.133780277139397 0 1 0
-10.124738375343334 -1.307893667618834 8.513853359222665 0 0 0
-7.238645053057886 -2.249973040930124 12.318630408055286 0 0 0
-25.26365867315098 2.2721817586927453 11.338878482001958 0 0 0
-8.874298124602426 -5.1855698245943165 6.277425065185 0 1 0
-25.792835644314284 -8.725762094770715 7.599235687937145 0 0 0
-10.837995365254685 -10.855470389121875 5.424609646201092 0 0 0
-6.761523157063169 -2.6711989889053465 8.70459044805851 0 0 0
-10.187841125898212 -8.777619276727854 11.4564571550875 0 0 0
-10.252003377226892 4.216064154600924 12.118579006997065 0 0 0
-19.386472172216667 7.7263644801249995 11.816433376738889 0 0 0
-18.908883412683334 -1.284259994825 6.477655092876667 0 1 0
-18.152701574658725 -2.6552918941257153 7.359931098089842 0 0 0
-10.39741541514953 -4.232870222252382 6.611308556850792 0 0 0
-9.338772076826924 -4.869374807063846 10.63570004243269 0 1 0
-9.60384002098654 -7.541822671889616 7.62923110448423 0 1 0
-12.177251750037932 -6.835842362766205 8.04439110591586 1 0 0
-12.258128086332018 -7.260390251140881 6.56482191273729 0 0 0
-12.299543549938715 -6.3707617867377415 6.406276133753225 0 0 0
-19.21391767614411 -4.467093565885882 11.114929479702944 0 0 0
-28.259104080192007 -1.1962824010851998 10.315972023004 0 0 0
-17.271784222317454 -3.0732222208900004 4.863580756716827 0 0 0
-10.537952754230558 -5.844347655773197 4.917770412233334 0 0 0
-31.29489994049375 -2.17319376766875 7.190988749265001 1 0 0
-12.739646992046987 6.1977499823971085 11.292372278422892 0 0 0
-17.145849963597858 -6.621198000226717 4.828199424062286 0 0 0
-41.9778995514 -14.204299926800001 4.932300090789999 1 0 1
-19.771458646528256 -2.552880434886304 8.163889366648045 0 0 0
-17.544376816855817 0.25562223163974424 6.832303934318604 0 0 0
-18.756969432436737 -2.609210111657143 8.191944414255506 0 0 0
-8.418540409633334 5.5776680537628565 10.423023814247621 0 0 0
-10.276343690939653 -7.134762807824367 6.755865513593335 0 1 0
-14.75626785196855 -5.246040712857421 6.442152518188816 0 0 0
-11.75028042481215 2.10482559694327 6.308781124721029 0 0 0
-25.826777988005553 6.918482197656112 10.42417213651111 0 0 0
-20.24778850742623 -4.388283627931802 9.780555600025737 0 0 0
-24.786381621113154 7.219197361092367 10.789010549855263 0 0 0
-10.023435256064706 -3.0251817843494115 12.0648765003 1 0 0
-11.1905808181792 6.3743437499999995 9.846498954773443 0 0 0
-18.398927600905747 -2.1992231018245976 8.139244002857472 0 0 0
-9.472524535656003 -2.0219384908673743 7.689044380188248 1 0 0
-10.793734587153848 -6.0663892122411545 11.3521051162359 0 1 0
-9.080823597155264 -3.893295237891052 10.523436696900001 0 1 0
-8.305779684158212 1.6272642853716666 12.225546473546425 0 0 0
-19.765377218077273 6.276855490424546 11.301054521040909 0 0 0
-7.271184171609948 1.2343965644264676 12.330321421078116 0 0 0
-12.249459517756447 -6.703746449192884 6.57194506971106 0 0 0
-20.131514930710004 8.7311280727405 11.640879964815003 0 0 0
-28.56240012429091 8.276113683527273 10.131509087309091 1 0 0
-12.744289789448718 10.114846205094873 7.665226410597434 0 0 0
-12.726361513142304 9.232123099840384 8.710916739243073 0 0 0
-26.382738204223806 2.367122877212381 10.392076219828573 0 0 0
-17.236427974698003 6.321717014312802 11.765076026916999 0 0 0
-5.76248398875717 -1.2135555013935597 12.29829683353456 0 0 0
-14.744638867554162 0.7545225099471593 6.56498272474419 0 0 0
-12.733571489281296 -7.323705405832103 6.2982664019145815 0 1 0
-9.409622296565548 -3.696641513279663 8.126943724495966 1 0 0
-9.388811429342379 -5.587482384274763 6.923072860354286 1 0 0
-15.294070426939196 -3.292056797027838 6.06967623901384 0 0 0
-18.19097681547895 -0.2779360172142687 6.375304197010313 0 0 0
-11.233754186724415 2.0766761900988633 6.676082099161775 0 0 0
-18.416263580317707 -1.3072286484148965 8.161245028177712 0 0 0
-15.2421559906 7.744999345143733 10.592332026166668 0 0 0
-19.79195533480536 -2.437095178024286 8.058413539614286 0 0 0
-10.735984517124743 -2.0908949596364956 11.805852614730933 0 1 0
-10.653982898164575 -3.373610503333086 6.694313722337888 0 0 0
-12.708151781996294 -3.047003693051481 5.556775216703704 0 0 0
-9.926314422958818 1.7334080573759372 6.789089213860773 1 0 0
-28.376800155639994 6.683789920805999 10.37763996122 0 0 0
-9.244053618972327 -5.734317413536108 12.125794616904868 0 0 0
-20.2494392395 0.3552945256233044 12.388530399491302 0 0 0
-8.27460939233943 5.868774316527612 8.930905016985797 0 0 0
-18.2510868288434 1.7329415082937734 9.189394285093963 0 0 0
-29.665400000173538 4.83881322075353 8.762020587921766 1 0 0
-10.751276589931251 -6.7324609700590665 6.645533004775937 0 0 0
-9.201077201149092 5.364322272213635 11.32004087621818 0 0 0
-15.21016834259265 0.7753232570489101 6.544638344446698 0 0 0
-18.252748648325003 -2.318459865119723 7.227991097503331 0 0 0
-12.222800011324468 7.345116610222555 8.749959976115003 0 0 0
-11.212087140227723 -6.711357130862572 8.189393052960197 0 1 0
-13.800025279261446 -0.11434240193184582 6.482856066829822 0 0 0
-10.292963964446848 6.716929830946302 9.173427006146033 0 0 0
-18.123592290570983 -5.698463947541935 6.278145863932773 0 0 0
-10.708772104841863 -6.3451855626217455 7.330165364021394 0 1 0
-18.259691294511764 3.9219917900420596 9.245724453645881 0 0 0
-6.909717427360184 -4.230727628425555 12.149746365007408 0 0 0
-6.21646459897375 -1.9513549953695837 8.751241286595834 0 0 0
-9.449061751795892 -3.199742237152964 8.713022934400328 1 0 0
-22.748643127147066 -3.7593009799137245 11.472778413811765 0 0 0
-19.79898876613333 3.075403902265 9.792762809328888 0 0 0
-11.272238755221867 6.2676007449626905 10.201507496833752 0 0 0
-11.23506799698 7.1699845981598 9.6943988227844 0 0 0
-19.96796916080769 -2.3998469022599997 7.983687657576154 0 0 0
-18.298974831899997 7.877217491466666 13.194541613266667 0 0 0
-10.751462064939657 -5.961514160551207 11.441082724208622 0 1 0
-14.1389526484272 -3.8465549109276327 6.513499916646138 0 0 0
-17.41638779059268 -0.07574710236268095 6.599530720129512 0 0 0
-14.207271625146445 -2.205128964301162 6.540188830898844 0 0 0
-22.80631919133572 -8.679179713839524 11.16567150752143 0 0 0
-14.269318355425067 -4.77763309708557 6.468718323075542 0 0 0
-22.95754255567143 0.7297924288681428 11.535807132714286 0 0 0
-11.165266791983333 -10.883062521620834 5.354788343112499 0 1 0
-10.788322007313424 -6.231215399333257 6.650941886901999 0 0 0
-6.805081869932078 -1.7365864395297312 12.293922149091951 0 0 0
-15.240322254312959 9.37411944071444 8.327260776802222 0 0 0
-13.7495476816601 6.728814624134144 10.747203619368914 0 0 0
-15.812200017403637 -2.763910269737184 5.199301559274364 0 0 0
-16.19182552918477 -1.1781972008967911 6.287036874166831 0 0 0
-13.286936271189997 6.246442928910373 11.840171885489998 0 0 0
-13.19341189895711 -4.332535362243939 6.54339794628858 0 0 0
-20.561299732757142 -4.395432880944286 11.066985675271427 1 0 0
-16.43300971985 1.317487990857 5.3073199272160005 0 0 0
-14.22818933334867 -2.816715481006726 5.120637788182125 0 0 0
-7.777310746056429 -3.873075042452857 11.817650113778571 0 1 0
-13.766656433878824 -6.235794229741504 6.291221756145243 0 0 0
-14.762509592119354 9.17211677182129 10.783558137961288 0 0 0
-17.357207382426473 0.10642334647044102 6.643292223706323 0 0 0
-13.250666697808333 -3.0498945812379166 5.589168369769165 0 0 0
-17.41495209551809 -2.76915224055 5.326243324482448 0 0 0
-10.534409676822582 -1.8086799959980644 7.349668379751935 1 0 0
-19.171192766671087 -7.749281567263132 11.55997348693494 0 0 0
-9.778894673749138 -0.775598794826997 12.084572571787819 0 0 0
-11.7247946197973 -5.631004372159459 10.088359497689186 0 1 0
-10.566439971924002 1.3516075897211999 10.656783981328003 0 0 0
-18.439488489122947 -0.7167117224365738 8.129926728421148 0 0 0
-9.743624666560239 0.3131542363303117 7.757149285005254 1 0 0
-19.44062387375714 -1.1648799862190475 5.788692792256191 0 0 0
-29.63650712301861 3.6342760352206955 7.754011187443024 1 0 0
-7.857452680667083 4.822788576285209 11.714181264239583 0 0 0
-22.968016306583333 -0.723484158516 11.577833334616665 0 0 0
-9.428144854168142 -2.8989313979486053 10.443041801455815 1 0 0
-7.764588347604056 -2.23601800553947 12.25943705054059 0 0 0
-14.151780001320956 -4.678133424123618 6.511590775989617 0 0 0
-13.226842256684616 4.831134218436346 11.947321176528849 0 0 0
-12.340320885177084 -2.9228141605849998 6.726845433314792 0 0 0
-20.14573878626129 0.8994838422344679 8.149317818303548 0 0 0
-14.158705091475 -2.8866230010984997 17.711249828339998 0 0 0
-9.856597982133573 -4.229733446665998 11.990124307361427 0 0 0
-20.238229950864177 -4.404694784932836 10.238974685099999 0 0 0
-21.418310165404996 -0.8372043997048001 7.1989594697940005 1 0 0
-20.2634750008625 -4.4042943418031255 10.607656300071875 0 0 0
-10.212471108686845 9.576567323584475 8.617807990626579 0 0 0
-24.63522577285 9.578382492067501 10.478100061425 0 0 0
-18.275392941071427 7.8574829101564285 13.635735579907143 0 0 0
-7.148027750161538 5.043525402361539 11.77750763526923 0 0 0
-10.861076966307692 -5.366521016145898 10.163843619523076 0 0 0
-7.8155738830568 5.2023089408878675 11.666258659364004 0 0 0
-23.273256592126085 6.875315645466739 8.107704121133478 0 0 0
-20.227658567755178 1.0721506825806897 8.100369354774484 0 0 0
-29.429036400527277 -5.616145437413636 9.101277177982729 1 0 0
-9.293481932257784 -4.736106362760279 12.13463409265576 0 0 0
-6.588793277739999 -2.527751644451667 10.139916578916667 0 1 0
-6.8839734395333325 -4.3286499977099995 11.958066622433334 0 0 0
-20.724533996582 -2.4351050090791997 8.027383251190203 0 0 0
-6.545945301651562 -1.9671734347943752 11.292471826075 0 1 0
-7.75160893507797 -1.2593322106167688 12.303990250139385 0 0 0
-12.234816630683333 5.263249993323334 12.011533180858335 0 0 0
-9.721026473209587 -5.1701047568486205 6.650395251965101 0 0 0
-9.921158518109644 9.589344910213573 8.651583228791788 0 0 0
-25.33275465531818 1.9378263516854546 12.468709165390909 0 0 0
-15.137320545548226 0.27129620538220195 6.530928936410426 0 0 0
-27.610434752238458 -0.2544086493659608 10.589257753815385 1 0 0
-13.745639523793022 6.255344640376973 11.893047643262792 0 0 0
-21.664708891910454 -0.868183445574597 8.050749522536716 0 0 0
-23.757697255989473 7.110618139567105 8.151134164710001 0 0 0
-14.763021643955003 9.830930964151833 7.805468177795999 0 0 0
-19.754557329064703 0.2575892178094962 9.815292821210736 0 0 0
-19.8572330475 1.9739799896866668 9.409276962280002 0 0 0
-18.796078193473168 -0.6133325637840488 9.907392432050242 0 0 0
-14.826267320279587 7.6935500028181645 10.599381641463266 0 0 0
-23.1202497482 7.003124952315 7.987760066985 0 0 0
1.067367982864 11.758440017719998 34.23674011232 0 0 0
-24.064066569 -1.5341433286666666 10.791366577133333 0 0 0
-25.081490950145454 4.696448239412728 11.52549076078182 0 0 0
-19.757993698117467 -3.67374064808762 9.770938464573648 0 0 0
-25.248102858259458 3.246639187271622 11.600129797651348 0 0 0
-11.737512352360003 0.9572200014477239 6.672130671001714 0 0 0
-18.755151421685714 7.915342276436571 10.400208609437144 0 0 0
-20.61236091283043 -9.667141707046955 10.145282703895653 0 0 0
-9.467002980849802 -2.190342365526079 10.442543104584312 1 0 0
-18.325526030165214 -7.577923899111739 9.90137303393739 0 0 0
-16.901329930620005 1.570501331488333 7.163743289311332 0 0 0
-18.364126714066664 -1.2413897752762222 6.581463336943779 0 0 0
-14.248546449049577 -6.287353064453313 6.412589285259006 0 0 0
-14.904700279266669 2.648756742476667 11.9430999756 0 0 0
-16.69967636308684 3.8351741966439485 9.803606058422105 0 0 0
-8.202872444601175 4.8402617398435295 7.616910036872353 0 0 0
-7.778680657686573 5.7401831705280815 6.763090545183972 0 0 0
-9.635159298524913 5.907789642527796 8.90145238779339 0 0 0
-22.34291588631579 5.36952892102737 12.34252111536842 0 0 0
-9.632017366813637 -6.8434904079243415 7.1867095099556595 1 0 0
-28.245520083106666 -1.8717803319286668 10.718803342183334 0 0 0
-21.226929049338718 -0.8251404526733307 8.080047476676052 0 0 0
-10.114199876775 -3.034207463265 11.37755012515 0 1 0
-26.17471816322728 -9.119265859777272 7.7517800764595455 1 0 0
-20.731253327262227 -1.6977388885283338 9.761262342664665 0 0 0
-14.80437597735517 9.154007517058618 9.791607922522068 0 0 0
-9.418543715226315 -7.52427572953 7.5591268539421055 0 1 0
-23.9359668096 7.078495025635 10.965216636649998 0 0 0
-12.352879126870832 -6.0342049797375 4.386948804060416 0 1 0
-9.758621056874002 10.87154664993667 6.814496342340665 0 0 0
-16.157017039604092 -1.1989766675600007 5.761310616318161 0 0 0
-19.324490893968182 7.69056452404318 12.211195468913637 0 0 0
-22.78564722398235 -2.291077641880588 11.478429345517648 0 0 0
-6.627274649483572 -2.3492074949400004 11.58316424915 0 1 0
-15.724214952385077 9.33423282851015 8.287600374933582 0 0 0
-18.35727159476913 1.286654070571358 6.378504076122221 0 0 0
-10.740144451456944 -7.205301529830834 6.303471399678056 0 1 0
-18.332500717856057 -1.2747885602894697 7.616595463319543 0 0 0
-20.06624276297143 6.78101852962 13.116856983714285 0 0 0
-18.912308591472343 0.2802312786869617 9.705085389157231 0 0 0
-12.760572168572224 7.131799962786668 10.801388899488888 0 0 0
-15.240785644157146 9.571644328889525 8.07591756185 0 0 0
-23.627429457267652 -9.285758270937057 10.211711771350002 1 0 0
-18.164295292934657 -3.7347031104434674 6.274972951799599 0 0 0
-11.84412071624138 -5.668235828136552 8.594029196377587 1 0 0
-27.471060180659997 2.67129597664 9.970289993286 0 0 0
-18.30287865228571 7.8990314347407145 10.381992816935712 0 0 0
-10.682112593753851 5.42011347683993 11.251725923767832 0 0 0
-11.696378262146736 -6.043881307477827 4.250686210134674 0 1 0
-12.147014209199998 -5.915042740955715 10.110699926114284 0 0 0
-9.89967675362839 -8.726152327752903 11.451842031167743 0 0 0
2.523220062255 12.7009501457 22.574549675 0 0 0
-12.112022134991667 -6.750468598471667 5.350907511181113 0 1 0
-10.85125446320909 -6.586634549226364 7.209561781449093 0 1 0
-19.215155124659994 4.685712945461499 9.901505780219251 0 0 0
-12.269843061263296 -6.179741646166963 4.817475705207215 0 0 0
-12.75366551300586 -6.715590121828344 6.52852399595886 0 0 0
-9.951292108441198 0.7287160593064963 7.7387235256085996 1 0 0
-18.109430543077302 -7.307742000471634 6.233603808896526 0 0 0
-10.13880002820541 6.304128762837431 8.878768637373918 0 0 0
-12.259287671947424 6.227606542331805 10.789775769731447 0 0 0
-11.735681560830313 -6.681745522420456 6.588935719671015 0 0 0
-15.750263782259577 9.242182406972981 10.730457508814892 0 0 0
-13.77832727720303 9.136616446756058 10.74799390273939 0 0 0
-23.80979010264667 -8.694764455159333 9.654894002278999 1 0 0
-19.75419368539785 0.9038933220730536 8.15486755165989 0 0 0
-26.247643866190245 0.3066707590777301 11.161792685353655 0 0 0
-9.601344285187592 -5.756852935861112 11.706346335231485 0 1 0
-15.20764966047558 1.1716112926716031 6.542158159590764 0 0 0
-18.415560157204638 0.7334474242395465 6.70459751729611 0 0 0
-18.163813216908842 -5.256229137188674 6.2437735763045294 0 0 0
-24.44870033262 6.342744064330001 8.165712165832 0 0 0
-19.2507030024606 -4.4354597438472725 10.130384907569695 0 0 0
-13.757647774429545 9.642018621617957 8.164561618457956 0 0 0
-8.948694038392 -3.8493189811710002 10.51485996247 0 1 0
-19.737157517824784 -0.2778231129009335 9.787187086797788 0 0 0
-21.673558740067648 -4.467341465108236 10.26847951552941 0 0 0
-25.425524950025 6.405211269855 10.869099974624998 0 0 0
-10.71371930105439 -5.730863512607367 8.37740769302579 0 1 0
-5.335660420930922 -1.630850300422769 12.34620462564923 0 0 0
-13.276333300273333 9.913806311289333 7.878784322740332 0 0 0
-9.647864541889504 -5.777778019139754 12.080221058411114 0 0 0
-18.275306574500004 -7.625604629516666 11.312183380116666 0 0 0
-10.951223485605881 -6.6263840899752955 8.212098177741176 0 1 0
-9.67277237751296 -0.24613328050969466 8.633808280692486 1 0 0
-16.74632066143554 -1.0982400001574375 6.42531919479339 0 0 0
-18.86390991210334 -5.169721666972 11.330296707163333 0 0 0
-28.25585476044516 -8.814241901520326 9.62372490667484 0 0 0
-9.420302753095282 -2.8811177787960185 11.154394467670377 1 0 0
-10.059623868841076 0.7439933625816135 9.744394696569824 1 0 0
-9.895664740971252 -0.3383803933004225 10.720246879034 1 0 0
-19.328249987429416 -6.146310904447058 11.415499995738235 0 0 0
-18.270237424470153 -7.272318640751644 9.812489239137314 0 0 0
-15.880690181952943 -2.3212925639807844 5.767962371601371 1 0 0
-9.840765461041084 -1.1416055419642033 10.745593960878013 1 0 0
-6.2473557408294385 -1.2240808403026249 12.301790482502792 0 0 0
-18.812647963223284 -2.4054238273672603 8.098426714335613 0 0 0
-14.72965338064186 6.936536999635581 11.223086002255815 0 0 0
-28.718286132809226 0.6829507653529537 9.887939555828615 0 0 0
-15.282407835910528 9.239714547207106 11.228771034034208 0 0 0
-24.88483963014 -9.951379966736 8.692841911316 0 0 0
-13.228055311434046 2.0403759530246086 6.619008365252411 0 0 0
-10.162360813313043 -4.7924300069386945 12.00908685768261 0 1 0
-6.715435154373135 -0.7483700890799081 12.278490788228648 0 0 0
-14.245739446556339 -3.308123380365844 6.147724504202468 0 0 0
-10.263606224534568 9.360956557003083 8.803327772352096 0 0 0
-8.730494664510797 -6.725060640971598 11.566961326602668 0 0 0
-22.83150736491112 -2.1886448242044447 11.519574165337039 0 0 0
-10.918854568939395 -3.269750912983939 6.30881396206909 0 0 0
-15.263767682595388 9.778079238305384 7.788626450758771 0 0 0
-10.752309737670965 -7.5510330892379045 6.33233068066274 0 1 0
-6.396180677413 -1.9063089887303337 10.634639898933333 0 1 0
-17.684732149228303 6.366459252698865 11.744518873832076 0 0 0
-18.75883943261972 -7.755747754809014 11.576766202146478 0 0 0
-16.819225338142257 1.5962514054604224 6.71163239949169 0 0 0
-9.671202840031441 -2.920190989433873 11.746656744329734 0 1 0
-21.688652220233326 -5.127431460788095 11.224752380738094 0 0 0
-15.893108699630432 -0.1289684915833565 11.251021758365217 0 0 0
-25.281516036979998 1.8862939977651998 12.646312026972 0 0 0
-16.634039623904453 0.27455465197862605 5.24560684496832 0 0 0
-18.2754015009468 -2.784596531102977 7.613374540991425 0 0 0
-11.642369864118866 6.6614690636688705 9.786454668585096 0 0 0
-8.310390103947274 -7.778865554116246 12.124403433368185 0 0 0
-0.3384413321813333 5.964103380840001 13.214566548666667 0 0 0
-15.302493000587145 -0.3173059403667607 6.47225474753579 0 0 0
-15.774053940411537 1.2477215345084618 6.534634278370769 0 0 0
-18.39662062603804 -0.23449633554200683 6.731985216554892 0 0 0
-9.93229552677857 10.077071326128573 8.064407212394284 0 0 0
-19.283320066668885 -5.218103557162888 11.385875595933332 0 0 0
-18.812985841620932 -4.386816046959303 10.729339444355814 0 0 0
-8.788235902786159 4.828155517578256 11.709434326301158 0 0 0
-27.29675163761613 -9.188964228475164 9.699803137009999 0 0 0
-21.844893519086664 7.30964196523 11.309833399459999 0 0 0
-10.025272591478085 1.3477505478142457 6.3201213797472615 1 0 0
-16.746925560199998 6.372278935200003 11.770859486345943 0 0 0
-23.091733932533334 6.28908999761 12.819499969466667 0 0 0
-18.533128874635715 -1.6077942677907144 8.388547965458569 0 0 0
-11.268854606987214 -11.687238449273258 11.74956162031047 0 1 0
-11.586971691657142 -5.988608564648572 11.458828517342857 0 1 0
-8.74847693472932 4.245066654608074 12.262420500283845 0 0 0
-10.736454400352091 -7.177219209006003 6.650664058951441 0 0 0
-27.308726160147366 1.864931062648421 10.629147328836842 0 0 0
-27.751829877812774 -1.7933776556180843 10.790955279738297 1 0 0
-26.231454329054543 7.293942754917274 9.266192696310002 0 0 0
-8.597888946533685 -3.1791189595273686 11.992668302436842 1 0 0
-18.460582919241467 1.2481992724465851 7.2780762300256105 0 0 0
-26.059033287900004 -9.033257802327777 7.427552223203332 1 0 0
-18.4187426218122 -0.7927888268377321 7.68697643280049 0 0 0
-17.728352162374623 1.7553488051714925 5.90268909397373 0 0 0
-6.244023304093918 -0.26021362582632895 12.328912518238077 0 0 0
-12.681175053129166 -2.7238699793808334 5.721752683321458 0 1 0
-11.132731098595558 -5.308090633816222 8.362199274698668 0 1 0
-32.746675491325 -16.661900043475 9.68862247467 0 1 0
-16.74462701306509 -5.249526563257203 6.349402184533859 0 0 0
-8.817173549107142 -6.386263540812856 11.294878619057144 0 0 0
-17.400897059721174 -3.2645441854702364 6.182037462907881 0 0 0
-10.793694567939788 -1.8678360216076344 9.274988051384085 0 1 0
-30.182861328129025 0.7779152874023871 7.227222565682259 1 0 0
-9.485222390719112 -4.285776082958302 9.69615679127857 1 0 0
-9.743926395070453 -5.5512504360890915 7.631458650936363 0 1 0
-3.83091497421 7.591650009155 34.10074996945 0 0 0
-6.630966342579271 3.2670554551212727 7.917287263003093 0 0 0
-17.40013999938 -1.2252419710159999 7.789890098570001 0 0 0
-9.64176555627557 -0.7487574681838727 8.677639290748848 1 0 0
-29.25839988044782 0.30772674213291307 10.255704382195653 0 0 0
-14.228825092304998 2.7036079764369996 9.6767185688025 0 0 0
-16.713114275250483 7.694878973279713 11.72820662544095 0 0 0
-14.220491977278954 1.728428142883352 6.604144754171857 0 0 0
-25.213183403008333 4.717683275540834 11.360458215083332 0 0 0
-11.262110317458827 -6.298589545137943 8.305235596263971 0 0 0
-8.2876175880432 -1.0703478050225999 11.839749927526 1 0 0
-19.5709997813 7.757510026296667 12.078599929833333 0 0 0
-10.28053905223908 -4.359495157483333 8.736474037170002 0 1 0
-14.767785708107144 9.387732710157856 8.362918535868332 0 0 0
-11.229757308963785 5.743475462939188 10.843156721785947 0 0 0
-17.077471650163044 -3.053598481676087 4.257306959318479 0 0 0
-9.244922391299227 -7.740171642139053 12.111724993278454 0 0 0
-18.77627389327609 4.206837612649999 9.940657138825 0 0 0
-14.204769785086041 7.2730880707736425 10.64966900404651 0 0 0
-14.74645556932716 -11.798439437960491 10.052544405430865 0 0 0
-26.774008178720006 -1.6572516012192 10.958615989672003 0 0 0
-9.440642575748361 -2.8855337823016396 7.051834411308524 1 0 0
-25.57808576312857 3.4461542878842857 10.721314294 1 0 0
-12.906813271853334 -5.203973690668667 5.810620355606668 0 1 0
-29.229506194590627 2.5762706249962495 10.6967312991625 0 0 0
-12.267591907132262 -6.2168856282387095 11.861454886775805 0 0 0
-9.023957079854393 -0.7799378099112498 11.9564293088569 0 0 0
-13.22701994578 -6.787765312194667 11.690539995833335 0 1 0
-9.639385728275004 -3.154546096044632 10.732462532375001 1 0 0
-24.853956069944 6.136969985962 7.0707095909104005 0 0 0
-18.454297846018186 0.7441083179278863 8.096596566113407 0 0 0
-10.755293081307922 5.401364345361583 11.739013851272276 0 0 0
-11.289427081275003 -6.685885378893822 6.60605818243588 0 0 0
-10.539724505685717 -6.28604588216653 5.7431494070553075 0 1 0
-9.738594619851447 -6.230246581529736 8.352617464567368 1 0 0
-14.762458995665952 -4.772119836555655 6.457414206269115 0 0 0
-10.078277746833331 -5.672396659851112 7.434074958166111 0 1 0
-8.264769348731386 -5.22528614631077 12.069132335364616 0 0 0
-16.72583629145606 1.7122301513498495 5.859666369178333 0 0 0
-12.733147527656861 -7.260393661610981 6.6112525556602915 0 0 0
-12.784376369823637 9.320103333213092 11.21686912884363 0 0 0
-13.262931536323288 6.383344147303562 11.256679404268496 0 0 0
-10.045677820844443 -4.243107795716666 12.002877765222221 0 0 0
-5.830428718238925 3.7571584024739777 12.450275287835488 0 0 0
-8.259431415133333 6.400381671058057 8.796236912409444 0 0 0
-11.733019934760003 -6.775976689657113 8.082183096143334 0 1 0
-15.750554542720034 -5.702805661377016 6.1656958251011655 0 0 0
-6.896370486209737 -4.633101852316052 12.14524996907105 0 0 0
-4.225502523508636 -1.6029945503579546 12.414568185809088 0 0 0
-11.671316641350002 -6.676604297425928 5.678308548750186 0 1 0
-17.264333378184848 8.209455519011215 10.440172802318182 0 0 0
-9.292204227087932 -4.25398315573616 6.325509122332955 0 0 0
-21.825482927510347 0.18572854250671725 8.117656148712756 0 0 0
-8.24146934656 7.286848765153463 8.200300290035 0 0 0
-14.400528521764286 2.2408776226500002 9.203544321514286 0 0 0
-21.250001907350978 -4.4531376315098035 9.778059061835293 0 0 0
-22.82418251036471 -7.908101783078823 9.81332588195647 0 0 0
-22.67003648930909 -8.208624536340453 9.888306834481362 0 0 0
-19.76317961741356 -4.39031997777661 9.80390309479288 0 0 0
-15.684499931330004 8.599574947356999 10.393649959560001 0 0 0
-12.134658336633331 -10.868074973416666 6.326143344245001 0 1 0
-9.751348223005357 11.297689335682145 6.326010380472143 0 0 0
-16.37742004394 1.410221982 19.25361976624 0 0 0
-16.694995205473795 0.756991260957489 6.2544025375331875 0 0 0
-6.476787779066669 -2.096000009113889 11.034355481455556 0 1 0
-31.27796010971 -0.74269319772715 11.298779964445 0 0 0
-18.267959205471428 -2.7535765268365306 6.61832739382306 0 0 0
-26.681380081180002 -0.21501540243620001 10.47280006406 0 0 0
-25.20725104149362 -3.225307236326596 11.237946834974464 0 0 0
-21.259814330507144 -2.3965383938376768 7.950671792030179 0 0 0
-23.328231275084377 0.2680854251375375 11.483693778512503 0 0 0
-29.554533322650002 0.25631493516255 10.581266721083335 0 0 0
-27.712144301492312 2.629101716554616 10.185955762861537 0 0 0
-28.485175132774998 8.4560925960525 9.641327381135 1 0 0
-9.749600191293974 4.2444066023975155 12.167339129478874 0 0 0
-31.53266652426667 1.0453366438566667 10.084933280966666 1 0 0
-18.536621941466663 -1.1391099956300001 8.862625545925555 0 0 0
-14.26170339255517 2.036545852135517 6.260515870718965 0 0 0
-21.272111203947222 1.0613363915022225 8.094711383183334 0 0 0
-23.73489992959286 8.24570431028 11.048457009457142 0 0 0
-24.612115001675 -10.258979988099998 8.281393432617 0 0 0
-1.1262625157825001 5.897202491762499 12.710900068299999 0 0 0
-12.146885013595 -6.778369998932002 9.1610383987425 0 0 0
-15.686036985213695 6.312363827065618 11.766124646964386 0 0 0
-13.715117622825487 -3.3871009770564697 6.522054073857649 0 0 0
-14.793090924347277 7.20753337253191 10.651698164507273 0 0 0
-11.157833326433334 -5.198030994052381 9.39733332679381 0 1 0
-11.604107175551434 -10.626628603251426 5.710754149301285 0 1 0
-12.194166819255555 -2.2491966618433334 20.090277777788888 0 1 0
-20.235342752371427 2.7721659512750003 8.104810850960716 0 0 0
-12.351630651030767 7.5634861359230765 9.675203910241537 0 0 0
-9.247424587370956 -7.241603245811189 12.111556371049202 0 0 0
-19.704209419990317 1.3313271037996777 9.790969971688385 0 0 0
-9.320585699163075 1.210406330915299 11.525150421339303 1 0 0
-20.742623441358816 -4.407668534447059 10.808996985952941 0 0 0
-17.2339563218365 1.269121434007697 7.2384521582769 0 0 0
-18.391112981021294 0.2495415052054208 6.732137874321298 0 0 0
-17.027400207519996 -2.5054199695580004 3.9459360122660003 0 0 0
-10.175331790632306 -6.1952889907055395 6.427960919111489 0 0 0
-20.706177370890472 -3.2112535692397612 9.731381302787975 0 0 0
-10.227571487414284 -7.310388496947143 7.029207161494286 0 1 0
-9.807812437644078 -6.207720730854963 6.425614147919814 0 0 0
-0.1389503250165 4.3496300152371425 12.840228625714284 0 0 0
-18.437200069425007 -2.1983625173570003 9.15048303604 0 0 0
-15.260390440260808 -4.23718274753016 6.428953626975765 0 0 0
-30.72740046185 0.1111617007603 10.8091834386 1 0 0
-9.476131575447141 -1.3227100202014286 7.996928555627142 1 0 0
-10.396124641710768 -5.354419293770995 6.591215306062462 0 0 0
-14.249542474740002 9.621066212654252 8.131836462020749 0 0 0
-13.772826087089793 -7.263244328960459 6.325040217368837 0 0 0
-31.283050119884376 1.7264878042046874 11.256837517025 0 0 0
-18.197077857127784 3.8043755491577778 9.896237797208055 0 0 0
-8.311165893779119 -8.845552949344706 12.116744097535296 0 0 0
-23.221330332197677 2.7427834965462803 11.568237171616277 0 0 0
-15.469728469857143 -3.4581585271 8.090854236058574 1 0 0
-21.77095985414 0.12564476132396002 9.430434036255999 1 0 0
-16.62830744344975 -0.17738731700134694 5.251689002627038 0 0 0
-11.24870606624242 -1.8670836361978789 9.804910573093032 1 0 0
-22.8628200531 -1.8160233418153335 11.525466537480002 0 0 0
-16.219290871368425 -0.8733768933697702 4.87268282237803 0 0 0
-17.344150697481616 -5.855473970665513 5.9172466853087515 0 0 0
-9.914143623844517 -2.5679728984835486 5.909430027008388 1 0 0
-22.372505748970582 7.17215941934 12.135758848747061 0 0 0
-11.748494328192452 5.636500754446415 12.022579211113204 0 0 0
-18.335559180290904 -1.7912301475346963 6.598191983771971 0 0 0
-10.163899898524999 -0.19941600412149998 10.49285006525 1 0 0
-25.353182175582354 3.7049135320335296 10.865476496088236 0 0 0
-15.247993278506668 -10.636413319906667 11.051793289186667 0 0 0
-31.563083171858327 1.6483049889416668 11.171866734825 0 0 0
-11.11841027877206 3.83316060024147 12.067492667372058 0 0 0
-10.054208358125003 -3.747230857611667 12.00791235765 0 0 0
-13.235683320364 -3.3643090613683335 6.548769057591867 0 0 0
-29.759707264784144 3.2842036631051212 7.75896623076463 1 0 0
3.5815650224699995 18.69285011295 28.1046500206 0 0 0
-29.22879217203302 3.6826669845764095 6.696040023877962 1 0 0
-4.252640008926668 -0.7874715664872318 12.410201858590744 0 0 0
3.6764500141133336 19.198132832833334 27.688732783000003 0 0 0
-27.779593213406663 1.6620773235953332 10.324300034836666 0 0 0
-15.697843008398737 -0.7354349841045825 6.467082922972025 0 0 0
-12.297481561963155 4.811383661471316 11.981186841668421 0 0 0
-25.574280071265 -0.7039273470641001 11.47391505241 0 0 0
-25.04785701207143 3.75786140987 11.536242893785715 1 0 0
-24.302556452545648 -2.2276715351189127 11.292239106223917 0 0 0
-15.674578727561698 7.340178499830428 11.206672384382982 0 0 0
-23.23671531677076 -3.168149702366001 11.384761531535387 0 0 0
-6.472761980694 -1.9280013243359997 11.180366643286668 0 1 0
-14.433912549699139 -2.320616099741386 6.234428050714328 0 0 0
-13.25877353443883 6.750566521812936 10.729464087770591 0 0 0
-16.773834906685188 7.22851509518089 11.765752559235551 0 0 0
-21.7271636616 -1.9325318228113637 9.685651735825907 0 0 0
-15.706757136761903 8.938564709254287 8.57234814053524 0 0 0
-17.298893012254904 -6.203325285631177 5.940052677602941 0 0 0
-13.408672226805557 -0.10904697897950555 6.494176096386666 0 0 0
-19.72740227835714 1.6918066683266668 9.787224247342143 0 0 0
-18.802962700524997 -3.3057399888833334 9.579649130504164 0 0 0
-12.806071508495238 -6.580134777795239 9.624208677381429 0 1 0
-12.606973330173334 -6.4538393656413335 9.628813997903999 0 1 0
-21.278958623000005 -9.391781155655856 10.091085387434147 0 0 0
-7.789769047782383 1.091306419599762 11.693642866045238 0 0 0
-18.142067422673477 -7.403694084712246 7.28301281831694 0 0 0
-9.767860412597825 -8.632620396821741 10.150539149408695 0 1 0
-13.264051077106663 -6.377277342478664 5.844147597419554 0 1 0
-16.5439748764 -3.0497375130675 4.4094899892825 1 0 0
-25.237200021725002 -4.1688724756237505 11.3350874185625 0 0 0
-16.496400833099997 -3.0083850622200003 4.41717004776 1 0 0
-21.430600102740005 -1.18371998469 7.101920763652666 1 0 0
-16.25596593500769 6.330217481969784 11.779365916827473 0 0 0
-31.40092515945 -0.14139932580279999 10.68560004235 1 0 0
-11.543131577347369 -2.182546326988421 9.921307764554737 0 1 0
-24.465190714045455 -1.3388681845236363 11.556427348736364 0 0 0
-10.331075948613735 -5.774502785151104 6.609983822771379 0 0 0
-13.935517591582354 3.7437188485088235 15.18074114182353 0 0 0
-14.239080429074514 -6.339724119972158 5.811383705513333 0 1 0
-8.753746935299938 3.2526344671132725 12.264798805832143 0 0 0
-11.212936401372728 -6.042093291427274 6.3204190658799995 0 1 0
-8.73929519653311 5.368471749624223 9.105690659416888 0 0 0
-11.6217002869 6.50227022171 25.6089992523 0 0 0
-8.2486598491675 4.238924860955 23.333999633799998 0 0 0
-21.70926612132162 -3.783169855941756 8.169642744837027 0 0 0
-21.648087148320375 -3.2975409207520374 8.079253373323148 0 0 0
-13.784857950715784 10.800052592621052 10.721757938989473 0 0 0
-10.763696744842209 4.766204586277146 12.068635085959741 0 0 0
-11.110396781922404 -1.1534830408096002 11.300083992007204 1 1 0
-15.746376721061669 10.745018402736665 6.2598106304805 0 0 0
-22.2627532959 10.892080116259999 10.738920021046669 0 0 0
-31.067152261735004 -0.24933148284900103 4.7408568024632505 1 0 0
-14.37789344786 2.3420246919 8.928836822509998 0 0 0
-4.270306015014 -5.597869968418 33.29979934692 0 0 0
-11.652565323576535 -2.118414085739593 11.793423487219387 0 1 0
-12.263897026911112 2.0638879387467415 6.344801044464147 0 0 0
-8.030776170583845 4.126062246469231 6.327380767235386 0 0 0
-26.7567728216 -1.7850818146349996 11.085063500827273 0 0 0
-9.23548070315724 -9.071577236570343 12.102024111255172 0 0 0
-6.754209995268333 -2.5654766559616666 11.69138352075 0 1 0
-24.730563414726316 -4.82873111022158 10.935315734457896 0 0 0
-12.743602815074771 6.126625983514488 11.821361666527102 0 0 0
-23.72174615127308 10.413538419284613 13.292284598719233 0 0 0
-29.854705669261104 1.7513659309459262 7.312644093125185 1 0 0
-23.232513851580556 -8.39705467224139 10.091524971855556 0 0 0
-12.210299968718749 -2.8028099834906244 19.651650071137496 0 0 0
-19.73651326496667 5.842893314362 13.1319466273 0 0 0
-12.73525656741434 -6.183741446035384 4.79531794430259 0 0 0
-21.33161492348 -4.456881797312749 10.2349574804275 0 0 0
-31.632599989575 2.3706858555466668 10.878708283100002 1 0 0
-14.06778120994375 2.7299231290825 9.336045026779999 0 0 0
-16.718408584591668 -5.310907443365 1.7157249947383333 0 0 0
-9.484418165115473 -4.74336249487738 9.870171649115358 1 0 0
-29.282096528161407 2.6920712245140352 10.174508797489473 0 0 0
-15.170558428998017 -2.282521771912377 6.16716932070119 0 0 0
-19.252003288271666 1.7207129975161666 9.797481997807502 0 0 0
-18.415825049083335 -1.178046663603333 8.828620036443333 0 0 0
-18.8348016571614 0.7386854751068597 9.618006271228595 0 0 0
-23.83466961072174 4.65039477141 11.530695707904348 0 0 0
-22.439850091925003 -3.7890599966050003 11.474400043487499 0 0 0
-14.756397050958823 9.131051792817939 8.644255610073822 0 0 0
-25.735604864660658 4.729316218954916 11.030211464301638 0 0 0
-32.82280095416667 -0.5893623431523333 10.759566624966666 1 0 0
-11.280496852604726 6.660716034296064 9.728240133270392 0 0 0
-10.334517453957202 -1.202990131086768 8.325469125306157 1 0 0
-19.245891406617247 -9.699614245315686 10.112796536808618 0 0 0
-9.411238731876129 -4.24069679937 7.924274183088389 1 0 0
-11.530399867471429 -5.827991417475714 9.89129992893857 0 1 1
-30.120800097787505 1.1454329043620834 8.32344834009875 1 0 0
-8.26485528945931 5.218505936860812 11.680381900073126 0 0 0
-8.403411320277142 6.378540686199998 8.285137108394286 0 0 0
-8.276601475440733 2.7529231390337436 12.29680370260491 0 0 0
-12.310196179607694 7.16664310602 10.72948851951923 0 0 0
-17.322907814599997 11.741169122553847 16.7336769104 0 0 0
-13.315274953824998 2.802457511425 33.736450195299994 0 0 0
-27.23130424817917 3.3181799948212505 10.085462530458335 0 0 0
-11.33047057600147 7.167959998635439 8.236746619729706 0 0 0
-10.198050101591667 -2.0180875261641664 9.236508369446668 0 1 0
-19.773006629940003 0.6851198017597667 9.844404315948664 0 0 0
-5.33291339874 2.7630367279066665 35.3752670288 0 0 0
-16.74136624001425 -4.263475702520105 6.291482055396422 0 0 0
-14.773399958743244 -0.32143860769683646 6.475626623308244 0 0 0
-28.274658044191664 4.219701647758334 9.785498380661666 1 0 0
-23.30001621860968 6.412198666602258 11.7316386315129 0 0 0
-11.0878000259 5.98425006866 27.1805992126 0 0 0
-13.290862500668752 11.649312496181249 10.13908112048125 0 0 0
-18.73401099443437 1.6940976548939064 9.775267004967189 0 0 0
-15.786110695376593 0.7994140247081063 6.526226814756596 0 0 0
-10.533275593158143 -1.8274796535801163 7.741879879043024 1 0 0
-17.16737065596618 4.196861196965882 8.423291528926026 0 0 0
-8.069880445798333 0.7988106235861668 11.659237504008331 0 0 0
-25.593100008760867 3.657024808551739 10.75402168605652 0 0 0
-28.68709166844583 2.8621037403750003 9.91180547078375 0 0 0
-21.706109485116205 -4.424230678661758 9.1835801279223 0 0 0
-21.81479484156316 -1.9330347399957895 8.112019990622107 0 0 0
-11.593903295448388 -11.584174217703225 11.642735512025805 0 1 0
-10.24655686428421 4.761578783236053 12.11665265936526 0 0 0
-19.757374922433332 2.7979641636215 8.138877995809166 0 0 0
-10.24826160401977 -1.254209053833803 12.023363124280984 0 0 0
-7.9069731758863435 6.143076117445365 7.273084175295853 0 0 0
-11.663982854582859 -5.425133691514857 10.15496570043143 0 1 0
-16.55571662055555 8.220666090647224 11.19151104821111 1 0 0
-29.659296459629623 3.570248171135925 7.294225551464445 1 0 0
-10.823789694735291 -1.8656666121063235 8.80900983249412 0 1 0
-11.708400249499999 6.779395103455 24.337350845350002 0 0 0
-8.588774483778964 -7.268411735009312 7.590334481206898 0 0 0
-23.775596448357142 3.2330616073948226 11.547132134432141 0 0 0
-2.7942342758171432 0.6653900061332857 16.803685597014283 0 0 0
-2.853115487099 -1.3605560004719996 6.212195014953001 0 0 0
-11.801599979399999 -14.840425014474999 33.624524116525 0 0 0
-2.8364216204616133 1.2505583878483868 6.261709382457742 0 0 0
-10.86462297595082 -10.636395126093442 6.192503983858032 0 1 0
-10.693276992215385 -6.061450811532307 9.800040024977692 0 0 0
-11.63852500915 6.77015244961 24.771199703199997 0 0 0
-13.153946399685712 -5.623300313949642 3.8826839327807137 0 1 0
-16.756007541303024 -12.660810629525752 9.68028428337773 0 0 0
-10.336218774325 -4.397659391165 9.90759062767 1 0 0
-10.428200028181818 -4.535483663731817 9.903972885825453 1 0 0
-9.309992145484651 -0.3137058187538028 10.8135958255169 1 0 0
-24.319158021788372 -1.3245155783590699 11.261478978532558 0 0 0
-20.73893524619412 0.3483989414047058 12.397235253282352 0 0 0
-11.9167995453 -11.026599884 6.53110980988 0 0 1
-24.62624615889231 6.398839602104616 8.107355374555768 0 0 0
-16.103133254577777 10.225783401063888 7.234236637750834 0 0 0
-14.393980676478407 -1.6903736306865902 6.353848294778635 0 0 0
-11.81599286624643 -6.642767105783572 5.369053619248571 0 1 0
-15.098637580850001 -2.0841012597075 6.517662465572499 0 0 0
-20.185586979510532 0.758068211768737 9.814035014102364 0 0 0
-13.268340474503264 -6.754376280585022 6.438128934904326 0 0 0
-16.875466664633336 11.949899673466666 16.85893313086667 0 0 0
-11.349213061123189 -11.122297079666668 5.1761135847671005 0 1 0
-17.278695674026984 -0.31301171913677606 6.326822716765643 0 0 0
-8.601872852871429 -2.1299185412271426 11.995200020942857 0 0 0
-13.234861925346257 -7.308072579961426 6.716157770481018 0 0 0
-10.29388749599583 -0.8528145427505627 9.384338776271044 1 1 0
-9.794349745700265 10.666678955681578 7.208477133199212 0 0 0
-16.16281535074615 -13.727809575888463 8.239243323985574 0 0 0
-31.78568473229615 -0.2530569170888538 11.226353902084618 0 0 0
-13.151062488575 -2.8418125212175 20.913624763487498 0 0 0
-23.104642323085717 6.63262142454 16.8561139788 0 0 0
-14.260892137607128 -5.7220825416765555 6.199416925844606 0 0 0
-11.699729330397057 6.5592967622420595 10.12840290630588 0 0 0
-9.473558346428332 -5.121867458025833 11.31425825755 0 1 0
-0.11091115884465716 -0.20130779913482857 14.248257228300002 0 0 0
-23.269882533865218 6.618332261625217 17.20971746031304 0 0 0
-11.69975968411141 5.880571662333859 10.832437699307892 0 0 0
-24.747935239017643 1.7177723646158822 13.116011787858824 0 0 0
-19.738616625466666 11.912566820766665 16.0878833135 0 0 0
-12.6946001053 1.02469003201 20.8006000519 0 0 0
-13.806795959468 0.27551631569860796 21.153516006472003 0 0 0
-13.8812003136 0.5008659958835 21.078300476099997 0 0 0
-11.166826123387853 -1.8523473839895332 8.27142531849523 1 0 0
-10.242645332282017 -6.723369639554247 6.641578060260214 0 0 0
-5.3994669437409994 10.25255994797 9.88883304596 0 0 0
-19.660899963375996 8.3850243759156 11.664892005912 0 0 0
-14.760695706239131 5.425476488859131 11.83906086632174 0 0 0
-18.447139242413044 1.2069999964347822 7.700351694356088 0 0 0
-19.22325879051587 2.8410096774030165 8.17766891963889 0 0 0
-7.471096536386521 0.16860345718649997 10.820921732030435 1 0 0
-7.196003357569167 -3.8956116437908332 5.6231483618433336 0 0 0
-13.75311546665893 -2.643148747228512 6.542198470660359 0 0 0
-19.88542064031667 1.1799737413725 12.823116699858332 0 0 0
-11.310252416714285 -6.614317121960477 5.4519718942190485 0 1 0
-14.866240024564998 7.027522969246 11.78702001572 0 0 0
-17.65436659918889 7.112698671552667 11.686486710446665 0 0 0
-18.10010032652 6.544730091092001 12.592479896540002 0 0 0
-6.658209213843461 3.0635738281103855 8.044827277843464 0 0 0
-18.34078536777248 -0.7273997708198078 7.273149162257708 0 0 0
-29.843499934423406 3.3797861768844677 7.255550881649148 1 0 0
-4.283437265668998 -1.2521214979037143 12.397844995773571 0 0 0
-10.408999960765716 -6.822460896628287 6.210860279628858 0 0 0
-18.5978002548 7.9625800847975 13.55382514 0 0 0
-8.194986224175 5.3657087087625 26.314850091950003 0 0 0
-15.344027405695236 -0.6871673564116543 6.488107141994406 0 0 0
-28.714692482580777 5.676282277474231 9.15719494452769 0 0 0
-24.700990721241862 4.746741161790235 11.526216262993023 0 0 0
-14.766971733258696 9.204377029252825 11.275191286332609 0 0 0
-19.729271189373332 2.751103772057556 9.79916046990311 0 0 0
0.316094011068 0.0319935008883 10.4392004013 0 0 0
-25.728079380138464 -10.263030761328208 8.673111035273845 0 0 0
-24.06443977354 11.18346004487 11.38960008619 1 0 0
-10.64433002473 5.860353994371 9.819786930085 0 0 0
-19.70539292835 -3.4321733259011915 9.74250614075381 0 0 0
-28.724687056112998 5.644791293453507 8.722016619397529 1 0 0
-19.76373534109412 -4.40125219494706 10.79197255302745 0 0 0
-13.761881273582482 -3.2362113929841048 6.226494232497012 0 0 0
-11.236224670411334 5.623057133356532 11.242614669801998 0 0 0
-11.9699001312 -1.62933498621 21.5950994492 0 0 0
-9.67341565138496 -4.198719252023775 8.773382559517154 0 1 0
-15.78080773353501 -7.367408095706637 5.772180435874501 0 1 0
-29.746611903697048 3.2785450044798536 6.732264105011616 0 0 0
-7.517187705405385 0.1623189231523846 10.820215591999998 1 0 0
-14.253900051125 11.239099979391666 9.615246613819167 0 0 0
-6.26800012589 9.77830028534 3.98181009293 0 0 1
-16.139616862378222 -2.788439316324952 5.801576836274654 0 0 0
-13.619525074974998 2.82280495762875 33.7206625938625 0 0 0
-0.677758442031 -2.2950932714666674 13.76365545062222 0 0 0
-11.0929201126 6.303059959412001 26.699699783339998 0 0 0
-13.319038920930556 -7.271006107330278 11.748422304774998 0 0 0
-10.8699393102125 -2.180617145129464 10.13885710920893 0 1 0
-18.85093632150213 -3.7590395694080847 9.662345094884046 0 0 0
-9.72456496870056 -6.794027341923239 8.309919558780281 1 0 0
-14.812637825270945 -1.3687613574235127 6.470291595201419 0 0 0
-22.782248266817238 -8.648257979031035 10.82533103022069 0 0 0
-2.8939516544366666 1.3396850228316666 17.213283538850003 0 0 0
-28.8485577232 2.560880548076316 10.701163141352632 0 0 0
-29.72557149614286 -5.1793142727442865 9.125444275991429 1 0 0
-3.022244930265 1.154465019705 18.196849823 0 0 0
-10.144247226504497 -4.325445501992022 8.426966067110113 0 1 0
-18.537085941871428 -6.170258556092142 10.203264236457143 0 0 0
-11.30341765460196 -5.756492754992355 10.09982155818039 0 1 0
-16.234858675702437 8.357352419597314 11.249648745460977 0 0 0
-15.172812581075 1.3377312272775002 21.6185879707375 0 0 0
-25.816338962981476 1.1584201874549995 11.223014831538885 0 0 0
-26.0151996613 6.08758020401 11.0075998306 1 0 0
-17.681445555263636 7.90763356468909 10.454190774381818 0 0 0
-15.289971459178199 -12.857033127230078 9.77102640338406 0 1 0
-8.690919876095 6.00330495834 23.37524986265 0 0 0
-24.746089623893887 -10.162555052304086 7.887316917886734 0 0 0
-9.379586414414694 -5.631694920208369 10.367767372906123 1 0 0
-13.967566490133335 -9.19733651479 11.363866488133334 1 0 0
-29.233960696632142 -1.6893542919839286 10.311217921121425 0 0 0
-21.755856922699998 -8.368435587201429 15.21905694687143 0 1 0
-18.28421401977143 13.16295719147143 16.816756929657142 0 0 0
-12.75409990947667 9.911249987284666 7.923376973469999 0 0 0
-13.974249839750001 -1.31667995453 22.0846500397 0 0 0
-9.743664206120176 -7.165101946446142 9.229879245424032 0 0 0
-18.770894050597054 1.7015432364794119 9.180280601276765 0 0 0
-9.94993613152536 2.1211922355201103 6.77989100344352 0 0 0
-42.526324272125 -14.771425008775001 4.6235625743875 1 0 0
-6.412292809712859 -3.2078435761592874 6.639926671982382 0 0 0
-9.919183621753751 0.7492667449921558 7.249904460673275 1 0 0
-13.756571783636488 -6.331111874313647 4.7763981053427464 0 0 0
-8.877351672936589 -0.2762128238876546 11.880285807534047 1 0 0
-18.5414832433 4.110463221868334 8.745793501536665 0 0 0
-6.851385320936786 0.9801009957279284 11.331789289200001 1 0 0
-22.167274951925002 -8.2301275730125 15.119650125500002 0 1 0
-14.777266502366667 0.831055343151 20.435266494733334 0 0 0
-21.75604019164 -1.9072340011600002 7.9745580673220005 0 0 0
-18.758993957978788 8.260119120280608 10.302742466787876 0 0 0
-10.781667709351613 2.4568590194941935 10.1343580369 0 0 0
-23.5432500839 -1.61949497461 11.5068497658 1 0 0
0.7811175088088333 5.483984947205001 12.191366513566669 0 0 0
-19.18098449706923 5.724684641911538 14.067161486699998 0 0 0
-11.6260995865 6.42377996445 24.9050998688 0 1 0
-15.257669680051512 9.189577565048484 10.229648503393943 0 0 0
-27.563316345199997 7.718415101366666 9.979901472726667 1 0 0
-17.351063378253166 -1.2964208820200005 5.222583903542149 0 0 0
0.6953928619622499 0.70877338200825 15.190412402162499 0 0 0
-19.237944833155176 3.8079772571041373 9.913618942786895 0 0 0
-7.05486011505 -2.85116004944 5.97304010391 0 0 0
-8.75083492375582 5.604472431954809 10.64060632488228 0 0 0
-30.14522929307317 1.2030399979614634 8.738058997364146 1 0 0
-23.81460258288718 0.6386744441129742 11.416999963615382 0 0 0
-10.130683818073035 1.210551214585666 9.805566512091213 1 0 0
-0.169279500842 -1.284112513065 18.675425052675 0 0 0
-26.184705734254287 -1.8018819979257137 11.128465679719998 1 0 0
-6.112396240234617 2.6724361823153844 2.2850130888138462 0 0 0
-22.09682512285 -5.07661509514 11.4374752045 0 0 0
0.36866199970225 0.70059701800325 14.388049840925 0 0 0
-14.255912423137497 -4.0805649956075 5.363711277644167 1 1 0
-17.26836667741905 7.727202824182856 11.226295244133334 0 0 0
0.455371786441 1.3282442859242856 3.4037907123571425 0 0 0
-18.301816622416666 7.535108407338334 17.17598342895 0 0 0
-1.93032002449 -6.6856274604775 16.7693748474 0 0 0
-25.772432133306783 -1.7315411850555933 11.344606722818641 1 0 0
-8.279411064951354 3.2449427045376695 12.280995490857899 0 0 0
1.169376671315 0.2484775862344667 16.2755168279 0 0 0
-18.829291767544447 -4.6894205411280545 11.290486044358335 0 0 0
-26.06666428702857 1.0963028413914286 11.093892778671428 1 0 0
-20.85078868160371 9.117688814798889 10.865355597603704 0 0 0
-19.312944412233335 -4.652406586542224 10.157922108977779 0 0 0
-8.97021007538 5.38068008423 24.9927997589 0 0 0
-30.102270288670205 1.1884600000180852 7.301849172470214 1 0 0
0.5576192438605 0.23052875511374998 14.323174953475 0 0 0
-13.242086172099139 5.297698279907157 11.91445343248103 0 0 0
-0.0837140269577 -4.735289931297499 12.331600189225002 0 0 0
-17.520842688428573 -2.7156478677478573 5.604525668279999 0 0 0
-31.556700070700003 0.7963529974221668 10.087216695141665 1 0 0
-27.704200157753842 -0.32033061751946157 10.45809224936923 1 0 0
-13.9968996048 -6.77717018127 20.9456996918 0 0 0
-12.679708282145834 -6.375994145869168 10.087937553725 0 0 0
-1.563077974318 6.59983997345 12.68807983398 0 0 0
-10.139555802709616 2.155966735803655 11.096229819153848 0 0 0
-19.26115503310833 -4.335237518946501 9.815701770782834 0 0 0
-28.412957327700003 9.120941298350001 10.428657123014286 1 0 0
-14.189579963699998 7.169401931764 23.26657981872 0 0 0
-14.117546653746665 -6.222884019216667 21.090073521940003 0 0 0
-16.2594644997699 -7.3920480410261815 5.737989933260489 0 1 0
-19.22351315816 0.7917311946552666 13.334986813860002 0 0 0
-18.822981661031818 11.864236354836363 16.23011831803636 0 0 0
-16.788934993740007 7.644817256927001 11.297397494317499 0 0 0
-31.952500343300002 4.47402501106 11.11180019375 1 0 0
-12.660553381180002 -6.067942460377555 4.37076135211511 0 1 0
0.59956999123125 1.151539981365 2.837227463725 0 0 0
-0.33281218463727263 -1.1696163632645453 6.787232745777273 0 0 0
-28.017179870619998 3.6426280021660005 9.428874015808 1 0 0
-24.372586144338882 -10.178802861111112 8.248755772908332 1 0 0
-0.15775978955203 5.465772390365 10.877450227725 0 0 0
0.00415372988209 5.48310995102 10.9476003647 0 0 0
-10.627130425495652 -9.458127394966521 9.402154839556522 0 1 0
-16.826966603605555 3.1652966737744443 19.307788742916667 0 0 0
-4.78444504737875 5.7737638354300005 4.2338937521 0 0 0
-5.01485991478 5.2062649726900005 3.59719002247 0 0 0
-14.196671404151427 9.069031960624569 10.268531390608569 0 0 0
-16.772083282483337 2.8600049416233335 19.174033482866665 0 0 0
-1.8154955572555558 -1.6839744514877781 16.704577975800003 0 0 0
-15.180178371643246 -1.2759378391339191 6.469179346754327 0 0 0
-16.218800067925 11.19660019875 13.082075118999999 0 0 0
-14.369041522341666 -3.9715866645174995 5.413939952850001 0 1 0
-10.355362886440716 -6.23724530842491 6.650078445137366 0 0 0
-9.8017109272093 -6.344667223996512 7.889964658160465 1 0 0
-12.724026664104997 9.671703656514334 8.228759336471667 0 0 0
-14.652799963949999 0.2906960509718125 6.393416225908751 0 0 0
-20.292273672005265 10.823736793121055 17.792758038178942 0 0 0
-29.21713352203334 0.40932550281300006 9.9024424552925 0 0 0
-18.220896391423643 1.6850118203592728 6.277437816967272 0 0 0
-29.868761062622223 1.2699955503144447 7.279891067079445 1 0 0
-13.758117638382354 10.330480369874515 7.293171162699017 0 0 0
-23.095616446600005 3.092108898693333 6.399983829922778 0 0 0
-27.75379943846666 -19.32250022886667 8.552013397216667 0 1 0
-10.7849873304375 -7.55311119556375 6.76900380849875 0 1 0
-25.20445209079259 -8.231850376835926 7.314351876576295 0 1 0
-17.228775024424998 2.8345133463541665 19.205625375116668 0 0 0
-23.895623397816664 -8.623372936248334 9.413123703001997 0 0 0
-16.877500110200003 1.6840066777333333 19.075421863133336 0 0 0
-10.065647971867344 0.1209798865685316 11.711775497510201 1 0 0
1.0237660169600002 -2.8429979801160004 15.330459976219998 0 0 0
-17.67954308647143 7.329567091805714 16.21672875542857 0 0 0
-17.122077729977775 3.1783988740711115 19.293522304944446 0 0 0
-12.235522323188887 7.243405275874723 9.182502534654448 0 0 0
-17.814841214347062 2.751272930818235 18.893305834588233 0 0 0
-6.278801365596461 -1.659613904429513 12.311481685168298 0 0 0
-14.303533236200002 7.07054344813 23.618766784666665 0 0 0
-13.7829873561875 5.2773525118824995 18.734312534325 0 0 0
-11.706200122825 -15.231525182725 33.916949272174996 0 0 0
0.5623810092606667 -2.2423632939666667 11.8011334737 0 0 0
-11.734824675097533 9.244682594581608 8.749522585927528 0 0 0
-17.63019943235 13.520349979399999 16.90799999235 0 0 0
-17.673911412555558 3.2837822172377775 18.9393992954 0 0 0
-9.721172662881923 -7.105104263012307 8.340458026300386 1 0 0
-22.3454275608075 6.213064777851249 10.6420625448225 0 0 0
-18.19867307711923 -5.352950786932563 5.811884238170768 0 0 0
-29.696724111390914 4.8837921258175765 9.190340331105757 1 0 0
-1.3669100105775 -1.9328474998475 10.4017250538 0 0 0
-28.513500213614282 8.587774412974285 9.794459751672857 1 0 0
-24.200963627218183 8.30360360578909 11.026945374227273 0 0 0
-25.48297548295 -0.8380032479762499 11.5163500309 0 0 0
-6.320835590362222 9.055703269111111 3.743673298095555 0 0 0
-5.4654213190075005 2.4153162539 7.922941207886249 0 0 0
-10.045357988676834 1.772339015602884 8.712201027870167 1 0 0
-15.395800018300003 13.27275009155 13.73853998185 0 0 0
-23.80121070460526 6.863501649153683 16.30481579428421 0 0 0
-18.54339981079 1.571897006034 8.228536033630999 0 0 0
-11.27592625618188 -1.8873993106187499 9.256316989660377 1 0 0
-15.662735666557142 13.258500031057142 13.818435737064286 0 0 0
-19.833437263965624 -4.395701259375312 10.205593794581251 0 0 0
-16.850152223005434 0.2796135642161098 6.652415306672276 0 0 0
-23.670492465684614 6.8507976531976915 8.16075530418923 0 0 0
-13.804584613203843 -0.2393604130125308 21.25409610455 0 0 0
-18.5303001404 12.7466001511 17.912399292 0 0 0
-10.71366244554375 -4.8440636694425 9.365024983880623 1 0 0
0.5951634943485 -2.916139960285 13.335449695600001 0 0 0
0.9682345092294999 -2.7922400236150002 15.12964963915 0 0 0
-11.173363685609091 8.71359911832 12.021345485345451 0 0 0
-11.292687416099998 8.710128784181249 11.9757500887 0 0 0
-9.45919594220239 0.1565542659437934 6.751192973971588 1 0 0
-12.039800167100001 8.470279693605 9.106275081635 0 0 0
-18.309033348442856 7.737610998608095 11.612557093314283 0 0 0
0.412521004677 -0.135745003819 10.6464996338 0 0 0
0.43867970407 -2.193324947358 11.660599899270002 0 0 0
-16.245300293 13.0114002228 13.314499855 0 0 0
-17.695549726475 13.166262388224999 16.9424502849625 0 0 0
-22.261316617324997 -9.766875982283333 6.400095780690001 0 1 0
-14.763500213628573 1.2884171519957144 21.68794304982857 0 0 0
-20.739086440118182 -4.376155152465152 9.738289067238638 0 0 0
0.072668301872795 1.083930015565 4.840990066530001 0 0 0
-18.155863741417427 -4.729984960579001 6.277033146924254 0 0 0
-23.56826000214 -0.9145261466503003 10.16887497902 1 0 0
-13.867641224588239 2.764045280568235 9.211205314187644 0 0 0
-5.886127551395833 2.2045175035799995 2.6700783173233336 0 0 0
-16.186176209219052 11.16871420541905 12.787514368685715 0 0 0
-18.7191390162 8.629461371380433 10.225882654595651 0 0 0
-27.811512982401865 -2.252206665498334 11.317427688177778 1 0 0
-12.785612864369236 7.61910564471513 9.635300562932306 0 0 0
-24.20112644895918 -9.388692622281427 7.788009215374694 0 0 0
-13.943566640233334 0.8311580022176667 22.384499867766664 0 0 0
-17.632850011200002 13.754516601566666 15.285166422549999 0 0 0
-11.241279983500002 -15.311260223400001 33.82136001586 0 0 0
-18.576550347464288 -1.8800528390064284 9.328527041844286 0 0 0
-14.184666633599997 0.666045665741 22.625766754133334 0 0 0
-10.405366579683333 -9.418727477391666 9.312825043995 1 1 0
-12.239786624914634 5.310383668760363 11.959113388529268 0 0 0
-9.719118350889268 -6.227222407736829 7.085586129165122 1 0 0
-5.787930239079302 2.8836795452036053 7.32042685774895 0 0 0
-9.748327255248835 5.65533625682225 11.55743753115166 0 0 0
-9.834146468870642 5.686871267133549 11.406287101012904 0 0 0
-9.716164924911014 0.2907068600896259 8.232271766490348 1 0 0
1.731495224911304 5.206209120543478 12.650669595465217 0 0 0
-17.753957059330517 -4.2316683647396 6.247259282780024 0 0 0
-17.69896731009328 6.76608152572962 11.706286522059612 0 0 0
-3.6196516752266663 5.372180143993333 35.65941619875 0 0 0
-9.846179257268478 5.056057629377175 12.125823933147828 0 0 0
-21.68412653606 6.2690773328133345 12.302033170053333 0 0 0
-17.37254279 13.778714179985714 15.230771745957142 0 0 0
-12.7160626649875 0.9032943695782499 18.154649972912498 0 0 0
-9.713155941104123 0.23917449542696995 8.689432671902807 1 0 0
0.348554998636 0.7681946754453334 5.836831569669999 0 0 0
-9.674380631213344 -0.7492336565381256 10.278295026124198 1 0 0
-16.22575834062222 8.828362517886664 10.70841113726111 0 0 0
-23.793775081625 6.565706819296874 11.613887429250001 0 0 0
-8.077892541885 5.3135975599275 26.704274654375 0 0 0
-14.34726667405 7.22626654307 22.696666399633333 0 0 0
-18.196926418115794 11.168468525526313 17.309510682757892 0 0 0
-18.792399724333336 13.351633707666664 16.556133270266667 0 0 0
-26.25454443473333 -2.2338818885662963 11.250811117666665 0 0 0
-11.17843765020625 -6.750018060208124 7.973117500543751 0 1 0
-9.605112006194231 0.7181889258161457 11.529862000121167 1 0 0
-9.706258645371907 0.6083803127351658 11.295870218031522 1 0 0
-9.27080542317955 -8.245731128735956 12.106665171937081 0 0 0
-17.32718340555 6.2674516042083335 14.092549959816665 0 0 0
-4.217403871971141 0.24341531521887994 12.447042958781575 0 0 0
-0.612305618822375 -1.8563887476925 6.810186266896251 0 0 0
-27.297200116245453 -8.867854551836363 9.541428045794545 0 0 0
-8.837462425231905 -7.595105216615714 7.625369049254286 0 1 0
-0.09682465065268335 2.548323313395 2.2401000261333333 0 0 0
-18.16520996094 11.828589916250001 16.273870086659997 0 0 0
-2.387094020844 -6.575171947477999 14.129380035399999 0 0 0
-17.763175010675 6.2141098976125 13.7870750427 0 0 0
-20.258275032049998 -9.364619255065833 10.021016597741665 0 0 0
-16.754121644164282 -18.79754270827143 13.34664283480714 0 1 0
-8.830822023852415 5.5892561715234494 9.708235115839656 0 0 0
-5.878534936905999 -1.9495810031879999 8.622420883179 0 0 0
-8.900144304547142 -8.741900035314284 12.097771508357143 0 0 0
-29.80799824107273 1.2092050964187278 7.765082185918183 1 0 0
0.0854417011142 2.44614005089 2.54665994644 0 0 0
-26.237979014716668 -9.661642988524582 8.577810843786667 0 0 0
-9.767202871816666 -7.2445540604770375 7.666577021280001 1 0 0
1.154796016216 2.224665999413 2.7943520069120007 0 0 0
-20.67060012816 6.262557888030001 14.864660072320001 0 0 0
-17.69045963288 11.791300106049999 16.677590370180003 0 0 0
-0.8263534903525 -0.8020470142364999 7.41019487381 0 0 0
-18.4730627536875 -1.91337625682375 9.195662379262501 0 0 0
-21.109871983534372 -1.328019674866875 9.722521305084065 0 0 0
-11.240931596397164 -7.238176939622544 6.643696438591416 0 0 0
-7.754375447759721 -0.27836879904841905 12.266778299025873 0 0 0
-11.155137449503124 -5.729745656251874 6.258175313473126 1 1 0
-9.629671499132812 -7.764393880963748 12.077064052220315 0 0 0
-19.3728747368 12.879599809650001 15.550600051875 0 0 0
-24.274643080564285 8.636730739049288 10.768342903685717 1 0 0
-17.718579864499997 1.339578008652 6.693019962309999 0 0 0
-8.653623275756802 5.666933593749999 9.207581977843198 0 0 0
-17.74834764921078 1.5881840063978458 6.728064742455078 0 0 0
1.1799207650699999 1.7102999870592308 2.70478771283 0 0 0
-25.64716448102143 -7.810720716202856 7.454157795224285 0 0 0
-9.72452938651377 -0.25916932368497186 9.829417046840383 1 0 0
-20.826499938958822 -4.529982959522941 10.938388319570588 0 0 0
-25.739672294030772 2.2350921630858465 11.196535374563082 0 0 0
-16.960438361538465 4.213508495918462 8.421629318825383 0 0 0
-12.642433378422222 -26.77028889125556 18.36235555013333 0 1 0
0.27585844861133335 1.1402166684466668 5.287868923611111 0 0 0
-0.44371320009239995 -3.3210910081869995 9.240758800506 0 0 0
0.91794998943825 -1.3354099988925001 6.4241348505 0 0 0
-17.8958749771 11.316124916075 17.174049854274998 0 0 0
-6.364954113959166 -5.965165893236666 7.084024151165832 0 0 0
-5.912510033312067 3.089044143413793 7.344654839614482 0 0 0
-12.103266716016668 -0.7908181746801666 21.25510025025 0 0 0
-16.75661940240865 -6.383230458561522 4.613674693637655 0 0 0
-1.3554405570044448 -1.6651983261111112 5.315888881683889 0 0 0
0.5560077011586 3.330190014839 8.309500980375999 0 0 0
-9.738677106772194 0.24111667595684666 9.790954765722075 1 0 0
-16.178776814399995 12.755023002623075 13.660207675053847 0 0 0
-21.106052489519044 -2.4270876248676196 8.03260771433476 0 0 0
-22.9292623996625 -5.17635869979875 11.270799994474999 0 0 0
-13.08669996265 -26.69540023805 18.39515018465 0 1 0
-22.36117482185 7.72854000329875 16.3507001400125 0 0 0
-11.773218531665428 5.759767399893825 11.805546295495068 0 0 0
-9.470621759241364 -2.021635900844545 8.260173667561363 1 0 0
-28.60820007326667 -7.720838917625555 1.1963722308477778 1 0 0
-23.686873069180766 1.7948069389049999 11.549777030946158 0 0 0
-9.700745610364667 0.2138503770219083 10.284460953840153 1 0 0
-15.663599967933331 1.0700500011466667 19.8077329 0 0 0
-11.741095032202184 -6.236565073982565 4.868277982284865 0 1 0
0.24764371556900003 -3.232342141015 10.796628543307142 0 0 0
-17.5496997833 6.00509023666 13.459400177 0 0 0
-10.072235861816418 1.1776168648870151 7.928471657767612 1 0 0
-43.1979675293 -17.186166763266666 7.319623311363333 1 0 0
-16.699030656076925 -4.2553853805249995 15.38068844721923 0 0 0
-18.739657129559525 7.896129505974526 10.746780985880951 0 0 0
-20.706547207308336 -9.20921670066 9.770116382174724 0 0 0
-31.535642896414284 1.7093857015871428 10.85714285712857 1 0 0
-10.045421683265216 -5.410994778507826 10.840095644417392 0 1 0
-22.33669376373125 6.204078108071875 16.7775251865375 0 0 0
0.7270057582854998 4.230563812255801 12.633122024536004 0 0 0
1.00689995289 -1.87477004528 6.9414601326 0 0 0
-21.798328161234373 -2.7021634429687498 7.965533375740315 0 0 0
-18.238546689350002 -1.1915280024209998 7.3582150141393345 0 0 0
-14.225419044495238 1.9614739701860315 6.201314002747934 0 0 0
-20.646433512366666 10.900422308177777 17.714811113144446 0 0 0
-14.735426956880675 -5.721688099786805 6.171572220240795 0 0 0
-13.259577751166667 -3.292303323746667 21.142566680900003 0 0 0
-10.26139998435 -1.929425001145 10.250150203675 1 0 0
-17.26376991274 7.115540981294001 17.702200126629997 0 0 0
-16.692167827064285 -4.626671365329287 1.5431574923646427 0 0 0
-17.98646672566667 4.31513325373 14.212533632933335 0 0 0
-8.785786150400435 1.2109200627633967 11.56386481490032 1 0 0
-9.94043455905593 1.103877805490623 7.203496498358007 1 0 0
-16.989325046524996 -2.4850899577125 3.9811100363725 0 1 0
-17.5122499466 5.95208501816 13.12839984895 0 0 0
-11.697199874455555 -4.7343922721016645 19.913666831116668 0 0 0
-17.6634750366375 5.439621269702501 14.411962389937498 0 0 0
-27.960914339328575 2.764177152087143 8.890681266785714 1 0 0
-8.834873588221742 0.6878503403940704 11.661863534314575 1 0 0
-18.26031091477778 4.691021071540556 14.155100027705556 0 0 0
-15.1861000061 8.993175029755001 8.72490978241 0 0 0
-10.0492737943479 1.2816104197004556 8.235192902437966 1 0 0
-23.4010000229 6.8984849452949994 7.975740075112501 0 0 0
-23.233733495088885 -7.180502255757777 6.655446635352223 0 1 0
-14.19877993265 2.018549323082 6.584186363219668 0 0 0
-23.140128598882853 2.347598007746571 9.686118044171144 0 0 0
-17.835543632503125 2.7934143692246876 9.830654978752188 0 0 0
-16.655214951587507 0.7522087306357401 5.206535426470148 0 0 0
-9.737889744514712 4.767638608466569 12.156146526337205 0 0 0
-17.856189091999997 4.877744462756667 14.385733498477776 0 0 0
-9.271324704422723 0.7531680461680027 11.532196628403087 0 0 0
-2.18487576076 -7.422337123324285 15.805085590914286 0 0 0
-15.783027979532 7.260567061106399 11.796049346924 0 0 0
-17.196730540353848 5.684293086713846 14.319146082953846 0 0 0
-29.321649064412775 3.7940117044651065 7.771890863459573 0 0 0
-11.19996204515402 -7.258930349001898 6.303207536683431 0 1 0
-17.730518976847616 7.82304021290381 11.228519030978571 0 0 0
-9.909639499457827 -1.1454017708456645 11.247302985543346 1 0 0
-17.766335623610715 5.258347885948929 10.197357211782139 0 0 0
-3.7820765451950913 -1.2568927288054543 12.526196323736363 0 0 0
-9.69066333711442 -0.2505472300667298 10.267585690934464 1 0 0
-15.321750734888738 6.325729020884086 11.751067618250708 0 0 0
-10.122315790505645 1.7244647426995119 10.359391413629684 1 0 0
-26.71988338894444 4.878153880437222 10.457150035422224 0 0 0
-10.084146911716049 2.068025185737839 8.751389479931722 1 0 0
-17.367824792862496 7.1943749189375 17.216587543499998 0 0 0
-10.34554032022481 -0.2402415089923304 9.68965919258054 1 0 0
-17.736328669971424 12.901457105385715 16.947956902642858 0 0 0
-6.746289823569804 1.8385133462798036 12.303692125811759 0 0 0
-17.73463312785 7.376210808754165 16.67932462691667 0 0 0
-28.319517103289826 6.23827425099983 8.215820167024408 1 0 0
-11.259771957392 -10.426036071788001 5.924117584228801 0 1 0
-17.186438931869468 -6.2724862557191035 4.644674137234759 0 0 0
-16.293543636796876 11.338049918409375 9.807987213134373 0 0 0
-10.072737662819478 2.0972312921057794 7.739548757478567 1 0 0
-9.99235992861864 0.6736144380163105 8.61685281050849 1 0 0
-14.06965980528 5.319291973116 18.759840011580003 0 0 0
-6.660820596358824 7.385128245634117 7.710125278024119 0 0 0
-25.620813242593332 0.25505463170511333 11.520326677953337 0 0 0
-13.710274994365625 -3.727529376744376 6.473402500152814 0 0 0
-18.705510044099995 2.1248245000834998 9.881782913207998 0 0 0
-16.424799919125 0.324971593217925 4.9060494005675 0 0 0
-22.042378877336837 -4.641808409439474 10.190784253578947 1 0 0
-9.95002747004022 1.1026486764967258 7.745477982326813 1 0 0
-11.398437738424999 -0.33573073400479747 22.247312784200002 0 0 0
-17.76936667307143 5.745559964860475 14.232147716338094 0 0 0
-18.434799947234207 -0.29249177549622907 7.65754496423816 0 0 0
-10.173435582951855 1.7680220329153895 9.773072013208774 1 0 0
-10.21403664350625 6.228945698056427 9.320936100823037 0 0 0
-10.097606677104762 2.1000651473090475 7.282248937516096 1 0 0
-19.436850229900003 -8.785653432208333 17.075150171916665 0 0 0
-9.983315370021796 2.096796408678205 7.713143336466665 1 0 0
-10.033748919932073 0.7259524123385908 9.248963423040527 1 0 0
-11.222880172740002 0.3570034027098 21.7730796814 0 0 0
-28.02584934235 3.0383250713349996 9.063320159909999 1 0 0
-9.974078908648227 2.075201490947029 7.234327201843253 1 0 0
0.28417812567218753 -2.754829362035 10.243937551974998 0 0 0
-10.162605610961212 2.129261969405934 10.310299543573361 1 0 0
-10.20781784573027 -0.684893211158562 9.69755590284195 1 0 0
-28.302774810790005 2.767295992373499 9.906455850601 0 0 0
-13.664152327033337 5.753760496776191 18.391728355776188 0 0 0
-8.327572059633999 1.8928879976280002 11.09377975462 1 0 0
-23.47755966186 -0.8878728032114 10.129259872419999 1 0 0
-9.812103924685685 0.6319356438231507 9.820516057210687 1 0 0
-16.441530360725583 -5.314424891804651 1.3093921001560462 0 0 0
-10.141380750207693 6.8756245833173075 8.889321583968073 0 0 0
-9.536522626876854 -0.7715599036309867 8.170421388000163 1 0 0
-18.768155993843944 2.856388626676363 8.221264550180152 0 0 0
-17.76232650109126 -3.7514271053142947 6.317839761627724 0 0 0
-19.76144720378421 3.871849976086843 9.778611082779475 0 0 0
-11.602164399124652 6.382770440350685 10.23263834601507 0 0 0
-18.814274992264284 -4.409404277800357 11.146296398982141 0 0 0
-12.321437537675 -6.090025037526875 10.1121187806 0 1 0
-9.64103177253234 -5.799289541041703 11.269589282097872 1 0 0
-17.254514285501436 -6.778196300778859 5.748079701832856 0 0 0
-20.272079849239997 5.956797981259999 15.608839988720002 0 0 0
-3.729546718910819 -0.33657077495311405 12.524614724954096 0 0 0
-11.685762788259126 -1.141837808337664 8.264157914767301 0 1 0
-9.887833375963833 1.2244804910664115 6.353902718746896 0 0 0
-21.74305992128 -0.554389798641 8.660366058346 1 0 0
-20.63014011382 8.38884410858 10.707129859920002 0 0 0
-22.594791730233336 7.194169958433334 12.165975014366666 0 0 0
-30.5852000713375 0.7005566358565 7.0627462863925 1 0 0
-18.201725006125 -7.5501649379725 6.9110149145125 1 0 0
-19.627933502166666 -8.796260197955 17.030399958316668 0 0 0
-18.429998810227026 0.7428442384745544 7.239792843122974 0 0 0
-12.81845778685 -6.110918466861538 6.269805358006537 0 0 0
-19.321644253194442 8.111063427396111 11.68240006765 0 0 0
-14.726365810482928 2.0177373071992686 6.310955629116343 0 0 0
-16.08941099378889 2.129983345668889 19.57432217066667 0 0 0
-18.755971318192852 7.8462878749490494 11.7257976532 0 0 0
-10.837087432541667 -4.697930415471251 10.167179187154165 1 0 0
-24.802487864642426 10.294990973039397 10.249930323975757 0 0 0
-10.009160232540001 -2.600962018968 10.421879959120002 1 1 0
-21.357288360600002 -1.741600985620197 9.328239983203535 0 0 0
-21.9549007416 6.27596497536 11.9198498726 0 0 0
-24.258455488427774 1.4240855574616667 11.242433336038888 0 0 0
-16.790371758571432 14.081314086899999 15.61658559525714 0 0 0
-18.0889333089 11.679533640533334 15.656166712466666 0 0 0
-10.858039109604348 -6.239370802174781 8.382968736730868 0 1 0
-13.886055522477779 3.3370989163711107 15.12768872578889 0 0 0
-16.08778349559167 12.758066654216668 8.801801602045833 0 0 0
-8.321299499935002 -0.9743305544059443 11.882916715405557 1 0 0
-16.654855656169815 -7.403009999473016 5.781835654997075 0 1 0
-17.753227060509094 6.221460905942727 14.09840904581818 0 0 0
-15.940599850242858 11.091900008071429 12.802828652514288 0 0 0
-9.747962090793152 0.3028795770400725 9.251653648862977 1 0 0
-23.132137298575003 3.3232100307937498 11.451912522312501 0 0 0
-31.89211997986 -1.78696960926 3.7686543846136 1 0 0
-14.808940060919998 -0.6570297956465333 6.484709294636668 0 0 0
-24.73452307626923 4.3059334846640365 11.57361342356731 0 0 0
-24.252752542489997 7.1323174715042486 10.862002563482498 0 0 0
-14.292911878907926 -13.41191191720594 9.336912107939899 0 1 0
-25.7492874860875 -9.892436206340625 8.558298170566875 0 0 0
-7.306712823036794 5.219208460587308 11.15300518427179 0 0 0
-25.990400314333332 -2.8942167758933337 10.904899915066666 1 0 0
-29.180149555199996 5.97981250286 10.12524986265 0 0 0
-7.099947571755 21.932849884025 7.5491726398475 0 0 0
-2.440771659216667 -6.686429977416668 13.842599709849999 0 0 0
-6.655139764149999 -4.81835408088564 5.358478937393588 0 0 0
-32.469432830799995 -0.934614678224 10.277200063066665 1 0 0
-3.285254523439245 -0.31022824874184535 12.46746408714529 0 0 0
-6.832464354378571 21.777914319714288 7.343438489095713 0 0 0
-20.71835041045 -8.5520625114425 15.94952487945 0 1 0
-7.7301426778863265 5.334748992436837 11.229820263534178 0 0 0
-18.347511079577778 6.418581114875555 13.218166669199999 0 0 0
-18.781314304914282 4.603122847421427 13.912885802142858 0 0 0
-7.620173162029677 5.878596490429356 6.27879127379387 0 0 0
-7.702076569199689 5.2535096704956254 6.700930655001875 0 0 0
-26.088842391985715 -3.205724273408571 11.539271490914286 0 0 0
-26.143840026840003 -3.3690580368019996 11.4463399887 0 0 0
-11.236866313477174 4.76243711813636 12.052955420120114 0 0 0
-10.069890139261593 1.755623253504507 8.216142435709632 1 0 0
-9.481443405150001 0.5190853476523333 9.755966504413333 1 0 0
-20.140799873757892 8.852828979491576 11.290357890878948 0 0 0
-9.637503119125109 0.28510369379751516 7.234375688718421 1 0 0
-22.309928621557145 6.205842835562857 10.455142838614284 0 0 0
-14.251911152445201 -6.747230359952716 6.413896995048079 0 0 0
-22.732006581626667 6.184980614979335 12.106586647020004 0 0 0
-13.0072002411 1.04630994797 18.218000412 0 1 0
-24.916344146740006 -10.166463966372 8.838840332030799 0 0 0
-12.184648056027997 -1.2148079872132 21.636643905628 0 0 0
-22.3896999359 6.539616743723333 10.376900037133334 0 0 0
-17.74312399629594 -5.247668037533459 6.303262367427009 0 0 0
-16.650132234068955 -0.13688954339501697 4.874077703761151 0 0 0
0.775332732634091 5.61275547200909 12.260563590318183 0 0 0
-17.957166671733333 9.6052869161 11.4506003062 0 0 0
-15.19848003388 5.3205140113819995 18.66663970946 0 0 0
-16.2668991089 -3.90840005875 15.7561998367 0 1 0
-29.5242996216 -7.00036001205 8.84980010986 1 0 0
-29.5400495529 -6.899610042575 8.874310016635 0 0 0
-14.653131707508335 -1.8538780013713336 6.521250009536164 0 0 0
-23.22011439004762 -8.559369995480953 10.791747638161906 0 0 0
-25.1702570234 2.5806114332999996 11.352443013857142 0 0 0
-22.30104374885625 7.724746853113126 16.71380627155625 0 0 0
-9.906677754720363 1.6940464865075142 6.3613443114540615 0 0 0
-9.483021463665713 0.45606200184142853 9.470540046692857 1 0 0
-11.314021601608207 -10.2790544638 6.147998574954253 0 0 0
-28.407080078119996 4.419423961638 10.09588012696 1 0 0
-15.736126794312103 -6.345651380639158 4.700134586032897 0 0 0
-20.856441656758335 0.3235402479768334 12.628050009408334 0 0 0
-15.260143941821203 -6.348026126804121 4.7091660875263335 0 0 0
-13.742033322666666 -0.7765076756476667 20.907633463533333 0 0 0
-17.332050323483333 -18.742874781275003 13.832366704933333 0 1 0
-26.18680477142857 1.1014333395735718 10.72711429141905 1 0 0
-14.155110767907145 9.243887833185358 11.714224985667856 0 0 0
-21.324272502563634 -8.281341812827273 15.833063645800001 0 1 0
-18.262974929814995 -7.6989029407505 8.319731044769998 0 0 0
-10.3881111145 -5.775194380018889 10.069422192033333 1 0 0
-19.271192686892853 1.6943164382664286 8.97210284641857 0 0 0
-9.679348817134063 -0.7636188334260593 9.78836302965372 1 0 0
-10.033710642070213 1.6122172309993614 6.336552944589363 1 0 0
-10.045691293832355 1.8583561743008823 7.781023824915885 1 0 0
-18.0797753334 6.419182538985 11.722499966625 0 0 0
-9.7358681124153 0.30953969879872756 10.746270295575007 1 0 0
-8.240233060330622 -1.260657226298531 12.219885292700566 0 0 0
-16.04644954097387 -2.201669632851532 5.751732435312161 1 0 0
-7.292880217234064 -4.247245316704062 12.18544791141875 0 0 0
-17.10514974595 11.200624942774999 12.2773501873 0 0 0
-9.666063290375575 -8.7362244679375 12.079267281751921 0 0 0
-10.26994687580208 2.1262882201830045 6.729156574531251 0 0 0
-26.199658393866667 -3.586068332195 11.3922000726 0 0 0
-20.204533259066668 11.4739332199 15.280900001533332 0 0 0
-14.238948533033335 9.10844661250212 9.746808832341818 0 0 0
-19.367966757877774 6.570315572949999 12.878822326644446 0 0 0
-9.907593542529998 2.252251861556936 6.302569350888466 0 0 0
-8.154756662580665 3.8460905578402245 7.315153778923221 0 0 0
-30.343627178312122 5.719347549207576 10.242318211178787 1 0 0
-22.507224559774997 7.7322700023649995 16.709900379174996 0 0 0
-22.7835125923125 3.1087043732412494 11.77359998225625 0 0 0
-9.8238748709375 -7.569202502569166 11.853608290350001 0 1 0
-23.689899921412493 6.643664161364167 11.292895913125 0 0 0
-14.288962483400002 0.91992188245075 22.25682520865 0 0 0
-10.24931487440703 2.1633735094222653 6.315757654607656 0 0 0
-9.743418664085208 -5.73293644673093 6.368451923017174 0 0 0
-22.274415382961536 6.165236216325384 12.2942384573 0 0 0
-20.139399528525 9.01280260086 11.285674810425 0 0 0
-12.767315207103783 -3.3921307505987146 6.570073579297199 0 0 0
-40.2932510376 -15.9553499222 5.493240118025 0 1 1
-9.88008835911781 9.831069648265627 8.299849420786252 0 0 0
-10.01145604903832 0.771306811647014 8.788917166463374 1 0 0
-21.2936122417625 -0.29204113036387497 7.9440037608162495 0 0 0
-28.35074705235882 5.941778211032354 8.407427787781176 0 0 0
-13.351633262633335 -27.262900034586664 19.807906468713334 0 0 0
-21.6323355266 -8.244200842720714 16.069721630642857 0 0 0
-10.40842501740263 -6.736173535648683 5.713741070345921 1 0 0
-9.690443251458436 0.16157780941279729 12.146767419693319 1 0 0
-9.262688070535436 3.744911873340688 12.2272718369975 0 0 0
-18.794082959483337 8.069230079651668 13.455716609966666 0 0 0
-20.08277672987692 1.2153138564184616 12.772761491630767 0 0 0
-4.301061520209999 10.269569176892308 9.819699360773079 0 0 0
-23.84516251085625 -8.4526732563975 9.380119383335002 0 0 0
-11.259594719839647 -6.277507183310443 4.887438406503436 0 1 0
-14.10928130149375 -5.290008753538752 21.158374786381252 0 0 0
-19.669024848935003 5.80547647476 10.306534910204999 0 0 0
-15.893283208209999 -7.466122023265 5.454560708999334 0 1 0
-18.19012284986535 -3.7865282143700005 5.830763472188315 0 0 0
-7.274065341268215 1.5888714300733928 11.174723216466072 0 0 0
-9.414937496185 -3.4447374939925 5.929790019992501 0 0 0
-24.697134764299996 6.3355113112417385 11.325239140052172 0 0 0
-3.2400835454472916 -0.7457655246058335 12.4636312921875 0 0 0
-18.638323391176467 0.325825177571353 8.763536397148235 0 0 0
-15.909037590037501 12.6549874544125 13.845062613475 0 0 0
-27.454700469949998 7.847784996030001 9.965964794160001 0 0 0
-17.05402469635 13.868350028975 15.697425126999999 0 0 0
-16.21965217589893 -7.3641932873009575 6.707375840937769 0 0 0
-10.952299912766668 -2.15716000398 11.44648329415 0 1 0
-10.686976671218336 6.785448344548667 9.385993655522833 0 0 0
-27.79492521285 8.266547679902498 10.137949943575 1 0 0
-13.909251673475861 -12.176258481793104 10.068648272555173 0 0 0
-10.085905444966043 0.7492688984414686 10.288011405693121 1 0 0
-31.68890013014285 -0.7656923532486427 11.292221409935715 0 0 0
-18.59995031355 5.469865083695 10.58127498625 0 0 0
-17.306980133040003 10.802660179140002 11.423319816600003 0 0 0
-19.06863975526 -0.4725084006788 8.452941703794 0 0 0
-7.319705691933562 3.2647138714791857 7.818120077252378 0 0 0
-7.604448312207104 3.196785785649999 7.923575784030658 0 0 0
-7.833196881305662 0.43586401192531316 11.665586770302408 1 0 0
-9.773985631257423 -0.19832831426738765 12.107726465152417 1 0 0
-10.023498055207186 0.4382666437065082 9.265077653274188 1 0 0
-13.221068192257471 -7.302633585144672 6.3591730585498425 0 1 0
-19.09403313528889 -10.657033390455556 12.333633528822224 0 0 0
-9.739480102454834 0.34807349512208796 6.290931843139339 0 0 0
-17.71735875360345 9.270157254976205 10.725244883827587 0 0 0
-11.742049177482507 5.836992565791165 11.250738350550831 0 0 0
-19.78766250611875 -8.756091773509375 16.90073120594375 0 0 0
-26.673871585300002 5.069450003759286 10.555307115821426 0 0 0
-19.227216282405404 -3.6764444531618903 9.780389437804326 0 0 0
-14.726781920781269 -6.337504059927806 4.756020732153014 0 0 0
-19.702175140374997 1.5808574855325 11.79852485655 0 0 0
-9.840016835801272 -0.2875554725845106 9.243673405748899 1 0 0
-16.72788065130341 -4.802872836589545 1.3514584099705682 0 0 0
-24.260600090049998 -7.14856004715 10.036349773400001 0 0 0
-31.308778182321742 0.7153589544089565 10.284169487334783 1 0 0
-7.303141056864209 3.7791707340038974 12.243212649703153 0 0 0
-11.645281355262718 -6.29587019096 8.346292043136442 0 1 0
-12.276898162699998 11.20811072417679 6.255249091556787 0 0 0
-8.01967652639 0.33043233056866667 11.681166648866666 0 0 0
-13.743259186648462 -7.331466227161529 5.923210949314079 0 0 0
-27.920112609849998 4.35147249698625 10.112312555299999 1 0 0
-11.291031301024999 9.452987551688123 9.273027539254375 0 0 0
-18.10474684882144 -6.738991120505079 6.268039120567858 0 0 0
-25.2418405413625 -10.234834343200001 8.721972852945314 0 0 0
-24.60178698663478 2.8033556627195653 11.576252190965217 0 0 0
-29.177944395277777 -7.605750984614444 9.648652182684444 1 0 0
-24.722787857053657 3.7855829087702446 11.59545123867561 0 0 0
-15.362221241003029 -6.525729540622273 4.632234233798941 0 1 0
-19.300977918822227 -10.433666547133335 12.398933198688887 0 1 0
-29.679708134044432 3.238938389402728 8.23458920103212 1 0 0
-7.836946927583846 4.732269250429231 23.31419269856154 0 0 0
-10.061633298181633 1.035706046487075 9.253106344313945 1 0 0
-21.262713909149998 -8.082139756944168 10.67080558671111 0 1 0
-27.099949836725 6.7978975772825 10.087474823 0 0 0
-6.0352602005 14.5965995789 7.21581983566 0 0 0
-13.240259997048888 -11.329757796395555 10.317766655815555 0 1 0
-10.760879855794851 5.739501336186187 10.850884540794326 0 0 0
-20.95764007568 7.685095977784 12.691699981700001 0 0 0
-21.6306874752 7.8379462361325 11.194512367225 0 0 0
-16.310199890135994 -4.662700824738 15.338688125611995 0 0 0
-9.487848039169029 -0.8072004638692304 7.065657897662293 1 0 0
-17.220583823417744 -14.376649995006453 9.377305323077419 0 1 0
-19.731942892069632 1.12274196744 8.093634298870182 0 0 0
-20.73833745718125 -8.751633375883126 9.65597218275094 0 0 0
-23.25995453921363 -1.6861004558477277 11.45615456320909 0 0 0
-12.75443335942381 1.6900042863123808 18.261514300385716 0 0 0
-13.748690448399993 -6.900780135638081 5.729758634958904 0 0 0
-27.73690422721304 -7.812170857969129 7.326302155204348 0 1 0
-7.6300350427625 3.5372850000850002 8.16414999961875 0 0 0
-25.281746523721434 6.778916750635714 10.833742788860715 0 0 0
-28.82573872884001 3.8443048000333335 6.794192263285064 0 0 0
-28.826188143552944 7.14244354472353 3.8278294030352944 1 0 0
-11.1273330053 -9.934476852416667 6.715480009713333 1 0 0
-10.5942335129 0.0315833998223 8.4946269989 1 0 0
-28.403470286614816 6.36761741284889 7.873358885446667 0 0 0
-10.5826499462 0.04560919990765 8.512677431107498 1 0 0
-9.954655377579881 1.8429214898767345 7.2350081076775465 1 0 0
-25.709332312303225 7.146377086639034 9.730917438383871 0 0 0
-10.41198005678 9.430041885376 10.136439895619999 0 0 0
-16.626128673557144 -5.1531878880085715 1.3193971344396425 0 0 0
-21.231014342535712 -9.298547404152382 12.642950035280954 0 1 0
-10.103511288482641 0.3171851280097179 9.79605279598607 1 0 0
-16.73708511051396 -5.681177755257234 6.239407197320425 0 0 0
-27.96554994585 4.5711624622325004 10.278450250625001 1 0 0
-26.272615286038462 6.125793860509229 10.862430792584615 0 0 0
-9.1593194007875 5.396409988401875 9.033710002899374 0 0 0
-9.63590888157012 -0.8374610340139543 9.257217231070019 1 0 0
-10.640908428446727 1.1690197247210279 9.305172929140188 1 0 0
-13.4821996689 4.80827999115 18.3106994629 0 1 0
-17.749215461111483 -6.6822975712856065 6.237171604826489 0 0 0
-20.15816646152222 -9.879745483397777 13.093455632522222 0 1 0
-7.7695249102332955 3.2126270342960224 12.15363072265796 0 0 0
-10.019622338615328 1.2114624305568007 8.66278639157623 1 0 0
-12.235138121095236 -6.331857159023809 8.779925255548573 0 1 0
-11.790411868338984 -6.297861705392202 8.715420674470169 0 1 0
-11.697453539135212 4.7789846608331 12.020659137780283 0 0 0
-9.695281522027758 7.767693305838105 8.746229122424657 0 0 0
-25.851044819272413 -0.29267972720594126 11.450117308534484 0 0 0
-6.842734432221201 -2.5835983848579995 9.1716839981076 0 0 0
-10.67541999818 -5.849742031096 12.012520027159999 0 1 0
-18.644244299999997 3.041131152046667 8.175036642287777 0 0 0
-22.416814531585715 -4.360711370195714 11.514271327442856 0 0 0
-9.628417406630753 -0.2578441838898836 8.156656736904822 1 0 0
-22.75972954002703 3.1160610817578385 6.406749725341622 0 0 0
-30.868964331485717 1.3116450054307143 11.375521319264283 0 0 0
-9.653529802956667 10.654500325533334 6.29148006439 0 0 0
-15.736056953076162 -6.278309342087084 6.25888582886424 0 0 0
-24.345326133404352 6.258789539336521 11.330543476604348 0 0 0
-8.948984748437894 0.27066683710404205 6.259645813388946 0 0 0
-7.711498430040442 -6.656545119815111 12.079095522555553 0 0 0
-10.095875949252042 1.2280783245676106 10.336718754039335 1 0 0
0.8795583573254546 -1.6237090934409089 6.784807335246365 0 0 0
-10.626300004810256 -5.802886143708974 9.801754071162307 0 1 0
-6.580682413919048 2.9579990364261906 8.095719064984761 0 0 0
-13.729689274506251 -13.626849097861603 9.255867021424196 0 1 0
-27.26501410347143 -2.2298785845433327 11.514814286009523 0 0 0
-30.595599946516668 5.190621875582143 10.212228616069046 1 0 0
-29.199069470771423 3.60690489593796 7.225151402609389 0 0 0
-10.004112601275 -2.3814049959175003 10.16216266155 1 0 0
-12.326616605116667 -5.994618336360001 4.538375059763333 0 1 0
-17.747378791856526 -5.717179619409051 6.251682203579641 0 0 0
-18.5212993622 -1.96055996418 6.57781982422 0 0 0
-15.71730983958235 -7.332324327207647 7.219685891094903 0 0 0
-9.8368092536925 9.377161169051497 8.803156948089 0 0 0
-14.73659992216 -6.552502059938 4.920815944669999 0 0 0
-13.225853996272 9.1710463905334 8.722960357665398 0 0 0
-11.300695832244328 5.614464528781752 11.76574227244536 0 0 0
-9.818984776735935 7.247037827968124 8.647487819194374 0 0 0
-11.2228238436619 2.133821638262857 6.3522113034512255 0 0 0
-27.5786991119 8.24221992493 9.52151012421 1 0 0
-26.69852797191111 7.312725543976111 9.160018973879998 0 0 0
-10.100341274114545 0.7881453432387028 10.755184416887586 1 0 0
-15.769642897999997 10.556764262049999 6.623943635394284 0 0 0
-14.247318700152004 -2.7220302581788016 5.8139997291568 0 1 0
-14.830799920209529 8.971370878673333 8.74327051071857 0 0 0
-9.140578481885555 -3.8243537037459268 10.42433332512963 0 1 0
-28.707389058291888 2.618268908680811 10.21306481232703 0 0 0
-27.920667012566668 5.794096628826666 8.130346298216665 0 0 0
-11.230999946599999 6.5990533298922225 24.682877858477777 0 0 0
-17.665088316988236 -4.221762292525883 5.990311145782942 0 0 0
-24.374677870000003 4.6128266652427765 11.467061095761109 0 0 0
-9.482506318525454 0.46277045390845456 9.74486359683 1 0 0
-18.76383887396667 5.347314437229445 13.95663340886667 0 0 0
-22.59262095 6.348396803203157 10.798347473136841 0 0 0
-22.83239974974 6.429296016694001 12.8501399994 0 0 0
-9.969973092816957 0.6945367764518191 8.23987774926031 1 0 0
-22.239358107241667 -9.176516771316667 6.201038320858333 0 1 0
-15.774823502935295 -6.558981424219763 4.752942836985765 0 0 0
-22.652414185657143 6.337288515909286 11.154635633735714 0 0 0
-25.809519958499997 6.067121982575 8.403514862061 0 0 0
-17.117996362538463 -5.345725756424615 2.0604330759780773 0 0 0
-19.800969455554345 -11.284054300063042 11.31832603786087 0 0 0
-15.936261071094444 7.570507261488334 11.738544358144445 0 0 0
-9.701453339819999 5.687747076446079 10.921211766258825 0 0 0
-7.721156258180723 2.774541314825903 12.149887969695182 0 0 0
-14.275188026423997 -6.237350807188399 18.773147888196 0 0 0
-27.756787300125 2.85918498039375 9.360852479933751 1 0 0
-9.93532981872533 0.6329452824592667 9.2400159962976 1 0 0
-23.85674623343077 2.2794069693646155 11.473453815176923 0 0 0
-20.8647664388 -15.536266644766668 11.169766743966667 0 1 0
-11.39059993957222 6.6948988967472225 10.681855519611112 0 0 0
-20.8740251064375 -4.5175374746325 9.931226253510001 0 0 0
-11.67393894549259 -11.199837084164816 5.158874096694073 0 1 0
-9.743780858133032 0.33372585520103565 11.239970768789759 1 0 0
-15.735161451034624 -7.228916541838747 6.2736062673266275 0 0 0
-19.852241291723526 6.6322294403517645 13.070235252370589 0 0 0
-8.297948201496665 -9.10215749496051 12.088546214956411 0 0 0
-19.652300516733334 1.4530666271833332 11.896733284000002 0 0 0
-22.678500175474998 6.524104952813751 11.703162550924997 0 0 0
-12.703098117186789 -14.789918863546225 7.726874612412079 0 1 0
-20.355803909304004 4.852880821228001 13.093364028936001 0 0 0
-16.286746066545213 -6.562458175161827 4.7844146396800005 0 0 0
-20.5400009155 1.68367004395 12.3129997253 0 0 0
-17.24425970617314 -4.6999004420943296 1.7844964141274626 0 0 0
-9.475478291511457 0.28180641805129164 7.700513730446249 1 1 0
-5.941932559015 10.3532500267 10.096475124375 0 0 0
-9.27646155139203 0.23592682491668965 12.250283658894773 0 0 0
-8.667065143590001 -1.9056850075749998 11.99795007705 1 0 0
-27.61870002745 2.3364683389666667 10.457633495316667 0 0 0
-27.737454096475002 2.23239625493625 10.549937486641666 0 0 0
-10.481499910375 -5.9547250270825 11.431774854675 0 0 0
-9.751377871007104 0.5921838633072314 10.762386731161735 1 0 0
-29.282019996640003 3.14109003544 10.0447599411 0 0 0
-19.823429965975002 1.3806690037240001 12.27036008835 0 0 0
-18.177114943383657 -4.269641921889635 6.265241870074337 0 0 0
-28.21059295110357 -2.205004300390357 10.836992808757142 0 0 0
-28.860200882 3.49582004547 9.44209957123 1 0 0
-14.1009249687125 -6.697088778017499 18.9118001460875 0 0 0
-8.731143565887017 -7.367849157211491 12.127912724265958 0 0 0
-17.738977173098625 -4.744019737710027 6.307787449463396 0 0 0
2.68888998032 11.9476003647 22.4030990601 0 0 0
-15.325864519392853 -5.328942809786429 16.225235802785715 0 0 0
-10.02737609896726 0.41804262567088923 8.827667320724604 1 0 0
-16.24479345038704 7.721956381091572 11.775446317813888 0 0 0
-10.040473489202938 0.8388599367704116 6.290749143151468 0 0 0
-10.069625769722899 1.1772424676682227 10.704561767579776 1 0 0
-15.863920021039998 2.2166999816899997 19.6055995941 0 0 0
-26.34949978915455 -1.7401177232918186 10.920981753959092 0 0 0
-17.262138212180748 -4.748551874522836 6.323031919213619 0 0 0
-16.71300029755 -18.66915035245 13.6465501785 0 1 0
-10.105921618144997 0.13637331050315585 10.667923323313333 1 0 0
-10.132361507086944 1.8218685949790379 9.226104107099864 1 0 0
-14.779128879977778 6.296749305725334 11.84147775438667 0 0 0
-16.75426681858273 -4.73011340005855 6.269722028695272 0 0 0
-16.26955001034229 -5.717857461663658 6.197919126766418 0 0 0
-30.27600669862 -0.08533483088635198 7.346611340841334 0 0 0
-9.76218655476221 0.5569196274647498 10.306244208260576 0 0 0
-20.181266911813335 -13.233533287053332 11.825560061140001 0 1 0
-10.271047973643999 -9.4625722885128 9.7051123046876 0 1 0
-26.355349858595844 -0.2674110798787083 10.70049989222917 0 0 0
-16.18199044007885 -3.2353684558313462 5.951255656205291 0 0 0
-21.689350128166666 7.6628750165316655 10.4227166176 0 0 0
-9.282256975566167 6.1664724807217794 8.734007939901094 0 0 0
-29.146299870800004 -6.818316682178666 8.813113403320667 1 0 0
-13.705460249660236 -6.600885402725299 4.829617712871447 0 0 0
-10.116940112418241 0.7996692046087287 11.22641063823953 1 0 0
-28.8418006897 2.78949999809 8.47846984863 1 1 0
-9.491126029721825 -0.2994879266767669 7.0238651665315075 1 0 0
-14.2387333156195 -5.235375803221744 6.369668404760941 0 0 0
-12.95720005035 1.935800015925 6.37003493309 0 0 0
-30.094657353 6.544108595167143 10.309757232671428 1 0 0
-18.216087341318747 6.3671224713325 13.7509188056 0 0 0
-21.2132999897 -15.74327492715 11.3051249980875 0 1 0
-13.192473760142756 -6.3605013123871 6.519601315465516 0 0 0
-18.260822437433333 3.2500481075703704 8.29181187241222 0 0 0
-17.059603486739285 -6.132991126605 4.473644631248929 0 0 0
-13.280639966333334 1.980837337176 6.352306620278667 0 0 0
-16.27781368651558 -6.36994420582378 4.64810830242236 0 0 0
-15.912267990116007 -7.604370006561119 5.292636169433439 0 1 0
-16.69657348927956 -6.53479940456591 4.752924263148065 0 0 0
-13.24951636204918 9.272605270635573 10.746257375501642 0 0 0
-10.075931296185617 0.42649203157436893 10.238823972953677 1 0 0
-17.237443102266283 -4.235959072559218 6.284609885708321 0 0 0
-29.216399973090912 2.5789208845645457 11.099972811627271 0 0 0
-10.273259341230895 -0.7435887102189185 8.334029220953088 1 0 0
-17.735710991755557 -18.65231090123333 13.823499997477779 0 1 0
-3.266502409269999 -0.7722781995932428 12.538842432424248 0 0 0
-6.708294579323509 1.2587596824831913 11.251157415675532 1 0 0
-21.359329560238233 -7.7462482452388235 10.736088247858826 0 1 0
-11.874703407286209 -6.262606587902415 9.101871753561722 0 1 0
-15.79168722477341 -3.292604053274148 5.93788539602383 0 0 0
-10.0749998093 -9.00689983368 11.5258998871 0 0 0
-21.67958566120714 -7.593684656280358 10.268125023157141 0 1 0
-28.17796832759512 5.74353834477878 9.19648005322683 0 0 0
-15.887085642128572 7.619075707025714 11.416085651957143 0 0 0
-9.848123550414543 1.0293772762472726 9.227831840515455 1 0 0
-13.773639415173411 -2.728716693025851 6.19456530631883 0 1 0
-11.657100132535714 -11.129700115749998 5.707351412092856 0 0 0
-8.188200133187143 5.811628546034285 24.365399769371432 0 0 0
-24.088441287770586 6.596787116107059 11.725905811082352 0 0 0
-25.35569996303333 1.8736722204422225 13.097511185555556 0 0 0
-22.367749895378573 6.239135026932857 11.278450080335714 0 0 0
-14.415554566809094 -1.2842463688418182 6.491730906747273 0 0 0
-28.066633224491664 7.219843268394166 11.153650124858332 1 0 0
-8.741717226016585 3.7660929771682596 12.24776893520621 0 0 0
-10.143641340313795 -10.404117189603449 8.21424924916207 0 1 0
-9.686123380473923 -8.661700772303922 9.801755325467056 0 1 0
-17.822053697377154 -6.281227838845678 6.233785184813335 0 0 0
-16.653500080125 12.762150049199999 13.80624985695 0 0 0
-28.1426377296625 5.780438661575 9.57970750331875 1 0 0
-7.96938991547 5.9250202179 1.1391299963 0 0 0
-31.45743327672222 -0.16108632191185554 10.2517223358 1 0 0
-31.40865039825 -0.1374463029207 9.989725112915 1 0 0
-9.490756670636666 -2.01565996806 8.631360054016668 1 0 0
-29.303532918300004 1.8509899775166667 8.438210169476667 1 0 0
-5.756315986926921 -1.6660720018241535 12.31199995187692 0 0 0
-28.126861753919044 7.645966688792857 9.20731630779476 1 0 0
-30.5189997355 -2.30405330658 11.551099777233333 1 0 0
-29.3142249584125 1.64803373813625 8.77835738658875 1 0 0
-9.219254072974561 5.635660143460295 10.69750146304853 0 0 0
-13.2724749445875 -8.974181234839374 7.04887378215625 0 1 0
-17.79393361563012 -7.43646047776048 5.782433957939038 0 1 0
-15.240115312438462 0.8046435438670769 6.445106139548461 0 0 0
-27.743808679410535 0.7320010024204211 10.597628091508769 0 0 0
-10.11449962953296 1.7687397595927639 10.75099908537348 1 0 0
-9.98113193512 1.096724987028 8.731816864014 1 0 0
-9.547828238351427 -4.536630289894857 7.347732857296286 0 1 0
-11.063346735633335 6.791325283049334 9.468892097471999 0 0 0
-9.469160006594615 -0.7533423808905385 8.779563977168461 1 0 0
-10.5978999138 -9.510494709015 9.348400115965 0 1 0
-17.201090942722725 -5.970254562118865 4.571762030775455 0 0 0
-17.27713804329734 -6.82080116103212 6.271377698509557 0 0 0
-27.593057087485715 0.09307677298787143 10.602285521371428 0 0 0
-29.93902946920588 2.9274941051711765 7.769141786239412 1 0 0
0.8007625937462999 14.237460041050003 7.294366979599 0 0 0
-15.2116248607625 -2.4185650050625003 5.397392451762499 1 0 0
-17.278793297664826 -3.7413230162091335 6.286589828948994 0 0 0
-10.236177816988121 -0.23579180800445002 12.035712203387174 0 0 0
-10.176427132738569 0.05700373445122785 12.045538561688574 0 0 0
-25.379755443999997 6.581651157802221 11.532277848977778 0 0 0
-11.679899990549998 -11.197737514981252 4.743087530136875 0 1 0
-29.859543681143748 3.327538728713125 4.8771824836725 1 0 0
-11.273917143679997 -2.7638237271994286 4.830442578451713 0 0 0
-17.106671197071428 -5.958552905492857 4.473355633871428 0 0 0
-30.4832000732 0.720391988754 10.9167995453 0 0 0
-16.6307498932 -7.516991996764 5.710717010498 0 1 0
-10.063314301642858 -5.643415723527142 7.527174200331428 0 1 0
-23.731973648066035 -2.745683953447734 11.220769828215097 0 0 0
-25.59662030537333 -1.7765813191733335 11.524139976493334 0 0 0
-9.211136706554598 -5.152255033924671 6.311656266233356 0 0 0
-6.876678603035716 -3.95148215975 12.16377850942143 0 0 0
-17.18128013612 -6.223367977142 5.365425968172 0 0 0
-30.384842496927277 3.246500903909395 2.734252142183636 1 0 0
-9.01253032684 8.40991973877 5.27753019333 0 0 0
-18.856533050533333 12.035866737366668 16.151933670033333 0 0 0
-17.79755692586496 -7.334858608941828 6.258990651499601 0 0 0
-9.95929850953939 -4.280218789071514 6.48432907913697 0 0 0
-24.359644571944447 6.741788864135556 10.96318335003889 0 0 0
-16.26251316070333 -0.12734516933551335 5.786490058898666 1 0 0
-14.2874739464 -7.377834176364108 5.89035019809267 0 0 0
-22.274862607325 7.175975859164584 11.7411041657 0 0 0
-22.2891373634375 7.241187512873751 11.434987545012499 0 0 0
-12.781563949584001 -7.2043927574164 7.871203613281201 0 0 0
-10.200526921501382 -0.2111957445098221 8.559284229936345 0 0 0
-28.207508954145464 7.22512637485182 7.634686470032275 1 0 0
-23.2901992798 6.46042013168 16.7252998352 0 0 0
-13.742208242408337 -6.297912081083751 5.25707213083875 0 0 0
-20.271569103664444 -3.7096126715346682 9.737393930223778 0 0 0
-24.187744423192587 -9.858466996086667 9.343720648024446 1 0 0
-14.5913937687875 -2.47254437208125 4.928619354963125 0 0 0
-11.170624971374998 -6.14551246166375 7.11666494608 0 1 0
-10.724515310924 2.1342612711591333 6.280636587143001 0 0 0
-12.843500137320001 -4.683048057558 5.97288198471 1 0 0
-4.703210035959999 4.898503303526667 4.198776721953333 0 0 0
-14.6261874437125 -3.1107687354075 5.8659136891350006 0 0 0
-29.1859000524 -8.52889506022 10.326016902916665 1 0 0
-29.54279994965 0.30257875844824994 10.425674915325 0 0 0
4.57760000229 14.5075998306 5.67535018921 0 0 0
-11.714418760367861 -2.211128034762143 8.233824857643748 1 1 0
-24.75878285347447 6.189932326052339 11.551655282363829 0 0 0
-15.597166697166665 7.23387336731 20.891299565633332 0 0 0
-15.682333310450003 7.209853331246667 21.040849685666664 0 0 0
-12.26866528723194 9.447347495290694 9.746408330070002 0 0 0
-17.3633995056 3.2074133555133333 18.8778998057 0 0 0
-17.1693448016421 7.602892662349475 11.752439498902634 0 0 0
-14.735020974836257 -7.336040998650395 5.878043976413544 0 0 0
-12.292973049099997 -7.264822044069682 10.10728733123492 0 0 0
-6.959953308106667 -3.10934662819 11.858999888133333 0 0 0
-23.31568342845333 -8.235897318522001 9.943794282276997 0 0 0
-30.78632098749737 1.7519544802221052 5.752584507591315 1 0 0
-24.901581287375 1.8026387467987501 11.513718783856248 0 0 0
-24.83395587073889 1.7296577758250002 11.44829442765 0 0 0
-10.048687696475001 -3.1545037031162497 10.111474990825 0 0 0
-11.796988911096298 -6.090437412262593 11.74722961142963 0 0 0
-9.493289947506666 0.47404600183166673 10.4925998052 1 0 0
-20.298789978029998 -9.809575939178 12.32822017671 0 1 0
-25.753751825400006 -8.261184868989258 7.429845209474073 0 0 0
-10.051097031793942 0.676180359089 7.7229084535081824 1 0 0
-6.946364198412857 -3.2426271438614287 12.10049983435714 1 0 0
-12.087800025924999 7.449259241422499 8.400864998498333 0 0 0
-11.270372910936363 9.232323559846362 10.183418360627273 0 0 0
-10.593765631317968 1.2275074273349995 7.71293321251836 1 0 0
-9.970757681983072 1.1242777858462858 10.738337871007147 1 0 0
-0.537146985531 10.1049995422 1.00335001945 0 0 0
-28.33180005926842 2.596028955359474 10.131194616610527 0 0 0
-26.78378608491944 -0.6604200816817222 10.931825028516664 0 0 0
-16.295537710181247 10.704706251631249 10.611062467112502 0 0 0
-30.131083170583334 3.6193533341066666 9.58175166448 0 0 0
-10.12013053894722 2.043936676449167 9.739476866192225 1 0 0
-25.6658337911 6.981893380483332 8.58652687073 0 0 0
-18.228300230842855 7.406056370053571 17.311549867907143 0 0 0
-17.037116686499996 -2.492529988288333 3.977913300195 0 0 0
-9.146058627537144 8.873688561575714 5.2671314648228575 0 0 0
-12.30336956355652 12.77459994606087 6.232921330825652 0 0 0
-22.828421592714285 3.3232346602857143 9.702732426779287 0 0 0
-20.187295393513637 -11.301036271177272 11.341122757299999 0 0 0
-6.64602994919 9.53890991211 1.11510002613 0 0 0
-9.616340966061724 -3.6595810117389656 7.401064132822068 0 1 0
-17.5416250229 6.5854824781425005 14.16682481765 0 0 0
-7.848758598853793 5.730289640097587 7.252764471646208 0 0 0
-24.666833665655552 -3.3495966858333333 10.960155593033333 0 0 0
-24.6002998352 -3.50856995583 10.9642000198 0 0 0
-30.800991853083328 0.254109000787 9.0879675547275 1 0 0
-13.796271383148186 -6.7713017008968 6.4264198234400025 0 0 0
-17.24559841393074 -5.658356993835188 6.259884815038695 0 0 0
-20.404885836999995 8.418529374259284 10.785478728149998 0 0 0
-22.4607000351 3.15912997723 6.385344982145 1 0 0
-7.863479094072727 3.7707536654045453 23.722063584772727 0 0 0
-25.84718884362778 4.731018861135 10.958733240766668 0 0 0
-10.966180102033332 -1.403256678582 2.716368007661333 0 0 0
-11.627377616044443 0.18482833397047777 22.32796647813333 0 0 0
-16.243190714519997 -3.3226257324224004 6.068151302337733 0 0 0
-19.268820190433335 1.214243340492 12.86846669514 0 0 0
-16.227220058440004 -0.7320562511683001 6.5185424804685 0 0 0
-17.160968716937997 -6.786184314092268 5.198814709981668 0 0 0
-2.7103903540248275 4.3134078815062065 6.816685890328621 0 0 0
-11.199494713226315 -10.770010647026314 4.766955827412106 0 1 0
-9.6946349144 -8.71726989746 9.4218249321 0 1 0
-11.049683252949999 -7.757981618243332 4.629323403041667 0 0 0
-11.224152233291306 -5.955581747966956 11.450447828878259 0 1 0
-18.232511181302222 1.5791393253542225 6.637440681457334 0 0 0
-24.7470998764 1.8663175106024998 12.395750045775 0 0 0
-17.5021495819 -0.2452890053395 5.940969944 0 0 0
-9.437769889832001 0.5164139986038 9.472701835632 0 0 0
-9.339587974547 -7.521942996979 7.395949983597999 0 1 0
-15.777610693662501 1.7373175003699994 6.53754623447125 0 0 0
-4.5278249979 2.3365524411175 7.331950068475 0 0 0
-14.036376953130768 -3.251966916596923 7.177279985867693 0 1 0
-10.755439972880001 -0.7599623993039248 9.80751750469175 0 0 0
-9.485184987385 -2.197195013363333 11.866583188383332 1 0 0
-17.210546100848035 -7.249316472633726 5.733270388023725 0 0 0
-15.617433320900004 7.349245253062857 10.738014312021427 0 0 0
-9.507662866054158 -0.6666292053002772 7.09103143887605 1 0 0
-14.757755931220702 -6.74441340764369 6.414666122481768 0 0 0
-16.1333650589 7.639568996428999 11.419110059734999 0 0 0
-31.42471941055484 0.7453162900862903 11.252157980403226 1 0 0
-15.264234554406054 -7.35268871711982 5.851799990913877 0 1 0
-14.823094199682354 -4.458390628589411 5.918096458211176 0 1 0
-18.578554543577276 -0.28957710670179 8.363400936125911 0 0 0
-19.758491834008336 -10.207933346425 12.258583307266667 0 1 0
-20.145225048075 3.1229100227349997 10.094575166725 0 0 0
-1.6551350057125 10.7377333641 10.624399900424999 0 0 0
-19.4923992157 3.69144010544 10.0284004211 0 0 0
-18.218106040953998 -5.7079296207424015 6.6917872047424 0 0 0
-5.38266873359625 7.063606202602499 4.17414617538625 0 0 0
-9.531078179678333 -4.910151640573333 10.552749951683333 0 1 0
-9.78891250491094 -7.086501255631873 8.727216929197189 1 0 0
-4.357989152272499 10.154233376199999 10.312483310708332 0 0 0
-9.72550596141459 -1.0793884573752894 7.738298340653865 1 0 0
-27.239752269933327 2.1108809652776186 10.57701428732381 0 0 0
-18.12458994147191 -6.304396516821461 6.323356055142359 0 0 0
-20.600900105057143 -6.211988517215715 11.41144275667143 0 0 0
-17.238316996531253 -5.258880535309746 6.325020234693326 0 0 0
-3.239243461536346 -0.23851682614679223 12.532184564150011 0 0 0
-10.043800822470178 0.797165650547579 8.344750948119652 1 0 0
-16.132399876933334 13.055600166300001 8.80221303304 0 0 0
-11.913728713985716 -5.847131388528572 9.36926146916 0 1 0
-24.751547851560005 1.8237827920904 12.801799888616 0 0 0
-14.738469903061791 -6.268335811491058 6.349961385494513 0 0 0
-31.148510106400003 1.2323413332303335 9.749121348063 1 0 0
-10.406328987531303 -0.30714291436532065 9.27661445122641 1 0 0
-1.2723616560316666 11.197933355966667 -0.20061442069688337 0 0 0
-9.967948366094443 1.0881114822851847 11.134500009037037 1 0 0
-6.697014384797778 4.315906736584444 1.7036333349022221 0 0 0
1.8239962607624998 7.6392049789425 5.660874962805001 0 0 0
-10.927199976785715 -1.5966164384585715 2.696134993008571 0 0 0
-6.600840997697 -4.6030899524710005 6.920405054091001 0 0 0
-32.86221422467143 -3.056981427328572 6.871308462962857 1 0 0
-10.25748759508125 -5.696356892585 8.587335050105 0 1 0
-22.9725008011 -17.2973499298 11.251500129699998 0 1 0
-26.18689666255806 2.5919283820735477 10.229803239132258 0 0 0
-23.876466539166668 10.356833351977778 14.205266634611112 0 0 0
1.2471744351911112 7.689466688367777 5.844785531363333 0 0 0
-16.07608526724074 -3.041507032182592 5.261759634371112 0 0 0
-16.215674473692303 1.7077258978130765 6.5417010478479485 0 0 0
-18.45656509399749 0.789557550847575 7.663176238536748 0 0 0
-31.291390646080952 2.258250032152381 11.167142868033332 0 0 0
-27.702095625142224 -8.297549290127554 9.278010008070446 0 0 0
-9.973524842151688 1.2211677889493606 8.132869038471398 1 0 0
-20.737105218991232 -3.599957725457368 2.310603693912105 1 0 0
-8.187910609773887 -8.109473811255555 12.125655492138891 0 0 0
-18.38289624340755 -5.132601117188492 9.637174732280187 0 0 0
-14.111857141771427 -5.68296289443857 5.9041956492842855 0 1 0
-18.31909277632432 -3.2208479224021622 7.695874334455677 0 0 0
-16.9779253006 -6.229057550429999 4.460372567175 0 0 0
-17.224483966831006 -6.331489291191601 6.0932365989679 0 1 0
-27.76218901738889 8.139445622761112 10.70496686298889 0 0 0
-8.920377638925926 0.44933680927052205 11.680441866281667 1 0 0
-27.8016500473 1.6517649889000001 9.946044921875 1 0 0
-25.735874891274992 2.6206026630739285 10.765471407346428 0 0 0
-16.249976031636468 -5.250530058024083 6.37076544883283 0 0 0
-18.290198326113792 -2.1854884418948273 6.724141038697759 0 0 0
-2.828827619552381 4.734152839297144 6.756409032004285 0 0 0
-21.376733144133336 -7.543509960173334 10.3385334015 0 1 0
-17.64767927493585 -5.836364692112262 5.920419854937358 0 0 0
-8.215426100624862 -5.724680542945141 12.116884708408334 0 0 0
-21.32525293450526 -7.063481581838422 12.298926253063158 0 1 0
-29.2993329366 0.8489853342373334 9.353046735126666 1 0 0
-16.744440334845937 -3.7174985888986543 6.304448838789826 0 0 0
-24.766806666049998 3.278401668866 11.614576689396666 0 0 0
-25.41025733947143 2.076674291067143 12.906714303142858 0 0 0
-30.794139120311108 1.6568338937227776 11.3478556739 0 0 0
-12.810263633731818 -6.639444091104092 10.065781810063637 0 0 0
-2.92366997401 5.567253271736667 6.219693342846667 0 0 0
-15.065719985966666 -1.940852681796 6.552631950378001 0 0 0
-13.273351040295744 10.739108491448935 6.736462775697231 0 0 0
-14.155961476833332 -6.537538931920257 4.806130005763332 0 1 0
-10.027733294173334 1.808637324969333 7.287857309975334 1 0 0
-25.5163993835 1.7369300127 12.4776000977 0 0 0
-9.947413989475715 -3.85189288003 6.468312808447143 0 0 0
-12.706895169752382 -6.328813314438333 11.815821397883331 1 0 0
-19.746700062470588 -4.671455093458433 11.220239246594119 0 0 0
-10.378374108560186 -0.1627138957889825 8.277264771638237 1 0 0
-23.536900202466665 -4.932016690573334 10.933300018333334 1 0 0
-23.4920501709 -4.91153001785 10.92595005035 1 0 0
-10.618215414184617 -2.4793861462523075 5.810870757469231 0 1 0
-9.140490055083333 -6.849856615065001 11.954883416483332 0 1 0
-10.242744445805554 10.44324996736111 7.432554430431111 0 0 0
-28.403175163280004 3.2474660158170003 9.873507070541502 1 0 0
-8.097181892396 6.774185943604 3.158200025558 0 0 0
-20.656085695542856 6.620982919419999 12.226571491814287 0 0 0
-18.519132614133333 0.708484987418 7.420699914293333 0 0 0
1.7626742635442858 6.803242819651429 5.644772802082857 0 0 0
-9.488912854875716 -0.7046258534704285 9.169144357952858 1 0 0
-16.256531127514734 -3.7546472222836655 6.351495078165381 0 0 0
-17.604705983933336 -6.0923984700987885 5.941863912525153 0 0 0
-15.6431999207 -3.51204991341 5.98118019104 0 0 0
-16.271660220664018 -7.252011483928234 6.302373978505953 0 0 0
-10.5832467397 1.696946009 9.165376663208667 0 0 0
-13.38127493855 5.15425002575 12.004249811175 0 0 0
-24.86710698263571 -8.279469285692857 7.226999964032856 0 0 0
-19.16785984039 -2.2341959953310004 9.768445968629 0 0 0
-29.8059902191 1.603226995468 8.63030500412 1 0 0
-10.756094691630524 1.4084062061812626 9.899454207169475 0 0 0
-26.4323005676 -18.54495048525 9.949290275575 1 0 0
-26.4332008362 -18.5776004791 10.0004997253 1 0 0
-15.240140198463058 -4.727895202349272 6.440492087273162 0 0 0
-8.62330520153 -2.83013752102875 11.991062641125 0 0 0
-9.700886501984119 -1.031851172447059 9.227560492121178 1 0 0
-21.59163322449334 1.2946566661186665 7.942660681407333 0 0 0
-9.173614278752554 0.8078497470693405 11.484140396117018 1 0 0
-27.62692012788 -2.198896002768 11.515890026090002 0 0 0
-16.253930528288134 8.205765400901866 11.712427026138977 0 0 0
-11.707926497499148 1.657322906021453 9.87517514188051 0 0 0
-12.869450092325001 -7.644412517547501 6.68220758438 0 0 0
-17.67490005494 0.9441585004329 7.108279991148001 0 0 0
-3.2414715290075002 5.836961007118 1.3795269966125 0 0 0
-12.299214226842855 7.523545605795715 8.598098618642856 0 0 0
-17.10633341471111 -7.036356608073334 5.437701119316666 0 0 0
-22.148166656499995 -7.066370010373333 11.200966517133333 0 0 0
-10.113988969055555 2.0565131902698615 9.15437654654153 1 0 0
-6.46018981934 8.04409980774 -0.34727498889 0 0 0
-12.6541004181 -6.99209022522 7.80635023117 0 0 0
-28.05817461015 2.9300575256375 9.063444852830001 1 0 0
-18.808182022790906 -2.2827484120011365 9.564673120325228 0 0 0
-4.394522031147333 1.1495833237966666 7.782246049245333 0 0 0
-10.09941005707 -8.640909099579 11.75396003722 0 1 0
-28.401095008855 3.7823920369145 9.7737514495845 1 0 0
-9.593862748057397 -0.26420976805521723 7.158738531587717 1 0 0
-10.639810686334421 -0.7801220555638279 8.436830418608979 1 0 0
-9.935505500206924 1.6612946070169234 10.833130763107691 1 0 0
-24.274599790587498 -10.047887444499999 9.28279757499625 1 0 0
-9.770240390423686 -0.30298375315273973 7.766575029215619 1 0 0
-10.799366623162497 1.6589394782980202 9.772796779870932 0 0 0
-12.271406995834484 -6.282287926509656 9.228505858059656 0 1 0
-14.23333465135577 9.20309516099692 11.2433153666 0 0 0
-16.900162015642856 -5.278451851435238 2.0498785404933333 0 0 0
-25.5013008118 1.93057000637 12.980799675 0 0 0
-29.1103992462 0.980300009251 7.51702976227 1 1 0
-19.42567116872857 1.0260185684485714 6.804411411287143 0 0 0
-21.397036465736363 -2.5393935983836364 7.965912688863636 0 0 0
-10.13860694016782 0.7556051296172723 11.565276221470786 1 0 0
-12.373764242442858 0.9181903600690715 19.429792812885715 0 0 0
-12.82829999925 6.761330127715 10.3845000267 0 1 0
-16.0998001099 -7.51595020294 5.52818012238 0 0 0
-20.394532945422224 0.33039322164322227 12.561666488644445 0 0 0
-30.88829994203333 -0.8323463201523333 11.260966618833335 0 0 0
-20.8303118313 0.9281230007899411 8.173852303447646 0 0 0
-13.9150733312 -2.361031341552667 17.09189325968 0 0 0
-20.695787547962826 -7.268081778973717 11.281369901337168 0 0 0
-14.797403037550005 -6.739529684185626 5.9009634107343745 0 1 0
-10.663153489427195 -6.258251671205349 5.158456154037195 0 0 0
-18.68434859610811 0.7003971096631352 9.457047617112437 0 0 0
-12.744569571117392 1.293977820353913 18.2568871042 0 0 0
-10.564543342593337 -0.191103839253375 8.539574289321168 1 0 0
0.809599183499875 6.822231262921875 4.235638737677499 0 0 0
-15.973374962812498 11.2538748979375 6.25819379091375 0 0 0
-5.088642537595001 3.7095187008399995 4.171403706075 0 0 0
-24.77215003965 -9.890660285949998 8.426194667815 0 0 0
-16.697101546870964 -0.2941130205459706 6.3120657974670955 0 0 0
-12.229516760506666 4.679643948872666 12.011919975276665 0 0 0
-10.75253042967826 1.6609022798743478 8.156841340272281 0 0 0
-15.620675086966664 8.321712414423333 10.349666674916667 0 0 0
-17.27694113114412 7.718710576787353 10.71802349650882 0 0 0
-10.77434455022222 -7.591635598075555 7.088970025382222 0 0 0
-21.701503435776665 -2.437219651540333 7.959390974044668 0 0 0
-4.6889874935175 5.1984249353425 4.03160238266 0 0 0
-23.583787441256252 -9.313983142376875 6.374809384346249 1 0 0
-17.264058223997672 -10.316009277525584 10.333402367516282 0 0 0
-15.874927347363636 -5.768917300484545 5.973382776432729 0 0 0
-9.46400642394818 -3.165510025890909 10.333127368572727 0 1 0
-18.266856193543752 2.215093106033125 8.88308995962125 0 0 0
-23.73919459751964 -3.7116825027128564 11.343376704621432 0 0 0
-30.116325686045162 1.139168712400645 7.6705909852051635 1 0 0
-28.852508627850003 5.822625015093478 7.843795392824347 1 0 0
-9.334498053011519 5.571825214053477 11.570228224215215 0 0 0
-10.215411478049722 -0.7294167120600326 8.55650479676284 0 0 0
-28.986627231945455 -7.289038181305455 9.182291811161818 1 0 0
-15.26278502716751 -6.201336512198971 6.220230988967266 0 0 0
-18.274766816038888 8.635456773969445 10.266088909572222 0 0 0
-12.713535920166672 -7.25577078110128 11.825517947858975 0 0 0
-4.815796571184808 -1.2303413919698438 12.346196899116277 0 0 0
-16.680635539962072 -5.830321498301379 5.927259308168048 0 0 0
-8.252306084883948 5.638657594981052 9.178324222565001 0 0 0
-8.297349517410002 5.460765374674055 9.318814922023513 0 0 0
-21.680592642888886 0.23425477391316446 9.704441847624445 0 0 0
-9.111745252446948 0.4184254220987119 11.614281363405084 0 0 0
-11.788229846970001 -6.23311100006 7.704517936706 0 0 0
-25.6050600052 -10.575810050970002 8.692099094390999 0 0 0
-15.237483309106686 -6.746897173952216 6.4046824348286115 0 0 0
-7.8645236227238895 4.6533891757325 7.217152820693335 0 0 0
-13.297797668813956 -7.394549652588141 5.953694792680814 0 1 0
-4.42239123582875 1.28384375572125 8.13310503959875 0 0 0
-9.777212595328404 3.275435068668654 12.230592935514743 0 0 0
-16.710408380098126 -6.2178350252531756 6.143852835503554 0 0 0
-18.29366162483297 -3.296120851598085 7.32583617656819 0 0 0
-18.212271202937774 -4.678287972343778 5.849859968821331 1 0 0
-15.1339846391 2.3958653670084615 11.6456923118 0 0 0
-23.392799758940004 -9.128896141052001 10.56305999754 1 0 0
-14.759890440343245 -2.7950606797187834 5.817055418684461 0 0 0
-16.27956742344585 -6.1612472982037625 6.165802160021048 0 0 0
-3.0165399710366665 3.3580699761733332 4.622576554616667 0 0 0
-10.0758500099 0.25710345618429997 6.48344016075 1 0 0
-2.89948999882 5.2268083095549995 5.879846572876667 0 0 0
-9.824588966369 -4.618229985236999 8.618354892730997 0 1 0
-11.182237625119354 -0.29459376424869893 8.284418926443871 1 0 0
-15.921639722941176 -2.711002788122647 4.239349414320885 0 0 0
-13.581069573108694 -11.144156580386959 9.286052620929132 0 1 0
-16.2476380026195 -6.742723406135258 6.34167708824198 0 0 0
-9.302473606207695 1.2628282033484615 11.410017991674355 0 0 0
-27.710325241074997 -16.474024772649997 8.377427577972501 0 1 0
-27.703424930575 -16.527875423425 8.42078757286 0 1 0
-25.699055046868963 2.662845874654138 10.357855139110345 0 0 0
-10.986628668642856 8.319077355521427 8.934417179651428 0 0 0
-23.208749771100003 -7.8993601799 9.997245311735 0 0 0
-23.100085939671427 -7.824551514215715 10.066671371442856 0 0 0
-10.59545506468165 -0.7980165662021653 8.575737305737341 1 0 0
-17.23226431177148 -7.230713075272767 6.285441920097829 0 0 0
-15.26047832378116 -3.1518438968102904 5.290254786395073 0 0 0
-11.416636380281817 -5.9737591309981815 4.679307287388181 0 1 0
-12.224669731028788 -6.737771937341211 6.428202101678482 0 0 0
-20.602722273927775 4.736854394276111 13.084916644627777 0 0 0
-6.1416437625875 0.6139775589108125 1.694475628435 0 0 0
-10.389495512077525 -1.155567641339101 11.232229222074155 1 0 0
-6.751302046196169 2.2700907426455155 12.348070046611218 0 0 0
-25.684691747033337 -16.156083583841667 11.249091784166666 0 1 0
-16.785007953639475 -6.088792324066186 5.93785315438421 0 0 0
-14.75570663038812 -7.233967527643044 6.348316726151156 0 0 0
-24.9500248432125 2.1836900115000004 11.527550101275 0 0 0
-16.240617501840223 -4.263648533612657 6.3888899077480445 0 0 0
-12.928092222938462 -11.194730832046153 9.187633954563077 0 1 0
-17.774281607733332 -18.639522481840743 14.257692654925926 0 1 0
-10.668836474423957 -0.2998420507647187 9.266865005095731 1 0 0
-8.949892044067 -3.8054980039599995 10.474119949330001 0 1 0
-15.248277770155555 -10.122672186955555 11.089094479888889 0 1 0
-0.395967245102 6.62024998665 2.6833449602124997 0 0 0
-28.42815844219167 3.938006659349167 7.230200012525834 1 0 0
-13.20027980806 -3.054122018814 20.91044044494 0 0 0
-4.387256915753077 2.300445336563077 7.207709239079999 0 0 0
0.27919399614138335 4.781941731771667 3.3284516731900005 0 0 0
-10.66850737273934 -0.1803133178991025 9.853557211454017 0 0 0
-10.758236710229994 -1.1129375000793331 8.2454403718315 0 1 0
-3.34056997299 3.19621503353 2.9245449304599997 0 0 0
-19.364749908435005 2.601169991493 9.8178440093985 0 0 0
-10.564331606821053 -6.69044843473 5.732996338292631 0 0 0
-22.718907869784616 5.302705361292308 12.588453879730766 0 0 0
-13.269802384077346 -6.279428809881722 6.280694071203281 0 0 0
-25.214308963100006 6.189474105835589 11.541002946735295 0 0 0
-8.901945561170622 0.05363162490539688 10.792909353978125 1 0 0
-9.466567277907501 0.4581687524915 10.741049766549999 1 0 0
-17.13324045 4.161396543185002 8.67820655731917 0 0 0
-9.380591392517143 -5.580477169582857 7.084427152361429 1 0 0
-20.242924976345 -13.254320049295 12.20822501183 0 1 0
-17.423166656493333 5.9126039505013335 13.728826522826667 0 0 0
-8.793132718403665 1.692051657040667 11.396003309886664 0 0 0
-18.406095547144453 0.2669163086865726 7.225676854451556 0 0 0
-10.293188461888459 -5.7635803956250005 8.354446484493078 0 1 0
-7.142719407876247 1.7190698062379166 12.322189629072911 0 0 0
-23.5198001862 -5.50151014328 10.9029998779 0 0 0
-23.5835835139 -5.437456687291667 10.93233331045 0 0 0
-16.174574852 -5.25341999531 15.890875101099999 0 0 0
0.402887497097125 6.171322524548749 3.75585871934875 0 0 0
-13.221278160815627 9.204808726907347 11.726770311595311 0 0 0
0.50999073684225 4.380859971045 3.3554025292375 0 0 0
-32.70849990845 -2.02828001976 10.4247999191 1 0 0
-11.599400202433332 -8.598536491393334 10.971833546966666 0 0 0
1.3832674920575 3.7141424417474997 1.505814999345 0 0 0
-18.24669028491708 -4.29545125728683 5.833765611415365 0 0 0
-23.78787656932307 10.420076957115384 13.686276876 0 0 0
-19.824671881557144 -10.957942962642859 11.305471420285715 0 0 0
-9.48657408356781 -0.8045222442597814 10.741968721146874 1 0 0
-16.62942008971333 -3.082025988897333 4.659725348154 1 0 0
-31.91923929296522 -3.1736178501791303 8.256867325824347 1 0 0
-21.13992516199167 -4.527991692225833 10.182191689808333 0 0 0
-22.4069856916 -8.855297224862856 10.038142749257144 0 0 0
-9.454756736754444 -3.0664455360833327 10.621900028633332 0 0 0
-18.23970220354444 -4.7433330165016665 6.738763888676998 0 0 0
-23.16698900857778 -1.1307722197644445 11.523500018655556 0 0 0
-24.717800051667435 -1.1893269766218602 11.396123265113955 0 0 0
-26.1011877059875 6.363261163234999 11.5498498678125 0 0 0
-17.30306106142222 -3.55321556992 5.956676668591111 0 0 0
-10.73464094508182 -6.349153605374091 7.557678179307273 0 1 0
-2.912821690241667 4.730651696523334 5.838366746903333 0 0 0
-32.74389281096296 -1.747668151502592 1.7471570350507408 1 0 0
-23.24983796619524 -2.1407090595785716 11.451376188366666 0 0 0
-18.255001185851857 -3.7551540739741966 6.738277900366051 0 0 0
-15.750011877806465 -5.259890463925427 6.395784156267365 0 0 0
-23.345688090605883 -8.467991099638235 10.768358791582353 0 0 0
-31.541066487633334 1.3218033313766668 11.257183392833333 0 0 0
-29.2191495895 -0.004776649875565 9.803670406344999 0 0 0
-27.90462166922143 3.104255727358571 9.240860121592144 1 0 0
-16.08969455296667 -7.463507758247221 5.458786673016666 0 1 0
-8.733156707716459 2.780875168972486 12.27341181595155 0 0 0
-6.9587607554025 -4.32885215963643 5.578095725604999 0 0 0
-3.7540500164033332 5.17833328247 5.201036612193334 0 0 0
0.10047674109234166 4.750909924509167 3.868739962578333 0 0 0
-28.737448115404938 3.7819417317711093 7.211893446651729 1 0 0
-13.740575734856309 5.311300189749514 11.884100932516501 0 0 0
-4.420831871033999 5.886919975284 4.76205997467 0 0 0
-16.136654853834997 -6.356110525131499 5.6883790254590005 1 0 0
-7.06538052559025 -4.346303248406251 5.7232692718510005 0 0 0
-11.09057998658 1.1788979768760002 7.831942081452 1 0 0
-6.964701235294376 -4.5564300417900006 5.6458218395706234 0 0 0
-28.21182489395 9.956109762192499 9.797874927519999 0 0 0
-9.745131213295986 -1.1023164399000838 7.349416639016736 1 0 0
-18.275409651965848 -4.36626028433122 7.195618803907804 0 0 0
-15.384549935649998 1.8584550221749998 5.96941828728 0 0 0
-9.25689983368 -2.02781009674 6.23792982101 0 0 0
-4.57266497612125 3.2564674913887504 8.24517130851625 0 0 0
-31.719499905933333 -2.07727666696 9.237963358561666 1 0 0
1.39120000601 6.450615167615 4.971364974975 0 0 1
-16.58652877807143 -6.935108525411429 7.558477197375715 0 0 0
-27.88024527027097 8.724540925794837 4.222112271093225 1 0 0
-35.55090141295 -13.194799900100001 9.519340038300001 0 1 0
-18.23328467547288 -5.7417559300433885 7.289916620416611 0 0 0
-0.09014224866387499 3.63407498598 4.3128423690775 0 0 0
-10.253934818773912 -10.554769557452175 6.714337390401739 1 0 0
-7.058807408367778 -4.575847449124815 5.773579208939999 0 0 0
-9.841928041898075 -7.75188655119731 5.673635427768845 0 0 0
-12.241193865550615 -7.176890749990367 8.263376424341976 0 0 0
-3.184274005889 2.2930744886389993 4.7204130172730006 0 0 0
-28.39260005955 -17.084100723299997 6.65794992447 0 1 0
-10.182332566291285 -5.727497686039245 6.420051621668329 0 0 0
1.1146914277757143 7.733282838548573 4.591921397618572 0 0 0
-11.354903451327585 1.5678603525813797 8.14501903797069 1 0 0
-6.735922683369091 5.260451793669091 8.31220817565909 0 0 0
-31.237285041810004 -1.2132760107510001 11.271034955984998 0 0 0
-16.25481436718651 -4.746816184328797 6.3833300368539625 0 0 0
-21.167946008530766 -9.566546953640769 10.12144616933846 0 0 0
-13.7832302049186 -5.166023232215814 5.86382189462349 0 1 0
-8.722050828933503 1.7315300953389001 11.632766017911 0 0 0
-9.930602915410004 -0.38799386873768066 11.242925787198592 1 0 0
-11.084675073624998 1.1261149843516667 9.400215943654999 1 0 0
-16.726258551489355 -6.736230052885865 6.320012174668647 0 0 0
-12.082964000706 5.945509004593001 11.292261962892 0 0 0
-18.35283264747308 -3.7563551847749044 8.160808333983654 0 0 0
-9.944806734719998 9.385123252866668 9.913966496783333 0 0 0
-10.011025872724135 0.13595678104920517 11.26747238224828 1 0 0
-10.303144064245812 -0.26150957812884096 10.760541420150224 1 0 0
-15.745553967963932 -4.257909474681246 6.420787116188309 0 0 0
-8.638412738192317 1.1706520301715944 12.268937691395655 0 0 0
-13.73348434862289 -6.344440730220963 5.786070260656627 0 1 0
-23.72912682427111 4.245926687452443 11.603817791404445 0 0 0
-10.672300481791993 -0.2780421304423238 8.372170810699503 1 0 0
-16.21975713457428 -10.81276573453572 9.912261118207859 0 0 0
-26.222093121758626 7.214162103060689 9.802718655815859 0 0 0
-23.17583999632 -17.3351600647 11.23473987576 0 1 0
-12.31406298927174 9.262849538222392 11.807793430656522 0 0 0
0.585872332255 3.67742665609 8.195636749263333 0 0 0
-26.898566563933333 -16.281466166166666 8.638753573103335 0 1 0
-10.637931251522502 1.2332723692058756 7.336645001173001 1 0 0
-28.160224914550003 10.172637581825 9.80288124084375 0 0 0
-13.175520616402938 -11.275267685161761 6.234220869401177 0 0 0
-28.468758424125 -7.252615014712499 9.682384967805 1 0 0
0.31149644218387496 1.7556049823749997 5.572504341603124 0 0 0
-19.04398040772 -1.1766999959959998 6.493254089353999 0 0 0
-31.36840014988334 0.2122477640707839 10.31344456142778 1 0 0
-12.704728671485713 -3.10006925038 5.3860150064742855 0 1 0
-21.588685716885717 0.3698198518582857 6.827377114977144 0 0 0
-18.280432879918756 -4.257925294339218 7.788295924662813 0 0 0
-21.405550003033337 7.876966635386666 11.072099844616666 0 0 0
-21.362114225114286 7.85644006729 10.93772860935714 0 0 0
-4.1351075172425 6.221101254223125 12.122974991799998 0 0 0
-10.049848023362202 2.0605414889930707 8.290699801107008 1 0 0
-13.662146935096155 -6.726963138580462 5.227711314421384 0 0 0
-13.469708363216668 -6.76677250862 5.145913362503333 0 0 0
-17.703214372928574 10.9179002217 10.275042942599999 0 0 0
-18.61754070872958 -3.7846484520070414 9.438400846132117 0 0 0
-23.785890102394998 4.796186542510998 11.43479504586 0 0 0
-28.465475082399998 3.2520299553875 10.057374954224999 1 0 0
-28.5044002533 3.20146989822 10.1073999405 1 0 0
-9.637455735887142 -7.527289220266428 11.240385668628573 0 1 0
-18.25837329682762 -4.233711138226095 6.741847433363048 0 0 0
-30.309656640756515 5.330341318379132 10.290895627900001 0 0 0
-3.5983192750378565 0.37478442809414286 0.3558145697628571 0 0 0
-5.12543996175 3.3303233782466664 3.8855899969733336 0 0 0
-24.673630567696154 -2.3670130876384614 11.078473091123076 0 0 0
0.5230999946592001 2.1516940116899996 6.8866580009480005 0 0 0
-7.290300607680001 2.78668060898875 11.900518655781248 0 0 0
-12.587962746612497 -6.431968748571251 9.361039996148747 0 1 0
-12.818938475376921 -7.377364354256668 8.71932638608487 0 0 0
-18.328615882181822 -4.254513892260454 8.189360466870793 0 0 0
-18.355376426217024 -6.217208050666811 9.815976812485108 0 0 0
-15.747914446797806 -4.761930520267931 6.4127620468346045 0 0 0
-13.2949474411798 -2.7967094941577786 5.7301484695589915 0 1 0
-9.714884707801579 1.0894984195105262 11.57412102348421 0 0 0
-1.3578024953618748 -2.7828862667074996 5.241869360206874 0 0 0
-10.055410485526318 2.333392657732632 12.246399879452634 0 0 0
-9.944900165904633 1.8727409101670551 7.669951517344332 1 0 0
-31.195482366223533 -1.8648947056594118 7.735887667712941 1 0 0
-9.457113075257 -5.518198013305001 9.717095851898 1 0 0
-19.199775218950002 13.061124801624999 16.352825164800002 0 0 0
-18.30105413549176 -3.725852469836587 7.782034840303175 0 0 0
0.24513159990320005 0.7196990013122999 5.154649972915 0 0 0
-8.831068307339637 -0.2797703723804072 12.058157458277542 1 0 0
-14.250914441004468 -7.289137158180869 6.385089762880315 0 0 0
-11.737006464312907 9.329434579418711 11.777745154609677 0 0 0
-25.710892430059264 6.627712549986666 11.343874083622223 0 0 0
-15.647955170993104 -0.20825269638467242 10.73911035472069 0 0 0
0.45413188548647054 2.2187017833482354 7.217507109922941 0 0 0
-18.30081893302973 -4.743345002870405 8.201879462680543 0 0 0
-18.252725124374997 4.0771875381475 8.33401989937 0 0 0
-10.075984858664706 1.1562463015068067 11.545626880743692 1 0 0
-9.987808595623859 1.7126885924412285 8.14109685128158 1 0 0
-10.414409570632486 -0.31271095412547767 7.745924822084207 1 0 0
-11.64908508668685 -1.1559164942352633 7.725085066075702 1 1 0
-10.39237594603889 6.159767053744815 9.633417800621112 0 0 0
-10.72506919273077 -6.64063692092923 5.30748304954 0 0 0
-18.722460047396666 7.898881006241 11.289093367256665 0 0 0
-24.467133204099998 -3.4445299307533332 10.989266713466668 0 0 0
-13.58793342113333 -6.7663345734270814 6.800256272157917 0 1 0
-27.75520006816667 -9.121203104653333 10.0710999171 0 0 0
-17.28644455802222 12.055677837799998 16.187588797666663 0 0 0
-18.20560510279492 -6.263516434168306 7.291956424713222 0 0 0
0.4451792207028889 5.915454493628889 3.6451144483355558 0 0 0
-8.24056040551041 4.660173707756777 12.249693413411576 0 0 0
-27.179338879055553 3.6771116786538887 10.109060923255557 0 0 0
-11.26775250290101 1.3693366640742426 9.8661897832696 0 0 0
-11.656300226866668 -5.344240029653334 6.4770731925966665 0 0 0
-20.44817447665 8.442392826079999 11.108850002275 0 0 0
-29.78719997405 -15.841274976700001 8.33610033989 0 1 0
-24.281299884499997 7.664694235874999 10.869376952823076 0 0 0
-18.25056308248696 -6.229776931845868 7.7354593484293455 0 0 0
-12.102758367862501 -11.052191694579166 6.27607085307375 0 1 0
-13.72425041542522 -7.358781887604328 6.70540919174991 0 0 0
0.8274210095406668 -1.7327799797066668 6.45780992508 0 0 0
-13.750717021053191 -13.138685084399995 10.096636183712764 0 1 0
-20.397124767325 1.5506425201900003 12.53749966625 0 0 0
-19.309746401646432 -6.301118544169998 11.55575721604286 0 0 0
-20.7458002567125 -8.524055004120001 16.247312307349997 0 1 0
-22.465399742149998 -3.42429995537 11.44540023805 0 0 0
0.32085900008650003 2.06205499172 5.542119979855 0 0 0
-11.140181364023254 1.62509651794 11.419009275223255 1 0 0
-14.4764995575 -2.45687508583 4.93977499008 0 0 0
-11.660659980760002 -1.8717420101160003 20.342600250239997 0 0 0
-18.295497583786048 -5.266403830329069 8.219662755034301 0 0 0
-16.5172996521 -1.7499400079249998 4.968012452125 0 0 0
-15.733194592196025 -6.737245485670539 6.369180503734981 0 0 0
-22.70499661763333 5.695191685359335 12.216173299156662 0 0 0
-20.730858746694114 -9.394092335420588 10.037588119511765 0 0 0
-24.8287997246 -2.7843124866475 10.968749761575001 0 0 0
-28.560919952379997 -9.096504020687998 9.617225837708 1 0 0
-19.701835412894688 -9.225006365143452 10.180607930748673 0 1 0
-7.967205047608334 6.035355011621667 6.647426684696666 0 0 0
-28.33688011168 -6.699463939668 8.861840057372001 1 0 0
-6.669539928435 0.913067996502 1.47592496872 0 0 0
0.950084000826 1.200455009935 0.9264484941960001 0 0 0
-11.792416572575002 -5.988787531853333 4.186025857925833 0 1 0
-10.808266639700001 -8.58297665914 6.519626458486667 0 0 0
1.7374880075459997 3.8187970161450004 2.7843879938120004 0 0 0
0.4388914048674001 1.193172001838 6.411280059814 0 0 0
-24.754348144532006 6.0922676467892005 6.905222854614799 0 0 0
-7.110455036165 8.29368019104 7.01833486557 0 0 1
-23.126350045206248 -2.281839400530625 11.518612503999998 0 0 0
-24.77093315126667 -16.7675660451 15.535300254833333 0 1 0
-12.187400080949997 -7.633933175694545 11.190536282286361 0 0 0
-0.364132836461 6.283890008926668 12.604033470150002 0 0 0
-11.70765276212838 1.3488244559314861 9.88535393895297 1 0 0
-12.812607084007142 6.653099230357857 9.663255078452854 0 0 0
-23.830885157867648 3.759319417617353 11.581285280338236 0 0 0
-8.669311387197858 -7.560963562557142 7.459796428680002 0 1 0
-19.789151475235133 4.287807297061892 9.895656766117844 0 0 0
-6.620529969533333 -1.9788500070566666 11.519133567833334 1 0 0
0.9282256215812499 -0.7294613569974999 16.1138000488375 0 0 0
-12.801290715537334 -7.374004789988133 5.967154680887198 0 1 0
-11.875441630687499 7.111498753229168 9.135622978209582 0 0 0
-25.273278645107137 1.784559292453214 11.406585727417859 0 0 0
-0.2853720001875 2.9023500084875 4.864149928095 0 0 0
0.7737737618960769 0.8244628401902306 3.118302290255385 0 0 0
-17.188560758321426 2.7327053717196432 9.635869605200357 0 0 0
-23.742258071912904 -1.5860525715732259 10.709767772303225 0 0 0
1.3390033245066668 2.8025066057866668 1.7529133558266665 0 0 0
-12.841550025940002 -10.956099987032001 5.827376003265001 0 1 0
-16.852399349225 -0.62854850292175 5.664355039595001 0 0 0
-26.82943312325833 -3.313480019569999 11.200300137216665 0 0 0
-17.28393507003 9.2095085144035 10.599989986415 0 0 0
-27.67712545395 -7.7731450796125 7.562610030175 0 1 0
-18.25403694484566 -5.734399360158912 7.750263493993912 0 0 0
-18.360431204902227 -5.796512211694666 9.809020911322222 0 0 0
-4.806881359642857 6.214874267577144 11.159514290942857 0 0 0
-12.346860651103277 6.0495943944967205 11.253867258790164 0 0 0
-24.068954944619996 -9.370183944701498 8.074668121336499 1 0 0
-14.78952679983171 9.068658549611465 9.247178240520485 0 0 0
-19.19028313955 3.042858362198333 8.175833384195 0 0 0
-10.0417003632 -2.02813005447 9.52840995789 1 1 0
-16.890299860646667 -4.375837294260666 5.768578656514667 0 0 0
-21.19227552415 2.7933099269875 7.990007519719999 0 0 0
-21.22037457405319 2.7027491457919144 8.06015893246298 0 0 0
-16.67393957893962 -2.7920507440026414 4.54973434052283 0 0 0
-16.080745124815003 10.687614917755 6.663923478126501 0 0 0
-0.44205677178166664 1.6803777880144444 8.602043257818888 0 0 0
-18.265448699125674 -4.786616331822839 7.770708638268373 0 0 0
-12.685300009585717 4.471774305617142 11.9094001225 0 0 0
-13.5846996307 -1.11643004417 6.47475004196 0 0 0
-12.41712313433846 -3.042410758825385 5.593278371369999 0 0 0
-15.055216789266668 5.648193359375 11.8705333074 0 0 0
-21.234276266670587 -4.527447672451765 9.807915855857058 0 0 0
-9.802211743234702 0.25263415095829733 11.676298347326519 1 0 0
-20.359467926039997 -8.268617706299201 9.690739517212 0 1 0
-0.118294000626 0.449281007051 4.41389989853 0 0 0
-21.147735595696425 0.68186232021875 9.751263482230002 0 0 0
-18.26673446163225 -6.25156634341011 8.235622057350863 0 0 0
-18.560982311470593 -5.894538206212353 9.97195412130941 0 0 0
-11.146648210836169 -1.8357122671517023 7.748179709657807 1 0 0
-10.9453748862 1.4709791640433334 11.458350022633333 1 0 0
-18.254173457621874 -5.298869386315468 7.7629749998451585 0 0 0
-20.212661435519355 -8.335426176747097 9.463630676269679 0 1 0
-14.43403987884 -3.8591159820579994 5.569769859314 0 1 0
-18.54726028443 -4.854250955582 9.680847930909001 0 0 0
-17.243713465604547 -12.357295426459093 11.394427256168184 0 0 0
0.8218567013739999 -1.196422004699 15.73946990968 0 0 0
-18.31264474656667 5.414292203055001 10.323722150594442 0 0 0
-16.3930747508875 -6.9036412239075 7.5366050601025005 0 0 0
-12.385834430824138 -7.197115125325864 7.269294820982413 0 0 0
-18.4398333231606 -4.878817298195151 9.68747858567697 0 0 0
-1.8682557174157144 -3.3060328960400005 8.188447271075715 0 0 0
-16.030057089657145 -0.21191076934322858 11.382742881785713 0 0 0
-10.789264678958823 -5.742705878088823 6.450347058914118 1 0 0
-10.74019878293395 -0.2855950544852932 11.867193245593212 1 0 0
-20.252468410289474 4.24202184928079 9.840590326409211 0 0 0
-28.521475315100002 8.586124897002499 10.049724817274999 1 0 0
-21.905171666821435 -5.137584345683571 11.529828412178572 0 0 0
-21.663089686427586 1.087144831132069 8.103257639655515 0 0 0
-10.162199974033333 -4.52837673823 7.995976607003333 0 1 0
-9.275718192744225 4.692498284627314 12.181267513491054 0 0 0
-28.09942941105294 -0.2125161215663235 10.378505987270586 1 0 0
-18.243142809195238 -6.757367118956509 8.248798218984287 0 0 0
0.331687986851 0.425525009632 5.30071020126 0 0 0
-9.27154407501 10.262779998800001 7.028602027894 0 0 0
-29.42932735789091 3.331059976058182 8.347392689098182 0 0 0
-16.720570366200768 -7.250577840438076 6.313930538984808 0 0 0
-0.077117331326 2.6984766324366665 3.87569665909 0 0 0
-18.603560066220002 2.32592101097 8.878908061981999 0 0 0
-9.345656712850001 8.346873283383333 8.739329973856668 0 0 0
-22.162979507419998 -4.400946044922 10.72807998658 0 0 0
-7.809407065895882 3.8897664546964705 6.338799981510589 0 0 0
-18.543999892007697 -1.2910276834776924 8.356830083407692 0 0 0
-18.383517020080003 -3.829194572993429 8.742352022444 0 0 0
1.1849100192366666 2.2798133691166664 3.1011599699666665 0 0 0
-10.913528487785713 -8.317151478358571 6.6515928450080954 0 0 0
-11.386819378022578 -0.2738202257502581 8.707577428510325 1 0 0
-18.75909345046739 -11.352321749152173 11.199467368743479 0 0 0
-9.51154994965 -5.67898988724 9.19569969177 0 0 0
-18.749760577557893 4.722366583975 9.879561875996316 0 0 0
-14.131437746684444 5.7932266765168885 11.89628895653556 0 0 0
-4.273078282675001 -0.208649759782205 12.519466718033334 0 0 0
-15.256953991814884 -7.22104548582979 6.319930205295845 0 0 0
-10.0030002594 -2.03550004959 8.96065998077 1 1 0
-5.424625669207143 7.773662192479999 24.169064113071425 0 0 0
-0.24144900590149998 3.34207999706 5.082994937895 0 0 0
-14.197757039757144 -7.6089000701885725 7.234502792357143 0 0 0
-18.84249515068537 -1.6851729183665847 9.792300294084388 0 0 0
-10.706641649589102 -0.7480006324938977 11.87881860366346 0 0 0
-9.64430565304111 -6.12928893831111 5.824645625222222 0 0 0
-0.614845372736625 -2.30218872428 13.3667126894125 0 0 0
-18.429122077103703 0.2131895765628285 7.669386298567406 0 0 0
-14.62119989396 -4.737305974959 6.5655800342549995 0 0 0
-6.490494319370001 1.1224842752742856 11.2197001321 1 0 0
-23.684599558499997 -5.259658257168333 11.108866532633334 0 0 0
-23.350710974822224 3.7960088517933332 11.674133406744447 0 0 0
-9.48550987244 -1.82534003258 9.61909008026 1 0 1
-10.251352021614025 -0.3349567006765057 11.232370506795204 1 0 0
-26.119099855437504 -7.259575009345 7.5874261856075 0 0 0
-10.056283315025 0.07267137713885584 8.145646651586665 1 0 0
-7.733325004579999 -4.079225063325 11.8694500923 0 0 0
0.06137979899826667 3.7101533412933336 3.8142166932433335 0 0 0
-18.13565363202679 -7.314506232738749 7.822873047419821 0 0 0
-18.37937731424933 -3.2315707969670657 8.164282798767601 0 0 0
-8.409709323535152 5.401383024273637 10.669536359381818 0 0 0
-1.4296141410703451 -1.150302422457931 5.268295896465515 0 0 0
-18.629800024495243 -3.200560007775714 9.335339092073335 0 0 0
-15.201344734741443 -10.21355458937368 10.23877696614211 0 0 0
-28.68029823949831 6.172241720102374 7.755624577150679 1 0 0
-5.618921843441363 -4.746551838788637 6.3345213586631814 0 0 0
0.29849499464 1.29482996464 5.58488988876 0 0 0
-8.910995006564999 -8.306755065920001 11.9156498909 0 0 0
-9.66977420606 10.37865267301579 7.221866883727896 0 0 0
-6.846629947423749 7.706049382686248 7.725016236305626 0 0 0
-8.40186646405412 1.929476471507059 11.887335272399996 0 0 0
-4.272361248731251 4.787514999508125 12.590334415440624 0 0 0
-11.303527225145455 -6.6729336218399995 5.573648236015455 0 1 0
-9.41963005066 -2.96903991699 8.3448600769 1 0 0
-24.399824619300002 -8.439737558365 6.845737457275001 0 1 0
-12.245593038098274 1.3752037903356906 9.847200064823449 0 0 0
-27.703431823031817 -8.62712279233091 9.413300080733183 0 0 0
-9.436412048342001 -5.574085998536001 8.901321983336 1 0 1
-16.3370623588625 -2.9244262576100004 6.014531254767499 0 0 0
-10.098724921558334 -5.440705060959167 9.623053312303332 1 0 0
-10.725842174721052 1.454540528749474 8.138641056261578 0 0 0
-19.314346166746155 8.20217851492 10.890415485099997 0 0 0
-10.406536054392694 -1.0981493600425567 7.725657674275706 1 0 0
-8.911545499165554 -1.7338746627166666 6.2726742214626645 0 0 0
-16.692160034176002 -7.446221981048001 10.871675987236 0 0 0
-9.488058345658034 -0.8299356784139464 8.170887129647499 1 0 0
-18.763200102182765 5.7166714010572415 13.901044812693101 0 0 0
-23.15318012238 6.598390007021001 12.73233013153 0 0 0
-1.6162950197850001 -3.6523166894916663 8.751436869305 0 0 0
-16.28819774445715 -7.3931311879840464 9.796737398419763 0 0 0
-11.219382314132357 -5.645920010173824 8.614034400266176 0 1 0
-11.841202635526313 -6.811523901787896 7.949387349580528 0 0 0
-0.36741414027564284 -1.2239221504742857 7.202407905035 0 0 0
-27.258908576153186 2.6580134046838295 10.122978717723404 0 0 0
-17.325967941284002 12.72512813568 10.252175979616002 0 0 0
-16.12677993774 -1.156297993658 6.503197956084 0 0 0
-18.725900024665577 -11.705783546947536 11.243234446793444 0 0 0
-16.30290243101707 -7.3090963363651245 7.659887470849753 0 0 0
-9.390451240539333 -5.687335999806 11.229686673486666 0 1 0
-18.21890289642941 -7.298690452295587 8.680110412484705 0 0 0
-25.82164382934375 -2.67654311657 11.458106160168748 0 0 0
-7.218671817933306 -0.27400526821031523 12.251921784488712 0 0 0
-11.177850127225 1.44287750124875 11.428737401962502 0 0 0
-11.223528451064222 4.250392026048376 12.0540626184748 0 0 0
-11.127766609166665 4.203976631163333 11.984700202966666 0 0 0
-10.699840863546774 -6.248776835779897 4.911930548247472 0 0 0
-9.210176821954551 -0.2531416639685263 11.897382062352696 1 0 0
-12.254653658189284 -6.806726813316786 7.773027164594642 0 1 0
-3.958448028566 5.278565979004 12.434259986899999 0 0 0
-11.704208861457776 -0.3840348458952667 8.866512213811776 0 0 0
-4.685704657009285 -5.220763189451786 5.272223540714286 0 0 0
-23.4619007111 -5.56657981873 10.9398002625 0 0 0
-10.963541143082352 1.5400776372229412 11.4673353644 1 0 0
-16.5048007965 -0.585402011871 6.50926017761 0 0 0
-10.433218968065818 -5.870479897607217 4.896538752543545 0 0 0
-18.479433695466664 -1.2491266330066668 9.122269948323334 0 0 0
-29.736099940980495 1.7605826854697562 8.218006575980487 1 0 0
-12.137116670591666 -6.369669993718333 9.661762634911666 0 0 0
-31.708377231254552 -0.15806178917951366 10.769995472659092 0 0 0
-19.753154079118747 -9.730012913544584 10.093604207041668 0 0 0
-22.946981776845455 2.2642081867563637 9.401033661582728 0 0 0
-25.750854052023076 -2.8110976585984613 11.540038475607693 0 0 0
-10.364213479525672 5.7624459331099995 10.877035140987838 0 0 0
-18.283444137571998 8.257332458496 10.347320022583999 0 0 0
-14.288528714857142 -0.6238342864172857 22.150685719085715 0 1 0
-22.36525993346 -2.8924860000600003 10.29869995118 0 0 0
-0.09323097094892001 2.818502998352 4.186525964736999 0 0 0
-15.823715283323075 -0.25355936812520075 6.5175876984230765 0 0 0
-18.273512363435717 -5.751610015120001 8.205584287643038 0 0 0
-11.0769996643 2.52515006065 10.0022001266 0 0 0
-24.76622676849 0.6487268308797666 11.33873656591 0 0 0
-21.189523696892724 -8.217368923533092 10.276236343380003 0 1 0
-12.652449965474998 1.258465617895 19.38787508010625 0 0 0
-7.672420044740001 1.5678641696775 12.239858388899998 0 0 0
-18.289906995044827 -3.6757386306236213 7.268603086471552 0 0 0
-17.013579940779998 0.792300796509 7.139933967589999 0 0 0
-4.4813075065625 -4.779532551762499 4.9455225467675 0 0 0
-15.230499903355556 -3.0292133490244444 4.96151664522 0 0 0
1.11224003633 1.8589033285766667 2.3059433301300003 0 0 0
-10.5031995773 -1.12655997276 10.9990997314 0 1 0
-10.953087568274999 -5.444242537022499 9.7486900091175 1 0 0
-10.23055525029149 -5.314092108544468 8.708431203314253 0 1 0
-29.151182700848278 -7.301667591621034 8.848549678407586 1 0 0
-24.653337478631254 6.3796518445025 7.8961313366893755 0 0 0
-18.60125765433654 -5.244830195720963 9.596062348438846 0 0 0
-23.4056749343875 7.725058674812501 10.9073748588625 0 0 0
-25.297843840060978 7.1845406904458535 10.7003828607 0 0 0
-0.7791750490664501 -0.7168053478003001 7.7508979797355 0 0 0
-13.698336989800001 8.868213759528146 11.842770399866668 0 0 0
-18.44158056184935 -3.7915500046366244 9.231907918855843 0 0 0
-8.176461219785555 -4.72592555152 11.967477904422223 0 1 0
-28.239200592 -7.283349990845 9.458129882815001 0 0 0
-3.5904583533600003 0.64882708092525 0.21405158316094172 0 0 0
-24.5826997757 6.541659832005 7.8215098381049994 0 0 0
-13.839700222 -4.0230150222750005 4.80307507515 1 1 0
-7.812789490348422 2.711503693932631 11.854615813805266 1 0 0
-1.2208752217504348 0.2330082485492774 12.530234751473913 0 0 0
0.5742842480537501 0.8865557536482501 6.739721298217501 0 0 0
-10.796476001981015 -0.3354719620716583 11.27229245101646 1 0 0
-13.915834317880003 -3.8485842772888574 4.722575446537713 1 1 0
-16.69420425096944 -7.265629159079306 7.65635029474889 0 0 0
-10.753254068722008 -1.1895295029162267 11.88967860719622 0 0 0
-13.30415010455 -8.802297353745 10.115425109824999 0 0 0
-11.724543184844595 1.6453925677247303 8.113130144170677 0 0 0
-15.884540049226665 8.693062655130003 10.665526707973331 0 0 0
-9.642868771272942 -7.514955296235294 10.803429323088237 0 1 0
-10.07011106278889 -6.946813371445556 9.707540194194443 0 0 0
-18.743700027457145 -0.7346325772149999 10.023500033814285 0 0 0
0.6845059990885001 0.604656010866 1.94106501341 0 0 0
-10.258459042280773 -4.584648211796795 8.699205080668463 0 1 0
-19.658314568657143 6.133348533084287 10.150142805914287 0 0 0
-11.730615866810526 4.302183678274737 12.043852555126314 0 0 0
-17.153843423586956 12.705943480782608 9.771963036579566 0 0 0
-11.766099997935715 1.435529649257857 8.138827460152502 0 0 0
-18.222233926095164 -5.23660952814129 6.754796943356773 0 0 0
-21.73657788171111 -2.252398875024444 8.130072752634998 0 0 0
-30.23885359414878 -0.10472672961361412 7.736614913475364 0 0 0
-21.577999115 -9.43202018738 12.320400238 0 0 0
-13.033200264 7.550686677296667 9.72440369924 0 0 0
-10.270605034695238 -0.7592839149006639 12.032134605826082 0 0 0
-27.4062995911 -7.78910017014 7.53959989548 0 1 0
-27.74001547006539 7.693201963717306 10.672376962811539 0 0 0
-10.552026196536843 -0.8652198408778421 9.339297244423683 0 1 0
-18.193006003080598 -7.289792082202685 8.293376125506715 0 0 0
-9.216045007198042 -0.2583864785163971 12.082553852237279 0 0 0
-11.18195857098994 -1.1067407681391719 8.25782879146574 0 1 0
-24.372172143716668 -10.099505477472222 7.946356720393335 1 0 0
-12.765533320113333 4.743934996923333 11.961083412166666 0 0 0
0.847867012024 -1.48431003094 7.02996015549 0 0 0
-14.234902489183748 -7.384349000454125 6.757904767990125 0 0 0
-12.226114318488095 -16.82949520292619 7.606929972057145 0 1 0
-13.099317690908821 -7.619033490910001 10.746647105500003 0 0 0
-8.114087357240292 4.8001249677994124 7.386099983664415 0 0 0
-18.13451858803334 -11.146733425281484 10.839285144099998 0 0 0
-7.141615789587088 2.222142002799454 12.334587287903643 0 0 0
-18.40076121417045 -4.212596839124773 9.203645251013862 0 0 0
-10.384129246079171 -0.6123914122581667 11.779829263683334 1 0 0
-17.642288949755553 -1.8426050146422221 7.624621099895001 0 1 0
-19.239509521961903 -8.792716979980632 11.377525420415871 0 0 0
-12.775157247257143 -7.347751344952856 9.792254175458572 0 0 0
-15.065261620753843 2.6179353824023077 11.735984655523076 0 0 0
-10.643729395024119 -0.7780643529751584 12.016457047182943 0 0 0
-23.420199871075 10.348150014849999 13.198699712724999 0 0 0
-10.022399902333333 -3.141606728236667 9.952756881716667 0 1 0
-15.662669624111597 -10.218950755350722 10.254001423931886 0 0 0
-1.43131005764 -2.49412989616 4.49677991867 0 0 0
-12.763417987828 9.244352798462199 11.778688011174 0 0 0
-22.244712591162504 -16.080525398250003 12.826112627975 0 1 0
-12.905623712036842 -11.045392187015787 5.819562397505263 0 0 0
-13.148157256 -15.725480806266665 7.55936234337857 0 0 0
-15.621741940906452 -9.894174514277424 10.272622539154838 0 0 0
-12.203499930257143 -7.430750029428572 10.876699992585715 0 0 0
-18.21429004668 -1.788730013371 7.327820968626999 0 0 0
-0.7156612575052501 -0.66228200495225 8.1797676086425 0 0 0
-31.129366556833332 -1.5498533248933333 11.205966631566668 0 0 0
-43.81813335419167 -18.719758351633335 6.304723342259166 1 0 0
-25.735054622995452 7.174462708559318 10.282838626336362 0 0 0
-14.5389995575 -6.11783981323 6.51501989365 0 0 0
-11.33089995385 3.62767750025 11.943049907675 0 1 0
-10.785533396400002 1.1248660246539999 8.970314025879334 0 0 0
-12.143677817466667 -7.13772895601111 9.649663289389999 0 0 0
-9.937257396231153 2.1927261918568353 10.768337435002165 1 0 0
-10.37793634395455 -0.27479170431439487 11.727335390419196 1 0 0
-13.680121480503077 -7.25055045347969 8.817807520353231 0 0 0
-7.735550343989998 7.267422169447188 8.258603751659061 0 0 0
-14.340807233535715 -7.432567868914286 8.749705723354285 0 0 0
-14.7024502754 -1.363219976425 21.992600441 0 0 0
-19.313784672661537 11.801800140961538 16.275407791146154 0 0 0
-15.237281097552827 9.13822452977 9.25975562041717 0 0 0
-12.707691275560869 -7.25883131441826 8.257926484813261 0 0 0
-14.33054644720892 -7.4066462687085695 7.220135152340357 0 0 0
-13.81173335181389 -3.3011644615066666 7.2046958605444456 0 0 0
-18.401640309227773 -2.762382924556388 8.161837697028885 0 0 0
-18.1669006348 -10.5437002182 9.99359989166 0 0 0
-19.328269958495 -5.7617140293115 11.383529949185 1 0 0
-16.131362676625002 10.962737560275 7.36304128169875 0 0 0
-19.25716485978 2.2686660051350005 9.788875007631002 0 0 0
-17.71677299341042 -10.218102117372915 10.291485408945835 0 0 0
-31.368170457729406 0.26677631521050005 9.700101235333527 1 0 0
-10.013210010529999 -1.259406018257 9.784294986725 0 0 0
-10.73154618190769 9.561840057373075 10.760561576253847 0 0 0
-6.30831743731697 -4.824841094739697 7.1270101431642425 0 0 0
-16.69905331929333 -4.654810619355334 15.37468001048 0 0 0
-10.445594522688888 6.596659501394444 9.62491157319889 0 0 0
-18.228949975967502 -11.768654990194994 11.143659973144999 0 0 0
-19.80848045348 10.072699928279999 16.255839920060005 0 0 0
-19.8351993561 9.99473953247 16.0305995941 0 0 0
-17.729699770611113 -2.8070155647077772 7.576598352854999 0 0 0
-14.0812667211 0.2507115778411666 21.19212214151111 0 0 0
-12.17410950434762 -8.125350089299998 10.147304716576192 0 0 0
-13.48540019986 -6.749787902832 4.97018995285 0 0 0
-7.66005063057 7.649528741836875 8.295342564583125 0 0 0
-11.839622232650001 -1.8873288896355556 8.375085035960002 0 1 0
-10.747948823976744 -1.4347848919930237 10.116404666455812 1 0 0
-18.248583028012675 -4.73263662633803 7.234520683826198 0 0 0
-10.114275561035878 2.1822867903093126 10.716223651215266 1 0 0
-16.365621985463413 -5.796530502598048 5.985873862010243 0 0 0
-21.849756360049998 10.660724997512501 11.26699376105625 0 0 0
-24.15437616620952 2.3917409238361906 11.573042824147617 0 0 0
-18.42325393969615 -12.22547688851923 11.363230815315385 0 0 0
-29.626863653000008 5.041698152368182 9.130279887806363 1 0 0
-14.260070742087688 -7.408928797794769 7.794574891603692 0 0 0
-9.95893001556 1.92492997646 9.57919979095 1 0 0
-12.053575277325 -5.970972537995 9.318589925765 0 1 0
-10.129332693496043 1.8194799004215831 11.166182654921286 1 0 0
-12.848563957216001 -15.259819984436001 7.564270801544801 0 0 0
-1.46634495258 -2.43950498104 5.07740998268 0 0 0
-19.851674556725 6.0362149477 15.36444973945 0 0 0
-23.3535873889875 2.5752550065525 11.489500045775001 0 0 0
-14.907127293672726 -10.222083663940001 10.224103632839999 0 0 0
-10.567649936679999 -2.071893000603 9.374260902405 0 1 0
-11.065224972640907 -0.3366490226577501 7.366412260314774 1 0 0
-11.202265479345456 -0.7725155841220908 8.260291827808725 1 0 0
-11.152723688828948 -0.3379176831558948 9.129764205531576 1 0 0
-10.9006996155 -2.53890991211 4.99714994431 0 0 0
-10.717422349803549 -0.1717316519119016 12.016269035145683 0 0 0
-10.442012429231252 5.452485024929376 10.894056320187499 0 0 0
-21.226603755244447 -9.187162222685187 9.930386931807405 0 0 0
-14.608250004907143 -0.48103271211892856 5.262452159608571 1 0 0
-19.525049209549998 -12.18009996415 23.1999502182 0 0 0
-19.461450099975 -12.182574987425 23.300225257875002 0 0 0
-11.89862003328 -7.650614023208999 10.15616989136 0 0 0
1.2785876989353846 1.8125530664723077 0.8764591537990001 0 0 0
-27.81387909253333 -1.7664304276291667 10.343687534341667 1 0 0
-10.729242251027378 4.249364526498986 12.090484539669044 0 0 0
-8.825297573156138 -8.15685422797 12.132263150135085 0 0 0
-23.69106674193333 7.079440037408333 7.976888338725001 0 0 0
-16.1037998199 2.05430006981 6.17343997955 0 0 0
-20.394771030942856 6.613265650614286 12.301685741985713 0 0 0
-7.82425123453 3.72345748543875 7.599447548390001 0 0 0
-22.856083984379996 -8.344475593567202 10.034804077148003 0 0 0
-10.931142807014286 -0.8408296363695001 2.7543471370421426 0 0 0
-13.724365068530435 -7.438920891802609 10.127930392382607 0 0 0
-15.321594182188235 0.10772775532673058 6.481738230762353 0 0 0
-9.93896961212 2.08190989494 9.04938030243 1 0 0
-10.4463996887 -7.00001001358 5.90202999115 1 0 0
-11.226888396120835 -0.26035322074744915 11.904888002960186 0 0 0
-13.722575988767996 -7.379644174576199 7.808298749923999 0 0 0
-14.1083562374125 -8.841705024241875 11.222581267368751 1 0 0
-27.37225023905 8.050656636555 10.767116546650001 0 0 0
-18.885394040282353 -6.662151785456469 11.422464595129414 0 0 0
-12.925609068454547 -15.66801799428182 7.543638186021817 0 0 0
-9.923180834452003 1.8162533283226674 8.815073839824665 1 0 0
-16.585657392242858 -4.854199954442857 5.428198610032857 0 1 0
-29.389060211180002 6.252774953843 10.13719997406 0 0 0
-29.66010706765714 6.35867357254 10.153242928642857 0 0 0
-28.814554977415003 -7.2868955135355 9.829070949553998 1 0 0
-14.401429843899999 -3.04849395752 5.932498979569 0 0 0
-10.208923937475998 -0.8755216638247331 10.655837351483997 0 1 0
-9.957123507625216 2.1924599668252176 11.117100052217392 0 0 0
-16.475666364016664 0.6602960129578334 4.892305135726667 0 0 0
-9.748204708100001 -7.42702507973 5.45854496956 0 0 0
-9.896497653080768 2.0742746133084617 8.212935374333078 1 0 0
-9.254337090712376 4.2360013448273435 12.220171354867128 0 0 0
-18.239550742544928 -5.23001999785942 7.238844049149997 0 0 0
-11.145789163767269 -1.8557190938432726 7.403030343489275 1 1 0
-11.320150136949998 4.81992995739 11.9709250927 0 0 0
-18.32053215273548 -12.851083878551613 11.398877513019356 0 0 0
-12.239171184908216 6.672999297102465 9.684507683532056 0 0 0
-11.109737433158708 -1.1368750310716131 7.79107522964458 1 0 0
-14.299082142967857 7.692159295081784 10.656685726978575 0 0 0
-0.5249546051026 -2.387774038318 18.08237991332 0 0 0
-0.45126900076859994 -2.395770072934 18.09702033998 0 0 0
-11.11997319971071 -0.3317833383168214 7.752093229975535 1 0 0
-18.206590278476472 -6.344078447304508 6.726391184563138 0 1 0
-11.153989315032144 -0.21716087896905 12.006589344560714 0 0 0
-11.878670771916667 1.821515411137917 7.613481263320835 1 0 0
-23.98058013914 -9.282572174071998 8.097105979918002 0 0 0
-26.7378161230814 -2.2894881270658134 11.316630163853489 0 0 0
-16.45571302331304 1.639656092809565 5.367328270622174 0 0 0
-9.927557367267372 -1.1542151540220207 11.717921218484852 1 0 0
-10.736786786250002 -0.31178636629792644 7.741282505147943 1 0 0
-16.823223562805882 -11.740182315611763 10.059652833376472 0 0 0
-11.572726694733332 -2.180043331782 10.092866770433334 0 1 0
-23.53164958955 6.93110489845 7.941190004345 0 0 0
-24.038499832149995 -8.87492620945125 9.247673749923749 1 0 0
-11.032917583688235 -0.8027020587640588 2.833659424502353 0 0 0
-24.2413572584 -7.1632900238042865 6.669991425105715 0 1 0
-12.163999957429034 -7.701535763278709 10.164051578890321 0 0 0
-17.756299972538887 -1.866176671452222 7.328678899340555 0 1 0
-15.258603755338275 -2.8227716080935803 5.7361949108266685 0 0 0
-16.192539893257788 -10.338408894004441 10.44421337976 0 0 0
-15.22328421943684 -3.060479465284211 5.5926589714842105 0 0 0
-10.099199930833333 1.233190000056667 7.123136758805 1 0 0
-12.876425027849999 -15.696949958800001 7.469614982605 0 0 0
-17.55057779948889 -6.518111175961112 4.768337779575555 1 1 0
-11.772989018762223 -7.2339941872486655 10.136731147762223 0 0 0
-11.206334670386111 -0.9016705006360974 11.962570839458333 0 0 0
-16.58224372864 8.118219108581599 11.678227996815998 1 0 0
-12.27318419908684 1.8030123710623684 7.382326088453158 0 0 0
-12.8467000722875 2.8116837441925 33.7664875984125 0 0 0
-16.811833323856057 -3.1030054562013634 5.885234110282879 0 0 0
-21.745870655982767 -4.553871212334311 10.745006807918966 0 0 0
-11.568212469412499 -1.9059637635941666 11.9258251190125 0 0 0
-14.707616014299056 -7.334034717307924 7.26702858816868 0 0 0
-18.161533355733336 -7.513473351796667 5.8624499638900005 0 0 0
-19.263358275108335 6.626108328501666 13.248424847933334 0 0 0
-14.738356998985713 10.772942951742857 10.419514247357142 0 0 0
-25.69454237130769 6.31529034101 11.55983851505769 0 0 0
-27.732089247021435 -9.237651450293573 9.67316143853357 0 0 0
-14.771153331940942 -7.348703543344858 8.242675990150856 0 0 0
-18.220970249169998 -10.906799936290001 10.797925090784998 0 0 0
-15.869143605224998 -6.2266418635843745 5.773515015839999 1 0 0
-10.816838199015681 6.1472896828370605 10.784998033560784 0 0 0
-9.827942359546366 -0.32447795452902073 11.6828620138248 1 0 0
-11.281459323427114 1.666234746827966 9.836941387694317 0 0 0
-16.302419013159575 -10.6280340032383 10.323074421976592 0 1 0
-16.75904749880099 -10.672496011939604 10.293297975375248 0 0 0
-10.031985623492858 -3.910555005073572 8.750586373465001 1 1 0
-6.830643018087035 5.062285882455556 12.233859274122223 0 0 0
-9.338253657023333 -3.5086533228566665 5.89835993449 0 0 0
-10.304573761789474 9.549918425710526 9.72852044356579 0 0 0
-24.281387329100003 4.28728878498125 11.472537398325 0 0 0
-9.9870026111575 -8.0912325382225 5.806930065155 0 0 0
-31.059824943525 1.288430005315 9.443345069887501 1 0 0
-7.725268568311429 5.7670379025599985 8.785859244210714 0 0 0
-15.327275037758334 8.113237539926667 10.658949931450001 0 0 0
-17.503499348966667 -2.75725674629 5.36687994003 0 0 0
-23.4452991486 7.00870990753 8.12656974792 0 0 0
-14.234122276288888 10.718544642144446 10.809166696333333 0 0 0
-14.610385826657142 10.71623563767143 10.706628458835715 0 0 0
-20.730150222781248 -9.603213727474376 12.364681184275002 0 1 0
-30.725473858061903 0.21833724466466192 8.776473681131431 1 0 0
-9.49886989594 -3.02111005783 11.3977003098 1 0 0
-10.175953791700001 -1.198059237920769 22.18016154950769 0 0 0
-9.440901947023999 -2.97245197296 9.671762084958 0 0 0
-10.411915281547824 -0.32017256578680436 7.404535459435219 1 0 0
-22.627566655483335 2.431681672735 12.033366680133334 0 0 0
-1.2534340884955557 -2.7140407385648153 4.735671838123704 0 0 0
-10.52114963535 -4.562769889829999 9.879594802855 0 1 0
-10.69584438535 -1.1210733387205556 7.694279485278333 1 0 0
-18.251100063324998 11.100275039675 17.53189992905 0 0 0
-9.623566367410001 -5.761282660744546 9.917961814187272 0 0 0
-4.48736000061 6.00080013275 34.0960006714 0 0 0
-4.4727649688749995 5.900404930115 34.06554985045 0 0 0
-12.26065092266226 1.7738126381392458 7.624096060699434 0 0 0
-13.25104999545 -15.655200004600001 7.491634845735 0 0 0
-18.531866497455557 1.162584450508889 7.351347817314444 0 0 0
-10.707769870760002 -5.719520950316001 8.554997062683 0 1 0
-12.611763650722729 7.396726803345911 8.85385409268409 0 0 0
-16.673431277275 -10.38150614499375 10.651000022881249 0 1 0
-12.164077811766667 -7.130442804760002 9.253612200419443 0 0 0
-17.705833210666665 -2.833147072324314 7.3244566636925486 0 0 0
-26.80005073545 -8.415619850155 8.362754821780001 1 0 0
-10.305219197102126 5.681243984411844 11.361609925614891 0 0 0
-10.212241532666035 5.65695474732585 11.522211326743395 0 0 0
-10.364819362601073 -1.147861282030645 10.90231075081398 1 0 0
-9.741625308995001 -7.463375091550001 5.5017349719999995 0 0 0
-19.183242934092856 5.809871435165715 13.850921358371428 0 0 0
-9.97951984406 -5.50557994843 8.08259963989 0 1 0
-12.152641240282351 -1.9418541263135292 8.37369531743706 0 1 0
-12.247069827444825 -10.181365514628446 7.6868453395776735 0 0 0
-17.633288103 -18.846429376041172 13.205864625823532 0 1 0
-19.760857933445266 -7.753425482699369 11.266343166952629 0 0 0
-8.760149240493332 7.762378374735833 8.585481564203333 0 0 0
-17.17988283880345 -10.73179649484138 10.338413666044827 0 0 0
-20.737796098760267 -7.700343718895768 11.160783327546154 0 0 0
-26.59151992798 -8.30353012085 7.780806064608001 1 0 0
-11.79953937819848 7.205924091917575 8.809571063879849 0 0 0
-13.743912748859998 9.216473076560545 11.67697084600182 0 0 0
-23.703800201413337 -4.845477294922667 11.206873385113333 1 0 0
-11.41963848700769 -6.337750801673848 9.12702545752923 0 0 0
-11.634939212421564 -1.9113664697199995 10.145725474637253 0 1 0
-23.69285562303333 -1.6116911040433333 9.924362182615553 0 0 0
-23.249348110633335 -8.571815632007779 10.253185130937036 0 0 0
-18.5577993393 -6.091485023500001 9.952105045315001 0 0 0
-27.0844604492 -8.668646049498 8.78847026825 0 0 0
-1.2670174837125 -3.1001475453375003 5.733484983445 0 0 0
-14.250886599213333 -3.1350306669873333 17.882466761273335 0 0 0
-17.716774514380848 -11.24999782886596 10.882589299631917 0 0 0
-15.740038431607692 0.6384073954361538 6.476258497971538 0 0 0
-16.1841750145 -7.6376799345 9.283615112305 0 0 0
-18.444641974670965 -3.348133548613548 9.128545145835163 0 0 0
-14.860014370514284 -9.88674558912 10.268628529128572 0 0 0
-11.715398362843805 -0.33424530541599173 11.874255361633885 0 0 0
-12.28075332642 -7.142610677083999 11.8408399582 0 0 0
-20.25867996216 6.728977966309 12.69247989653 0 0 0
-18.1197611002 -11.966792400053846 10.901915403515385 0 0 0
-13.565933227533336 0.8632309933503334 20.86266676585 0 0 0
-1.2571966648133333 -2.642663399376667 4.44041331609 0 0 0
-32.604499816899995 -0.9839416742326668 10.096866607633332 1 0 0
-27.15843982697 -1.156509995461 11.02852993011 0 0 0
-11.194877836444444 -6.746883657243335 6.377823405795556 0 1 0
-10.591455565559258 -4.906249311235926 8.700174826163703 0 1 0
-14.580781683628567 -0.5544271225831836 5.239035762086122 1 0 0
-14.211755593616665 -7.520827743743055 10.293822314999998 0 0 0
-28.189549446100003 -16.667650222749998 7.989204883575 0 1 0
-20.231164820047056 9.807639907388236 10.588135270517647 0 0 0
-20.143374919875 9.4372899532325 10.542424917225 0 0 0
-8.57975278582 -7.469188622067143 7.470848560332856 0 1 0
-23.9710006714 -9.2603302002 7.96525001526 0 0 0
-20.215693261888877 -7.723499223921222 11.13327113257333 0 1 0
-17.68976373383637 1.5691584854418188 7.144072113615452 0 0 0
-7.106963768005597 -3.8339062023157995 5.3655112075804 0 0 0
0.7073817551135 5.51833498478 11.41942477225 0 0 0
-11.889483133941667 -5.818216681479167 8.460270722705832 0 1 0
-17.39981994628 -9.794720840453 10.56149005889 0 1 0
-17.1726503372 4.916706641515 9.913914998373334 1 0 0
-12.9032398224 -6.419876003265999 5.791648006438 1 1 0
-24.83717366268421 2.189689987584211 11.455899991484209 0 0 0
-16.62278115749375 8.160688161849375 10.53311252593125 0 0 0
-20.265922216718515 -7.250412093268889 11.282592608606171 0 0 0
-20.712602336231704 -8.273941435464634 9.822969971634635 0 1 0
-18.112599915152934 -7.321078244377257 6.6992801778456865 0 0 0
-15.743078799953194 -10.890108412885107 9.952853426020214 0 0 0
-17.215392332799997 7.860354606920001 10.478307650653846 0 0 0
-10.6598031443871 7.177051251935484 9.188932572641935 0 0 0
-24.213481068618748 6.811081916093751 11.05602496861875 0 0 0
-1.288222776518889 6.255515522427221 12.673672252238887 0 0 0
-18.485149383550002 -5.3055100441 10.57700014115 0 0 0
-18.175688095096003 -12.23067604064 10.869640083307997 0 0 0
-22.051983197533332 -2.4761500358583333 7.93421157201 0 0 0
-14.776649951942307 -3.7433953927107693 5.746030000539617 1 1 0
-8.347795009615 -8.40992498398 11.95669984815 1 0 0
-10.6738004684 1.42135000229 10.01720047 0 0 0
-8.404741580671539 -7.316713039692308 12.147776897153845 0 0 0
-13.263858516041463 -7.41114147698 10.254924425265854 0 0 0
-12.186100006099998 -5.98131489754 4.359455108645 0 1 0
-8.871301651000001 -5.1769549846650005 6.509708245595 0 1 0
-2.786205404513513 -0.26011825402776007 12.520281057106756 0 0 0
-18.72826242445 5.437772512434999 10.368712425237499 0 0 0
-10.548115436846153 -4.269241516407693 8.793519240158462 0 1 0
-11.68091565370937 -0.3774499995634062 9.254772782324688 1 0 0
-16.65020036695 -8.963575124737499 11.329025268574998 0 0 0
-18.557742663799996 -5.37102498327 10.60447856357143 0 0 0
-28.950844658766666 -6.7186633745844455 8.940324465433333 1 0 0
-18.042154485536365 9.278912717646364 9.884639133107273 0 0 0
-7.257693290709999 5.52355003357 8.319353421530002 0 0 0
-11.298143978124001 -1.1026116037376001 8.758577442168999 0 1 0
-25.44225645065 7.31135940551875 8.755531311035 1 0 0
-14.293099959691666 -1.2052991588900002 22.110225041708333 0 0 0
-14.567300081275 -1.2245700061325 22.044825077075004 0 0 0
-17.75275791775227 -7.430796693671478 8.15976283766932 0 0 0
-17.87764015196 -12.2353199005 10.955119895920001 0 0 0
-23.0025997162 2.99039006233 6.46223020554 0 0 0
-11.821714625638235 -8.301595884210883 10.745182373941176 0 0 0
-16.253772592545 -9.789421486854751 10.742365050312502 0 1 0
-16.177408986274024 -7.292915845845712 7.254193380281685 0 0 0
-11.544099807733332 -6.344789981843333 6.48233016332 0 1 0
-15.759515853149203 -11.29406667133968 10.035568207025396 0 0 0
-29.442929188408332 3.4107774992783324 6.772222518920834 1 0 0
-14.305608352016664 -9.682412385941666 11.277483463291668 0 0 0
-14.756030428244927 -7.379886509715653 8.730238845382322 0 0 0
-17.819878829163155 -11.85366304296316 10.943668315278947 0 0 0
-18.2565002441 -9.47257995605 10.867099762 0 0 0
-11.218429636081483 -6.59055663921222 8.699232207404444 0 1 0
-11.702754371305886 -7.152317643165587 8.242830066120003 0 0 0
-20.19555781260844 -6.79850782831012 11.42578914366988 0 0 0
-11.34599990844 -7.547555923462001 8.591939926148 0 0 0
-29.559241771691664 5.073190768560833 8.940655708313333 1 0 0
-7.30767595291 3.1633872127539995 8.043353958128801 0 0 0
-11.915519905090001 -7.204823017119 11.7866399765 0 0 0
-13.0241003036 -8.2688999176 11.5869998932 0 0 0
-11.194050073625 -13.95444989205 9.773627758025 0 1 0
-11.568633397433333 -0.2781563301883333 12.011800130233333 0 0 0
-18.712799708033334 5.5800298055 14.0582332611 0 0 0
-18.275281867980002 -6.7676112079616 9.832373638153403 0 0 0
-16.801845605042857 -10.435571343557143 10.403782844534287 0 1 0
-16.657700220766667 -2.5114300250999997 5.180586655936667 0 1 0
-18.17128086090385 1.7213411606276925 5.901353817718846 0 0 0
-13.460000038142857 6.515420028141429 11.90609986442857 0 0 0
-18.2064478302 -6.314659175872 8.732751121520801 0 0 0
-14.221741255591173 4.829745012170882 11.951049944938239 0 0 0
-15.709917573358823 1.2332982315741177 6.479387030880589 0 0 0
-10.738626591705321 3.7434347386059046 12.1163414894234 0 0 0
-12.650130822107691 -2.866191928203846 6.771903496521924 0 0 0
-13.279421237796154 -7.351739048957883 8.677827156507503 0 0 0
-16.312815436005174 -10.248441416644825 10.669717262534483 0 0 0
-20.25595970153 1.439967012406 12.21219005583 0 0 0
-17.201740264879998 5.331030082704 10.73331985474 0 0 0
-10.74540008199091 9.535671754317272 9.754540876908182 0 0 0
-16.21691958109804 -11.75840196422549 9.942487847571766 0 0 0
-19.774995326992045 -6.816019903530113 11.421527244827272 0 0 0
-9.83499765396 9.543577432632501 9.30048251152 0 0 0
-27.291192274823082 0.7205388454290769 10.43920773726154 0 0 0
-20.900772200688884 1.9294172260500002 9.782727241515556 0 0 0
-16.100939122641464 9.739806384575363 7.710784877218536 0 0 0
-16.25287765926667 -9.712387243906669 11.128677845 0 1 0
-13.249477557277606 -7.396276701742539 8.259898826257167 0 0 0
-16.83208669026667 5.330851332347333 10.736820030213332 0 0 0
-11.583192689071428 1.6803085548535717 11.358207157671428 0 0 0
-9.987023353573333 2.074023326236667 8.779623349506666 1 0 0
-15.291989398727278 -9.913903323086817 10.27310760093485 0 0 0
-20.336023693980955 -8.622917947315239 9.365396090916192 0 0 0
-14.1310168902 -10.956099987033333 10.3776831627 0 0 0
-5.683947775098889 -4.163963900671667 6.221275594499444 0 0 0
-10.621240486967569 -0.3581801612634595 10.723608171605408 1 0 0
-11.358472161816664 -10.65393606821667 6.896371642748611 0 0 0
-17.696928569242857 -1.2842142752257142 7.655189990997143 0 0 0
-9.608072090148001 -0.9453223943710001 7.816925907136 1 0 0
-24.64299329122 7.666786638895333 10.22227993011333 1 0 0
-9.486094951630001 -6.42407512665 7.05876493454 0 1 0
-9.964530070622502 1.677098323900834 11.1592041254 1 1 0
-18.3990001678 12.7230997086 17.9864997864 0 0 0
-18.25942733070909 12.720127452490908 18.26621801203636 0 0 0
-11.44376691183333 6.6123468081166665 10.174700101233332 0 0 0
-10.0108499527 -5.477164983750001 9.292280197145 0 1 0
-16.215347396002777 -7.420772724681667 11.255036089163887 0 0 0
-6.639554030859698 -2.828250440199254 5.863075363102239 0 0 0
-8.410324948175 -5.25213715008357 11.969310794553568 0 1 0
-11.285137035222222 -10.697366679155554 6.175709247588519 0 1 0
-30.10397252170909 1.6605427373536366 7.2788972854618175 1 0 0
-18.32158138134074 -10.181811156096297 10.153007542648151 0 0 0
-0.18572722375388748 4.73466128111 12.728025197987499 0 0 0
-18.94208335876667 -9.354454994201667 10.36914984385 0 1 0
-16.808940048204 12.644947929379999 9.768809967040797 0 0 0
-26.287587404237502 -16.965187549600003 7.7545949816699995 0 1 0
-12.742324072734483 -7.385472774505176 10.075168938475866 0 0 0
-17.17943318686667 2.7021067142466664 9.47100989024 0 0 0
-39.795932769766665 -15.674466451 5.64265012741 0 1 0
-12.7438249588 1.40437000244875 8.046041846275624 1 0 0
-22.4633998871 -8.80784034729 10.845700264 0 0 0
-15.729811579676747 -13.38575584944186 8.439760518628603 0 0 0
-15.756404098197278 -13.246212265118372 8.767821020009114 0 1 0
-23.72791120741111 7.937561141121112 11.084655655766667 0 0 0
-10.6227998734 -7.33493995667 7.52439022064 0 0 0
-15.10233993532 -14.605939865119998 7.511273956298001 0 1 0
-23.368340110775 -0.71942710280415 11.453169918055002 1 0 0
-15.599599974507145 7.709915024893571 10.645414284292857 0 0 0
-17.4132938385 -11.24813127518125 10.852143645274998 0 0 0
-16.132657187328572 8.350234167918572 10.820128577085715 0 0 0
-12.814578861660001 -7.826938539081336 10.172475539313332 0 0 0
-17.5591001511 0.3490949869155 7.0292198658 0 0 0
-12.792566829244443 -6.627832200792223 8.476958804662225 0 1 0
-7.233624935147999 -4.655983018875 11.97123985291 0 1 0
-25.4792995453 -9.84422540665 8.44818544388 0 0 0
-18.56853336758889 -5.873957686955556 10.974888907522221 0 0 0
-15.892602086072912 -10.284060378864583 10.57118330399792 0 0 0
-17.5067005157 -1.76014995575 5.25599002838 0 0 0
-25.61680030825 -10.0314002037 8.19247484207 0 0 0
-16.248385838100003 10.754035745349999 10.325192860200001 0 0 0
-14.677783277300001 2.385348293515556 9.199435022142222 0 0 0
-18.56132847922857 -6.1677314553935725 10.94403580257857 0 0 0
-26.369440078740002 -17.016279602039997 7.754398059845999 0 1 0
-14.271577799766668 -15.29080730013333 7.471104445281482 0 0 0
-15.479066742777775 -3.6159411138966666 8.08541610505889 1 0 0
-19.250376774715384 9.12835920774 11.361130714423078 0 0 0
-12.7641749382 -6.6099900007275 8.527557611465 0 1 0
-15.784156036384 -10.771983947759999 10.573916053772 0 1 0
-12.330536582254547 -7.116926366633636 7.806794556704545 0 0 0
-14.768255958552004 5.619932765959999 11.731267967223998 0 0 0
-14.815342903142858 2.596938576018571 9.665210042681428 0 0 0
-16.51192855835714 -6.72626570293 7.434714249201428 0 0 0
-11.061943174662106 -1.1379742107897899 7.35844631195095 1 0 0
-11.163808180028761 -1.1498185380847645 11.843249808051938 0 0 0
-16.247401597068855 -11.214049214224595 9.97310952671246 0 0 0
-25.11329087344546 -9.768449653278635 7.697325446389547 0 0 0
-10.6416624784375 -2.45487001538375 5.14079761505125 0 0 0
-11.865623746599999 1.8009161892380952 7.322897638591906 1 0 0
-6.73229980469 -2.850689888 6.00726985931 0 0 0
-10.870624999197915 -1.055333323776875 11.316724975910418 0 1 0
-11.5669002533 -4.86192989349 6.48795986176 0 0 0
-22.7824398041 2.912750053406 6.312300205230001 0 0 0
-1.39198166132 -3.66182164351 4.771183331808333 0 0 0
-15.723260832774512 -13.864408857678434 7.8188233422301945 0 1 0
-13.743760819527452 9.118475521311957 10.221617679974509 0 0 0
-14.641233338233336 -15.101977878144444 7.481253306069998 0 0 0
-15.786480468254346 -10.76146739462174 10.25363911753261 0 1 0
-10.53717994692 0.040606150822692005 9.775821876525999 0 0 0
-16.66444866077297 -11.776989215132431 9.944514841647573 0 0 0
-18.75928775631428 -4.288938751026428 9.738445136011325 0 0 0
-18.30351715088571 -4.832512555804001 8.72703737531371 0 0 0
-24.6126714434 -1.2148485864914285 11.537328447628573 0 0 0
-14.4952001572 -6.13606023788 6.50760984421 0 0 0
-1.8026333252566669 -4.852233250933334 8.108023325603334 0 0 0
-16.455999919342855 -6.826439993721428 7.438207149507143 0 0 0
-10.401700019833333 -5.203046798710001 12.016633351633333 0 0 0
-21.618774305071437 -1.862607717514 9.363280868530572 0 0 0
-18.133543287014287 6.132434368132857 14.053757122585713 0 0 0
-11.69849999745 -2.2633450031266666 7.966464996338334 1 0 0
-15.20949331918 -10.854513359066667 10.27283325196 0 1 0
-10.648344463788886 0.010507295658396889 12.019766489666667 0 0 0
-12.345461209616666 -6.804375542534443 11.86668883428889 0 0 0
-14.240547067970585 9.125689226038823 10.756505938135293 0 0 0
-20.643555747133334 4.818980005053333 12.9185444514 0 0 0
-16.088578224171428 10.41681425912857 6.868081433432144 0 0 0
-17.8527095431381 -11.729180926371427 11.09769998277619 0 1 0
-13.669668853293752 7.692348152398125 10.775006175024998 0 0 0
-25.4042117175 2.776781783384706 10.299252846652942 1 0 0
-11.212950150166668 9.535855134328335 10.730599959700001 0 0 0
-11.37155472149091 9.461979172446362 10.808845433318183 0 0 0
-17.13417612273793 -13.317858695986207 9.87606025564414 0 0 0
-22.074008305866666 -2.5655558109275 7.954005002974166 0 0 0
-15.791047973628002 -15.21107997894 7.3611288070684 0 0 0
-13.5235004425 -6.92833995819 8.49934005737 1 0 0
-12.183278492528572 7.387081452777856 9.764600004468571 0 0 0
-17.2851600647 12.77863998414 10.597999954219999 0 0 0
-6.6112793231827585 -2.3250934419962066 8.472131038535862 0 0 0
-16.748575764320965 -7.327820170309839 9.806769494087742 0 0 0
-18.364579050173685 -4.762862105118423 9.249774832475788 0 0 0
-10.653784793352175 -1.150654126768913 12.009291317149998 0 0 0
-13.276357225012498 7.139043927192499 10.715067863464286 0 0 0
-22.873100121800004 3.6971416672058335 9.708915074666665 0 0 0
-13.52470002855714 -6.963770048958572 8.530221394131429 1 0 0
-19.137255633318517 -2.6505651915511117 9.844131575691108 0 0 0
-15.761818664013957 -11.158746431044188 9.985146034596049 0 0 0
-12.1888562440875 5.8395099937924995 12.0123000144875 0 0 0
-15.750883352197615 -14.781242847440476 7.3676437991007155 0 0 0
-16.65772003174 -7.312962818145602 9.318053665160402 0 0 0
-25.630599975583333 6.957561651863333 8.444778124493332 0 0 0
-15.22697655035612 -11.176986684602042 9.94369190566388 0 0 0
-21.303851318354283 -8.834770856585141 9.825693620954567 0 0 0
-5.05460325877 8.287633260093335 24.69236691793333 0 0 0
-19.397539901726667 -9.104163360596667 11.299306805926667 0 0 0
-11.020850062368748 -1.355305612088125 2.733706846833125 0 0 0
-5.868938398361199 4.220149583817 12.393584022519999 0 0 0
-5.8413431267989475 4.718471263584209 12.332655229063159 0 0 0
-12.781350135850001 -5.993160009385 4.4920899868 0 1 0
-15.097471509671427 -7.540818555014285 11.671700068885714 0 0 0
-17.837415494421055 -9.88013734315579 10.363742175857894 0 0 0
-16.691890444072612 -12.30449041865714 9.893485353106431 0 1 0
-13.722060714451189 -7.244366804759049 9.23372811362881 0 0 0
-0.1708684715560775 5.642244994641249 12.678537249562499 0 0 0
-14.370279010978948 -14.44626848321579 7.45420581416158 0 1 0
-18.6440736871 -2.6717184217336847 9.416891650150001 0 0 0
-17.62305535211111 -9.71449216207 10.556222279877778 0 1 0
-14.87272862025714 -2.137937102998571 5.615271432058572 1 0 0
-18.28606131769033 -6.358401283140645 9.23495095776032 0 0 0
-13.809861476592308 -7.657129984635384 11.28033065796154 0 0 0
-18.28558322033373 -9.779805815363858 10.308718060877105 0 1 0
-13.287876083742855 -7.409770466032858 9.15343765985238 0 0 0
-15.254970550535294 10.166435241694117 11.1509470098 0 0 0
-17.750840270726314 -13.266521035578945 11.428438571463158 0 0 0
-16.9787006378 9.08463001251 10.4871997833 0 0 0
-24.848691622416666 -10.288116614033333 9.031494061150832 0 0 0
-13.2628150463 -6.932415509223 8.6946821212765 0 0 0
-13.197911156544443 1.4588522248811109 8.036613252427777 0 0 0
-20.153511414161535 -5.8851507443646165 11.297711482411538 0 0 0
-25.61383628846364 6.441990982402728 10.84829079022727 0 0 0
-12.747901330677141 1.6214762840954287 9.811961882455428 1 0 0
-14.225344419477775 -14.726702743099995 7.464184999466109 0 1 0
-11.583518201663635 -7.827785448594545 11.925681807763636 0 0 0
-17.10984992985 -10.1087999344 10.725450038950001 0 0 0
-15.507050037399999 -3.638514995575 8.10927534103 1 0 0
-23.74138323465 -16.926216443383336 14.200283368416665 0 1 0
-10.87135542765 -13.301122188572222 8.900356027815555 0 0 0
-16.760069333599997 -12.270923174353847 10.161523085369229 0 0 0
-16.172869660137206 -14.773446437930234 7.805299082467909 0 0 0
-6.690441850514998 -3.3046260852081533 6.821588912377078 0 0 0
-12.2644996643 -7.47594976425 11.0585002899 0 0 0
-27.4846992493 8.604180336 9.70897960663 1 0 0
-17.27263946534 -10.213959884640001 9.034570121766 0 1 0
-13.082314218799999 -6.337031364441429 5.033075673238571 0 0 0
-12.144683361066667 8.549336751301666 9.146294911703334 0 0 0
-26.024600028983333 -8.834188461303333 7.4299166997283335 1 0 0
-15.406266689283333 -10.95518318815 9.939468224843333 0 0 0
-14.9253501892 -0.2266559973355 11.560400009150001 0 0 0
-12.8125231986907 -7.751176922820001 11.812739549674417 0 0 0
-12.419000307733334 -8.142533302306667 9.948760032653334 0 0 0
-30.1682500839 -10.7002000809 1.14847999811 0 1 0
-13.27145004275 -1.210164964195 7.755759954449999 1 0 0
0.3788264989853333 5.560761690136666 11.718249956783334 0 0 0
-32.600049972549996 -16.8803501129 8.23874998093 0 1 0
-26.221756807969996 7.200979312260666 10.241883341476667 0 0 0
-8.13315737689 5.408419202874445 11.26829627708889 0 0 0
-11.732651726403331 -7.12711849212683 7.824610360463499 0 0 0
-19.195394649838594 0.7066619302098247 9.83704717535702 0 0 0
-14.0439669291 -3.479969978333333 6.510716597240001 0 0 0
-12.193771226057141 6.898425715309999 8.772440092904287 0 0 0
0.177387822419375 -3.18637752533 9.9349524974825 0 0 0
-10.3840751648 -6.510490059852501 4.8983674049375 0 0 0
-17.287929916390002 -10.21483001708 8.843013000488998 0 1 0
-14.265073267626665 -14.787873331713334 7.522282663981334 0 1 0
-16.5867626667 -10.884037494649998 9.745729923247499 0 0 0
-13.928695331909095 -11.387631849804547 9.894316803325 0 0 0
-11.085977713255554 -7.365823374854443 10.732738918722223 0 0 0
-10.379248496259853 -1.0839521948132578 7.348988128430831 1 0 0
-18.378216425583332 1.5441683332116665 7.832579930623333 0 0 0
-12.21048711960968 -7.255346144399033 8.667421033306132 0 0 0
-23.20943149767895 2.831578957406842 9.64283787576737 0 0 0
-19.750705254596525 -8.749362481158258 11.297647849372181 0 0 0
-17.1756625175375 -12.109712481487499 10.130487561225 0 1 0
-25.43512535095 -4.1662224531175 11.518924951575 0 0 0
-11.4323999617 -7.857712321813334 11.95894453262222 0 0 0
-29.6494998932 -7.404106616973333 10.203733126333335 0 0 0
-24.356044133522218 1.6839789019699998 10.889688809711112 0 0 0
-16.265439796449996 -11.319149971016667 10.033903408053334 0 0 0
-10.430927276627273 -4.57331540368 10.071281779890908 1 0 0
-11.7895500063875 -8.310028731824374 11.159987449643753 0 0 0
-12.186407157352383 -13.81960233052619 8.742109048933573 0 1 0
-14.790416414595288 -11.339124735658821 9.961326733757177 0 0 0
-18.371958414699996 -7.227801680565001 10.736491680141667 0 0 0
-9.665317223289456 4.93845797452091 11.703270894827273 0 0 0
-17.21425132752 -13.813800048834288 10.22305720193714 0 1 0
-9.880572128295999 -5.6183599472040004 7.398537921906001 0 1 0
-21.25075895137272 -0.6677063134582727 9.597691405903637 1 0 0
-18.413966602744445 -2.121497790018333 8.7570760515 0 0 0
-12.687790870663635 -7.282217329197274 9.364929025824546 0 0 0
-14.599183241533334 -2.7291899919483336 6.519783337911668 0 0 0
-9.41989040375 6.89636993408 8.50263977051 0 0 0
-9.573910077413332 -4.550776640573333 9.385303179423333 0 0 0
-17.765264414123724 -13.76328975871695 11.411715281215258 0 0 0
-16.43372001646 -4.839517974854 5.430866050722 0 0 0
-18.739824771900004 1.15029250085375 7.874873757361249 0 0 0
-20.108099619533334 -9.593881766001667 9.962036609650001 0 0 0
-24.252985818057144 6.754318646021427 8.180661201477145 1 0 0
-13.539539909359998 -7.6284480094910005 7.179582977295999 0 0 0
-17.681768184760973 -9.212746689959026 11.32843661889756 0 0 0
-18.74793349371111 -5.168731106652222 9.475642098322222 0 0 0
-16.432683308949997 3.70437169075 9.674091815948335 1 0 0
-8.038696956634002 4.0939169883719995 6.625226974487999 0 0 0
-10.9710998535 1.57442998886 11.5044002533 1 0 0
-10.843771416800001 -0.6949715699468284 11.256794248317144 1 0 0
-24.813767115266668 -10.678200085933334 7.9566599528 0 0 0
-17.778953552238463 -12.95063084823077 11.403253848738462 0 0 0
-16.132179390302284 -12.287988641050003 10.023384094240908 0 0 0
-8.297682228087837 1.2823668804175201 12.296223213195196 0 0 0
-28.74313075726154 -6.281631543086155 9.66313618879923 1 0 0
-28.173527284109092 -8.595153721897274 9.468416387386362 0 0 0
-11.756029672401164 -7.207309065863314 6.564343835031801 0 0 0
-11.27635684880682 -0.2667245221408182 11.241727287120453 1 0 0
-3.7590770006180003 -0.6751066505909 12.464310073855 0 0 0
-27.635932922349998 -1.881168325741667 11.51038328805 0 0 0
-11.728320746586208 -6.792012099561725 6.459038948189999 0 0 0
-15.213117753300006 -11.169600040688708 10.157133840746775 0 1 0
-12.108387237943592 1.6651453819028206 8.094773830511025 0 0 0
-11.805630174175 -10.73953709108534 6.2027294759095675 0 1 0
-12.51039981845 7.348219871525 9.1329498291 0 0 0
-18.65571657816667 -4.725540002188333 9.441123167673334 0 0 0
-19.672655423477774 -9.104204495748332 11.127649943027778 0 1 0
-29.288093143034725 5.337460709942917 8.760893742243333 1 0 0
-24.16424942015 7.1076974868775 8.200479984285 0 0 0
-12.220828178594871 1.3933871739951287 8.093741759275382 0 0 0
-13.631100018799998 6.526841640471666 12.037333488466667 0 0 0
-15.81653548825484 -11.745290387070963 9.977656702841292 0 0 0
-18.735924706096924 -12.754273869440002 11.41416153541077 0 0 0
-29.665152413509524 2.816335246676667 10.09439046042381 0 0 0
-10.046000003825 -8.5616149902325 12.043600082400001 0 1 0
-27.2445778317 -0.8947409987448888 11.035633405066667 0 0 0
-10.77852487565 -0.51764948666125 10.67292499545 1 0 0
-20.747078038877962 -8.199019286592883 10.281540612045761 0 1 0
-19.624139122339137 -6.7283796227504356 11.531426139495654 0 0 0
-15.860240653703704 -7.667841452138888 11.756870446381482 0 0 0
-2.7289807551946157 -0.6455020201512051 12.525325677335898 0 0 0
-12.24649009704 -6.804783010482 10.13991994858 0 0 0
-11.7159625291875 9.453250765800625 10.74896246195 0 0 0
-15.872371401099999 9.904694148472856 9.139261518205712 0 0 0
-15.904520225519999 10.08741989134 9.269421958924 0 0 0
-20.276025295266667 3.877706666786666 9.748176654180002 0 0 0
-25.15875053405 -10.8269000053 8.369880199435 1 0 0
-5.258320045471313 0.25476096905965817 12.39917319161886 0 0 0
-19.377557073314282 -7.78424504825 11.469700132100002 0 0 0
-10.733837366106252 -7.2532793581499995 7.269176304340001 0 0 0
-9.480691750844999 -6.389676570893333 10.4031165441 0 1 0
-15.745868482084214 -13.077757825355791 9.138849248384313 0 1 0
-11.6356704776875 -1.1592449979344313 7.339589319446137 0 1 0
-12.277720714434484 1.583919997872758 9.852009312860345 1 0 0
-16.299593687056248 -9.3639974594125 11.3508187532375 0 1 0
-18.279746564230003 -9.596673297882 10.608386580146666 0 1 0
-15.963888910077777 -1.8520966635822222 5.142709943983333 1 0 0
-18.32684326172162 -5.687989750423784 9.20954763567081 0 0 0
-18.7307627201125 -8.552097320556252 10.9448374509875 0 1 0
-15.68494706995294 -11.733214714944117 10.034264690730883 0 0 0
-20.25071594931818 -9.738023454493181 10.102977297522727 0 0 0
-17.09807968142 -11.16037998198 10.19330005646 0 1 0
-12.5696876049125 -12.9422750473 5.5897862315175 0 1 0
-11.730133374533331 -6.854906717936666 10.103422270866666 0 0 0
-18.428600311266667 0.6442953348156667 9.474510192873334 0 0 0
-16.323792200234923 -12.305509521847616 9.953775708637458 0 0 0
-23.027650833099997 6.552724838254999 12.47270011905 0 0 0
-23.668106714880004 0.39019644334916 11.4764532725 0 0 0
-12.204571451457143 -0.4409689988408571 11.860957009442856 1 0 0
-9.588677525520415 7.17284375429125 8.42059250672625 0 0 0
-31.875474929775 -12.601150274275 8.737052440645 0 1 0
-13.039650058750002 -10.9185900688 8.263356876372 0 0 0
-26.828846124500004 6.90946846741923 9.873067635756154 0 0 0
-26.915166854855553 3.7214877605444445 9.940917650858887 0 0 0
-6.088519766524326 3.212183507712974 7.42467350573054 0 0 0
-21.56309986115 -5.330994844435001 9.539464950565 0 0 1
-8.230914506046139 6.299947977066594 9.067396792499089 0 0 0
-16.718585695542856 9.129685674395715 10.887771333971429 0 0 0
-9.784189987184 -8.66260585785 11.69650001524 1 0 0
-25.2223005295 -16.011949539150002 10.98274993895 0 1 0
-18.199445883429163 -7.331775426865001 9.178295413653332 0 0 0
-9.149403293927916 5.79401954015125 10.379183332112499 0 0 0
-20.3068669637 -8.517023086546667 9.709729830423333 1 0 0
-13.578381074440541 -7.357874870300272 7.185498082960271 0 0 0
-17.656190987793938 -9.728182388073634 11.241836403357578 0 1 0
-6.90181493759 -3.7812324762325 11.593325138099999 0 0 0
-26.23784283228571 -2.608382105827857 11.429942880357142 0 0 0
-9.232725667953336 1.6923128326734995 11.589928325014998 0 0 0
-28.439563404427272 0.30489384687775456 10.291072758763635 1 0 0
-16.730287960595245 -7.550157399405001 10.210102376483334 0 0 0
-11.33306121825 1.4564161101977775 8.143668280707221 0 0 0
-16.659419918065 -11.270800066000003 10.126359987265001 0 0 0
-9.109624544780369 1.6465688899707405 11.40248884979259 0 0 0
-10.900728770657143 -5.561720030649999 10.130257197814286 1 0 0
-17.228088651377146 -9.260018484933141 11.314608682902858 0 0 0
-16.60693075717692 -12.78299742478462 9.361133575439998 0 0 0
-17.269867828917853 -9.691770723887858 11.160332100732143 0 1 0
-19.16371779009091 -4.566148194399091 9.863848166031817 0 1 0
-17.042933781966667 -11.813033421833333 10.073800086933334 0 0 0
-11.200049877149999 6.968610048295 8.330832481382501 0 0 0
-3.755482006073001 0.20634711994208046 12.4513725519225 0 0 0
-18.303436337090908 -6.764591838375151 9.246359969630907 0 0 0
-22.542999744425 -4.413130044935 11.530824899675 0 0 0
-13.270768013008 -7.444416351318398 10.704875984191998 0 0 0
-16.290429941819998 -12.139303334546666 10.801059977216669 0 1 0
-11.397199948633334 1.8253633181233333 7.660679976146667 1 0 0
-25.8982374668125 -8.7172099351875 7.2906662821775 1 0 0
-12.826849937425001 -6.558320164682501 9.409264802932501 0 1 0
-10.2270002365 -4.49136018753 7.98397016525 1 0 0
-23.359599590325 2.35920494795 11.48647499085 0 0 0
-28.62522506715 -17.11454963685 6.899974942205 0 1 0
0.17069354280847776 5.334913359747778 12.618933253811111 0 0 0
-15.728157673850847 -12.235927145362716 10.022596553222032 0 0 0
-18.840520947481398 -8.669660701307906 11.220676732620928 0 0 0
-19.71436004638 -10.05822010042 10.07274017334 0 0 0
-18.27535005050455 -10.223095373677273 8.260491847991364 0 1 0
-18.22584720826604 -13.762735888633964 11.400615134328305 0 0 0
-10.7600250244 -13.551400184600002 8.879192352295 0 1 0
-18.339244333900005 -5.229567750295334 9.262919341193111 0 0 0
-18.703432473790354 -9.738134809286993 10.288595176606027 0 1 0
-24.255380249039998 -1.7240419864659997 11.515359878519998 0 0 0
-21.327785764414283 -5.757951395851428 11.109385762900002 0 0 0
-13.74247282202121 4.893163030798182 11.926390879081818 0 0 0
-7.20002985001 1.47817003727 11.6154003143 0 0 0
-7.238271999359 1.63754800558 11.65819005967 0 0 0
-27.32336690690556 -8.615718258752223 9.449087248907222 0 0 0
-12.17307624170255 -1.1778491513200844 7.768616866257119 0 1 0
-18.585447643113042 -6.2193626113552165 11.40893471759565 0 0 0
-6.163773377733333 6.898700078330001 7.58213329315 0 0 0
-15.038724899275 -0.22917249798775002 11.605250120174999 0 0 0
-16.44060039525 -9.243625164034999 11.506649971 0 1 0
-8.5169801712 -4.569439888 11.9994001389 0 0 0
-28.453918110245457 8.810300913723637 9.707990906454544 1 0 0
-15.308405505290741 -12.238177776342594 10.042529565314815 0 0 0
-20.7544002533 -7.99161505699 10.40694999695 0 0 0
-15.720299857 -6.930591378892856 5.827800001418573 0 1 0
-9.492047548295 -3.8546025156974997 9.8765573501575 1 0 0
-20.046166737866667 -1.21179330349 5.843160152433334 0 0 0
-11.100066502866667 -0.8745153148970001 12.013499895766666 0 0 0
-16.22569961548 -11.7130800247 10.01692008972 0 0 0
-15.28535995482 10.25465002059 10.883650016790002 0 0 0
-18.300991986256758 -5.279152444891081 8.779724842793787 0 0 0
-12.094528620585717 -1.1142151509018572 9.190414960044572 1 1 0
-12.2826249599375 7.56156378984625 8.38467264175375 0 0 0
-15.414577696044445 -3.7574011219888885 7.849005593194445 1 0 0
-18.231843506079713 -13.242194231005794 11.410453547602899 0 0 0
-12.700852348704762 -13.073800041561904 5.809976214454286 0 1 0
-18.222263180489794 -6.180021013532243 5.808071837132858 1 0 0
-15.771948414470966 -12.317248498245162 9.98411418545613 0 0 0
-14.232138111483334 -7.407602332887145 9.762128126053572 0 0 0
-10.713314962385 -0.3298902012409 7.395429468155998 1 0 0
-14.720612223548777 -11.145104919990242 10.675568324765855 0 1 0
-17.7473666668 -8.859100143113332 11.323291659358334 0 0 0
-10.261917546853608 5.133610204323094 12.0952587324299 0 0 0
-8.827011850145185 7.220854812197779 8.254156006707408 0 0 0
-18.677431800145456 -9.145838737488184 11.439722798081819 0 0 0
-11.3487002055 -7.912808338801667 12.017649968466666 0 0 0
-15.071299870799999 -3.6759700775166664 5.9192067782099995 1 1 0
-17.723891171527274 11.809027238327275 16.287845264763632 0 0 0
-27.751891613012507 -8.872078378994583 9.58112744490375 0 0 0
-14.7040996552 2.36584997177 10.042599678 0 0 0
-16.192899928376473 0.24390955378901763 6.516175326178235 0 0 0
-8.637911987304 5.290573978424002 10.206739997860002 0 0 0
-15.285422842837141 -10.930071449274285 10.639945793151428 0 1 0
-20.723308629010347 -11.747558643074141 11.299184470337932 0 0 0
-22.15552874972857 -0.9086315717017143 8.052545683724288 0 0 0
-18.465733210233335 3.887976646423333 10.0422000885 0 0 0
-29.186666806533328 -8.478490034738334 10.306500275933333 1 0 0
-11.8567428589 -8.71396269117 10.245414461414285 0 0 0
-18.244761313154843 -14.246241969448386 11.356116125658064 0 0 0
-16.244796164681315 0.2591037694060018 6.237277663756633 1 0 0
-10.025666554766666 -8.133953412373332 5.860426743823333 0 0 0
-7.105452080567084 -4.275023718675 6.1458645860358345 0 0 0
-6.99214998881 1.5061066548033335 11.201400121033332 1 0 0
-32.04827838473333 -3.289747767978889 8.177089903087778 1 0 0
-12.085964339121428 -8.246894427708572 10.796442849300002 0 0 0
-10.672743949889998 5.4388079833984 10.912025966642002 0 0 0
-12.181494852591378 -1.158627845089914 8.251849495131381 0 1 0
-1.8666463602672727 -5.2954950115904555 8.262011874805 0 0 0
-19.08583615043636 -8.315828280015454 11.56918638402727 0 1 0
-18.79463510255946 -8.137741887891078 11.547191851851354 0 0 0
-9.899233055115 6.084067010880999 9.115079975127001 0 0 0
-23.81485017138333 -17.0291001002 14.287633260100002 0 1 0
-26.712850062063335 -0.8662627975144999 11.07243328094 0 0 0
-7.968718004225001 -5.800695037842 12.128330135350001 0 0 0
-10.676944520744444 9.477076742383334 9.910918977524444 0 0 0
-10.841500176344447 9.439866595797778 9.240052223205556 0 0 0
-20.222279739399998 -4.733890008927 10.67546014785 0 0 0
-27.6025009155 -9.52826976776 9.64144039154 0 0 0
-18.5647834142 0.8292828400931667 7.710604906081667 0 0 0
-16.205433686575 11.06010834375 8.64195171992 0 0 0
-28.762625217449997 -8.1966300010675 9.693402290345 0 0 0
-28.4993000031 -8.2301197052 9.5679101944 0 0 0
-14.615585599642856 -7.512374196732857 8.664805548530001 0 0 0
-12.385162591925 4.3983287215225 11.9734247923 0 0 0
-25.795481000633334 -1.38473428431 11.235861869085715 0 0 0
-15.602159957888004 -7.3100203895572 9.267769279479602 0 0 0
-18.4678338369 -5.429823239646667 10.4624668757 0 0 0
-25.725883324954168 -0.2912214368892291 11.540466626475 0 0 0
-6.3803387284275 -3.1263387799249998 5.890326321125 0 0 0
-18.5032997131 -0.169047996402 7.11486005783 0 0 0
-12.1492996216 -0.230772003531 6.49460983276 0 0 0
-15.23790280247888 -11.759747921584507 10.04052109785352 0 0 0
-20.672581195837495 -12.08393746614375 11.2745500206875 0 0 0
-8.062032786282726 4.212468190627272 26.699718128545452 0 0 0
-11.078013723536364 -1.7394663691509094 3.229685870083182 0 0 0
-16.230594963327867 -13.206451634889339 8.76968606573582 0 1 0
-15.288039083069565 -2.2328073874760874 5.707205191903042 1 0 0
-9.479064260211429 -6.378898620604285 10.562057222642858 0 1 0
-9.49085998535 -1.9134199619299999 9.2297949791 0 0 0
-17.769724155303447 -15.351262059717241 10.32660349484483 0 1 0
-15.837225198774998 9.956389904022501 10.805125236524999 0 0 0
-17.313428606314286 5.1450357437128575 10.1373142515 0 0 0
-31.6521749496625 -1.7476337701075 9.16650760173875 1 0 0
-14.724466737106667 -11.215936692560001 10.215116755163333 0 1 0
-28.717619733109753 0.22501996682006073 10.28305849214878 0 0 0
-10.86439991 -2.38838005066 4.98503017426 0 0 0
-20.172062229462163 -12.172794651345944 11.30092159477838 0 0 0
-16.21510952916724 -12.621897417924139 9.710150455606465 0 1 0
-6.2232572815618195 3.769768194719091 12.515508911827272 0 0 0
-12.045099894216667 -12.870683352166665 6.1804200808216665 0 1 0
-25.065533320100002 -10.2043997447 7.957953294116667 0 0 0
-17.9730002085 2.948166688283333 10.012366930633332 0 0 0
-11.340850114824999 -7.4040575623525 8.59959137439875 0 0 0
-11.797288921141666 -12.927347236213889 6.1376980675591675 0 1 0
-16.84395702907429 -9.269205720084 11.224420002522857 0 0 0
-14.213064698611767 -7.453324444154117 11.676414629994118 0 0 0
-7.291868898605555 5.435158835516668 7.783646689520001 0 0 0
-17.5273715428 -0.04000312964698285 6.693601540157144 0 1 0
-25.536699676519998 -2.383741998672 11.52723999024 0 0 0
-18.519333521533333 -7.08478673299 10.869433403 0 0 0
-18.47802047728 -6.793911933896 10.7671403885 0 0 0
-18.5369005203 -6.839890003204999 10.766949653649998 0 0 0
-7.082484960555 -3.126070022585 11.90394973755 0 0 0
-16.916285651085715 -16.219057083114286 10.649842943457143 0 1 0
-10.804713661029549 -6.32641023939318 8.607531590895226 0 1 0
-29.79440543526052 2.655503674557106 4.6946871280668425 1 0 0
-17.896015460669233 3.092077677066923 9.873846861033076 0 0 0
-16.602902321595234 -12.352895214440474 10.759304750538098 0 1 0
-17.9675006866 3.04157996178 10.0258998871 0 0 0
-28.64616966248 -8.798866844177002 9.732104969026 1 0 0
-12.370109037918182 -6.764788150787274 7.050775484605455 1 0 0
-12.125556659693332 -7.659738016128668 10.778830114993335 0 0 0
-12.330734619726922 -12.853099969711538 5.665264973273462 0 1 0
-22.258295513323812 -8.791327567327622 9.943148113431906 0 0 0
-31.158585820878578 0.22009957774674996 10.643092700407143 1 0 0
-12.776585647035713 -10.851253475464286 7.667763539722856 0 1 0
-10.7137333552 -10.281333287566667 7.04554669062 0 1 0
-11.55044607016154 -1.90235230556 8.78345628885 0 1 0
-21.30334973335 -9.425056219102501 12.4257876873125 0 0 0
-24.701752014156 5.769999656678001 11.561339988696 0 0 0
-16.12821350098 0.2152970651784667 10.81325327556 0 0 0
-18.458012580862498 1.569734998048125 7.240955621005 0 0 0
-17.756827116012506 -14.233747919395833 11.336160361762502 0 0 0
-17.29512548445 0.665748000145 6.668540000915 0 0 0
-17.779572573572725 13.284390883018181 17.048872514209094 0 0 0
-23.801724910750004 -9.6221377849575 10.045774936675 1 0 0
-3.695575714112857 6.303622790745714 11.82289981842857 0 0 0
-19.738091496060004 -5.858042539867999 11.307114301405713 0 0 0
-12.250527699783333 -6.304733355840001 5.052399476369444 0 0 0
-27.742940521260003 1.110858011246 10.52199993134 0 0 0
-22.067327499390906 -2.6850336464954543 8.041280833158183 0 0 0
-12.792085715721427 -13.297628607071427 8.886552129473571 0 1 0
-17.34485054015 -12.132750034299999 9.878590106965 0 1 0
-5.34338680903 6.62311331431 33.76476669313333 0 0 0
-17.88760032654 -10.96094017028 10.86590003966 0 0 0
-18.22605991364 1.46555800438 9.369495010376 0 0 0
-10.8235998154 -8.57544994354 6.45958995819 0 0 0
-11.666805934908002 -0.3051967391372 11.252075977322004 1 0 0
-14.805406729381668 -12.92641499837667 9.87691233952883 0 1 0
-28.1893778907 2.4383633401655556 10.1821890937 0 0 0
-19.214290325457693 -12.759082684151924 11.38961155598269 0 0 0
-0.3879508200017273 5.5531590201645455 11.2849636078 0 0 0
-12.907299995428572 -4.178884233747143 6.210164206371429 0 1 0
-19.650415273803844 -12.855346276207694 11.35000768074615 0 0 0
-11.873830770828205 -11.039553837902563 6.155277484502306 0 1 0
-26.915159606919996 -9.626374053954 9.677201843261999 0 0 0
-18.659333546933336 7.952266693116666 13.267633120233334 0 0 0
-13.844544105512 -14.756379966740003 7.4748944091796 0 1 0
-13.39339995385 -6.8003849983225 7.0226199626925006 0 1 0
-6.224894784746191 3.2561293045688093 7.788622333890714 0 0 0
-12.07078018188 -1.031727981564 21.366740036019998 0 0 0
-13.125800064628573 -11.115428515842856 8.54331779479857 0 0 0
-11.0420999527 -1.67521500587 12.00544977185 0 1 0
-18.455914088649997 -5.68225646019 10.693542889192857 0 0 0
-11.926760101320001 -13.631480026240002 8.41394405365 0 1 0
-27.295889854440002 -7.887725067138 7.3573539733889985 0 1 0
-16.65149993896 -6.865806706746 9.305002657574 0 0 0
-25.458641846983337 -2.3060691952691665 11.443400065108333 0 0 0
-11.640433311473334 8.263537279766 8.765427907308668 0 0 0
-21.178459011134432 -7.65600442886377 11.127508179086885 0 1 0
-10.327649831775 5.4419250488275 9.61172270775 0 0 0
-20.6079006195 -8.0222196579 11.0038003922 0 0 0
-8.53788471222 6.364534854885 7.97852516174 0 0 0
-23.36660003665 -3.421779990195 11.512050151850001 0 0 0
-25.5297994614 2.70016002655 9.924485206605 0 0 0
-11.671648304478914 -1.168265165925918 11.85294693019456 0 0 0
-12.828908363975001 -11.110054175050003 8.224440852800418 0 0 0
-24.716183026633335 -16.7913500468 15.399983565000001 0 1 0
-14.229257957956069 -11.257377624513081 10.247650449525237 0 1 0
-28.88676643371667 5.4554408391316676 8.772780021030833 1 0 0
-30.92078018188 -1.88091402054 8.624796104431999 0 0 0
-21.28393332163333 -1.1796500086783333 9.331481615701666 1 0 0
-15.189299934786845 9.174074524327896 9.76784397426368 0 0 0
-12.897153409333333 1.6954826672886665 9.063885243733333 0 0 0
-19.2906498909125 6.4404911994925 12.7227749824625 0 0 0
-9.723754882815001 -7.55238509178 6.593955039975 1 0 0
-13.732910834162647 -7.3860695103565055 8.236238399183856 0 0 0
-21.464366594933335 -1.857141653696667 6.798373301821666 1 0 0
-19.7657261349 -5.218373344057857 11.334054856078572 0 0 0
-11.873053419184481 -1.1456541336824135 8.7899352270981 0 1 0
-12.643100009247059 -13.714464692517648 6.08510471792706 0 1 0
-10.701727346945454 -0.18118749897581818 21.655709179954542 0 0 0
-18.23985996247 -9.292575979233002 11.39505000115 0 0 0
-18.364975261684997 -4.215013003349499 8.818895578384 0 0 0
-2.0145100355150003 -5.778130054475 8.147904872895001 0 0 0
-15.738556066138846 -12.732359837578977 9.745674473464591 0 1 0
-25.6445376873125 -7.7701449990287506 7.51976883411125 0 0 0
-13.39628756045 7.5688399672525 10.7486499548 0 0 0
-9.6229448318475 5.46388745308 10.944950103775 0 0 0
-13.222783088683334 -8.97120666504 6.9734532833100005 0 1 0
-18.8173166911 6.09264008204 13.713949839283332 0 0 0
-10.06866255403125 1.3208621814850001 12.22555935383125 1 0 0
-18.5314500331875 -1.1728174984475 9.129183769225 0 0 0
-16.82359981535 14.067349910699999 15.479350090050001 0 0 0
-17.210215082709436 -13.752552806207541 11.36654150261132 0 0 0
-15.791143458830435 -9.824065664540438 10.704426060547826 0 1 0
-11.955233256026194 -1.1440935730938095 9.262723559424526 1 1 0
-25.363783200583338 5.687823375066667 11.461783409116668 0 0 0
-25.627718318590908 5.794909130442727 11.44506367770909 0 0 0
-14.267667459893023 -11.389597759688375 9.962976744008605 0 0 0
-18.3488998413 -9.16792011261 11.5036997795 0 0 0
-14.683489942555 -11.556895017620002 9.976826858520003 0 0 0
-10.0712995529 -7.01117992401 7.92158985138 0 1 0
-18.25854283287619 4.24810429981762 9.951267060779523 0 0 0
-9.222175121306668 5.572936614355 9.141388257345 0 0 0
-18.876470184350005 -5.3270820140840005 11.651710033409998 0 0 0
-26.642484518184613 5.805303096771539 10.804107666007694 0 0 0
-23.92278022766 -9.709709930422001 9.475925827028 1 0 0
-18.56315994264 -5.792968082428 10.05594005584 0 1 0
-17.656233390179167 -10.219745874408336 8.710444609324165 0 1 0
-26.24406874179375 -2.7625818699593747 11.533531129362501 0 0 0
-12.848740441450001 -6.78788857233 6.478675944464048 0 0 0
-6.656937106964514 -3.3576019425541936 5.78088640397613 0 0 0
-14.555680084239999 -4.046697902678 5.326978015899999 0 1 0
-19.977233250966666 0.3519026637076667 12.374833424866667 0 0 0
-18.553077697744445 -9.590246624415556 10.581711027355555 0 1 0
-17.701525718935482 -14.806722733283872 10.250138744232258 0 1 0
-20.466800212875 8.3534848690025 10.469699859624999 0 0 0
-21.1119995117 -8.00722980499 11.1597995758 0 1 0
-14.918476838346153 -10.158115386953845 11.157615368192308 1 0 0
-9.469759941100001 -6.286843299863333 6.949236710866667 1 0 0
-19.819258371983334 4.669633309046667 9.882517496744999 0 0 0
-12.890637397762497 1.68519374728375 8.95907497406 0 0 0
-15.205633401866665 -12.290533383683334 9.974260965984165 0 0 0
-31.287347157794123 -2.259905501907842 8.262143976548822 1 0 0
-6.327304886608782 -3.172685588278536 6.20892877113561 0 0 0
-9.60594010353 -7.515509963034999 10.401874780650001 0 1 0
-28.263008984654547 0.6850139038128181 10.677040837027272 0 0 0
-10.744799614 -0.209023997188 10.0081996918 0 0 0
-29.158184785107697 -1.869588466792308 10.660823088430769 0 0 0
-22.5734004974 3.11125993729 6.50356006622 0 0 0
-14.493949890149999 8.12831544876 10.73565006255 0 0 0
-14.3733666738 -7.76189994812 9.151329676313333 0 0 0
-16.7691001892 5.872130076093334 14.651366551733332 0 0 0
-6.881537556648749 -3.70039999484875 5.2957974076275 0 1 0
-16.72282342349412 -3.1193311915676474 6.038039936739413 0 0 0
-0.7860232808373635 6.713667262683635 12.71236367659091 0 0 0
-13.708733240733332 -6.267833391826667 6.5141566594433336 1 0 0
-8.391969680785 -8.737055301665 11.9333000183 0 0 0
0.7328000068662499 5.5304424762725 11.884274959550002 0 0 0
-16.786555537474076 -9.824793744970739 10.902870390144447 0 1 0
-18.74733975353971 -13.2554852682 11.395313206841179 0 0 0
-25.33882776896111 -1.577648891342778 11.360549979744444 0 0 0
-14.194192226115385 -7.217952251435386 9.219888540413846 0 0 0
-11.127280044559999 -1.06016998291 12.01104011536 0 0 0
-24.81444168090833 4.790537516275834 11.471983353300002 0 0 0
-17.624300275514287 11.057214191985713 10.127071244371427 0 0 0
-19.33126483242941 5.879344098707647 10.28014121337059 0 0 0
-24.145172639336362 10.354000004845455 13.754572781654543 0 0 0
-12.142008459069016 -1.1731607074471828 7.298057186771264 0 1 0
-19.345285960600002 -2.6301399980257143 7.809005737304287 0 0 0
-10.950153287266666 6.099980640412666 10.108866564433335 0 0 0
-29.4526245594125 3.20324870944125 8.627409934998749 0 0 0
-10.85975219891739 5.536917810855653 11.254560885217392 0 0 0
-12.89766518965652 -10.928452242978263 8.16187348573087 0 1 0
-11.546030704792306 -7.208208450904616 9.903563132655384 0 0 0
-30.18023502016311 4.75032716584398 4.248511254209228 1 0 0
-19.5235004425 -7.0425901413 11.5167999268 0 0 0
-11.20851421357143 -1.0190971408557143 9.051164354595715 1 1 0
-15.106872240711112 -13.047399944727776 9.565152857037779 0 1 0
-12.553610424204164 -1.1178010354439583 8.772865613301457 1 0 0
-14.94591999054 -10.789559936520002 10.27666015622 0 0 0
-11.323024988175002 8.2736875216175 8.81437834104 0 0 0
-10.265139961244998 9.458070468902 9.219730091095503 0 0 0
-10.357694413922223 9.542173915440001 9.383100986481113 0 0 0
-3.2182629108432255 -1.2177316142670969 12.449183833209677 0 0 0
-11.6553751230375 -0.914201118051875 8.386842608452499 0 0 0
-10.674216747266668 -5.129708369571666 8.675959269206666 0 1 0
-9.752231841863546 3.7540087699891274 12.186015106911052 0 0 0
-28.713705364047367 0.33000468423489476 9.908909546701054 0 0 0
-28.847066879266666 -15.592366854333335 8.563000361126667 0 1 0
-8.059043707671483 3.719184804846297 6.804347762355554 0 0 0
-25.702933311466662 6.558505773544167 11.531550010058332 0 0 0
-5.30023753643 8.073167562484999 24.380100250225 0 0 0
-17.818527568472728 4.246438199824546 9.92647179690273 0 0 0
-16.93582487105 4.2297774553275005 8.762099981307498 1 0 0
-29.34159183501667 2.2603416641566665 8.577357610066667 1 0 0
-20.8283398946 -4.555617300669999 10.100933265693333 0 0 0
-24.29655508560909 -10.783027215436364 8.278747992081817 1 0 0
-25.113453165693336 5.200872008006668 11.543359947213332 0 0 0
-30.41680049895 -2.2382550239550003 11.53200006485 1 0 0
-25.01445007325 -3.21210503578 10.99795007705 0 0 0
-18.744119494570587 -13.743074491907837 11.36998629102549 0 0 0
-8.26210975647 5.04440021515 7.53922986984 0 0 0
-6.403986771903334 -3.5383099714933337 6.066906452176666 0 0 0
-11.362132352941178 -5.39253115654 8.61347299463559 0 1 0
-13.059300013971429 -11.102885655 8.373895781381428 0 0 0
-19.19584941865 -4.62027001381 10.587749958 0 0 0
-19.211899923241308 -4.427293912224564 10.809104338926089 0 0 0
-16.329989583868425 0.1762836009361305 5.228337363193158 1 0 0
-18.9415874481125 6.70818001031625 11.586512565612502 0 0 0
-8.027759552 3.96414995193 6.47371006012 0 0 0
-15.720153845269229 -4.799326108053846 5.742721502597693 0 1 0
-9.801140308379999 -7.5579049587250005 7.208024978635001 1 0 0
-21.31333332436275 -7.264637049506662 11.228045089570587 0 0 0
-18.199565887466665 1.8432199954966666 8.811539967853333 0 0 0
-17.863899231 3.95907998085 8.84858036041 0 0 0
-11.19756245613125 9.539500534535 10.2937812209125 0 0 0
-9.172427940369001 5.4496360301969995 8.920878982544 0 0 0
-21.50874996185 -1.71894001961 6.90567994118 1 0 0
-26.60200023655 -9.07372999191 8.532099723815 0 0 0
-5.917142179275555 10.64765559301111 9.818145540026666 0 0 0
-12.26441455321273 -1.2350929086855456 11.819008159639093 0 1 0
-19.484033584633334 0.668404340744 13.5741332372 0 0 0
-18.865633010866667 -10.961066563933334 11.110566457100001 0 0 0
-19.261000156399998 -2.3814150095 7.97808754444 0 0 0
-20.350065135964996 6.0742204904555 15.310249948505 0 0 0
-18.733461743314287 6.576947620936192 13.741976193028574 0 0 0
-16.6599006653 4.9668598175 14.2582998276 0 0 0
0.20306950186683334 6.109034935633333 12.643483161916668 0 0 0
-27.809966405233336 1.4347199598933333 9.92923005422 1 0 0
-7.777515700885357 3.712702861854285 6.729354994637857 0 0 0
-26.614241917925 0.3767214963834167 11.051991701116668 1 0 0
-26.155270520388232 -8.937221695395293 7.6658464600058815 1 0 0
-14.690047672819048 2.2441390355438093 9.790024348667618 0 0 0
-9.343330574035999 5.585702673593334 11.44099992116 0 0 0
-15.0564002991 -1.5878200531 5.9577498436 0 0 0
-1.7277287393824998 6.34706503152875 12.677137494100002 0 0 0
0.7261852025986 5.451820087434 11.7439599991 0 0 0
-7.683783103679655 2.9446058519962066 8.061233060113791 0 0 0
-42.950249671925 -17.214900016774997 7.672282576560001 1 0 0
-16.785341817685453 -7.680389629710909 11.69826726046909 0 0 0
-19.44939994812857 -2.913208586828571 9.310694422041427 1 0 0
-14.72987143198333 -12.14095481237143 10.05244289125238 0 0 0
-11.842632675169092 5.316750561107456 11.975301915947268 0 0 0
-15.933849970491664 -3.030605792998333 5.25928080082 0 0 0
-28.9233250617875 -6.17779994011 8.9651637077325 1 0 0
-21.44614274161429 -0.8737302933418573 6.94520861762 1 0 0
-15.203227496142503 -12.645950031282503 10.031345033642502 0 0 0
-24.30165977478 -16.6340400696 15.265880012539998 0 1 0
-30.1829774379675 3.2646867454054997 3.2349172472952494 1 0 0
-13.1630499363 -7.6975625753425 9.168239831925 0 0 0
-13.76816994349667 -7.456805006662667 10.704333337143332 0 0 0
-14.191755586199998 -15.240824911322225 7.517021404372501 0 0 0
-10.9813995361 8.3114900589 9.0073299408 0 0 0
-29.457979965200003 -5.68736600876 8.946190071105999 1 0 0
-7.869837147848571 4.073412827082858 6.663645676205715 0 0 0
-12.687324162175859 -13.701265532396551 5.7683879424782765 0 1 0
-12.556759607221428 -1.1308252357304762 9.202804338364524 1 1 0
-6.43744325638 -2.9738566875433334 6.24232673645 0 0 0
-7.775871404381626 4.245611285054302 12.205810491424417 0 0 0
-27.26992225647778 -2.6517988840744446 11.479377746577777 0 0 0
-27.19028015138 -2.6136780261979995 11.516740036 0 0 0
-13.606099923433334 -7.566823323568332 9.30003674825 0 0 0
-14.25450496674 -11.585965013505 9.985836076737503 0 0 0
-18.7069375514875 2.1918287575249997 9.1403888463975 0 0 0
-11.353899955766666 -3.4301400184633337 7.060809930166667 0 1 0
-12.3097053327 9.384921575847896 11.2471947419 0 0 0
-12.13568284172 -11.823322895585713 10.317008536205712 0 1 0
-11.688612500820836 -10.441899935404164 6.9368700583762495 0 0 0
-27.89030924710909 -2.188409090041818 10.83547262711818 0 0 0
-8.354797787136668 -4.28669775857 11.950666851466666 0 0 0
-25.67753009796 -8.090890979767 7.574382972716999 0 0 0
0.398429375141875 5.73458623886125 3.3402225077162497 0 0 0
-20.456824779499996 6.12150990963 14.906249999975 0 0 0
-11.281307983407999 9.5361955261228 9.712618865965998 0 0 0
-25.603807596069224 -4.118561487930001 11.541677034815383 0 0 0
-19.614030838015385 7.765983104704616 11.798115510199999 0 0 0
-13.196713074393477 -15.231678320017386 7.560042370919998 0 0 0
-8.762742266935884 5.41168173621647 8.965974695542352 0 0 0
-12.745264291757143 1.4127925038342857 9.801087992531786 1 0 0
-11.588542801985714 -5.43915299007 8.621879986352857 0 1 0
-13.73926249571964 -11.285748209273212 10.688473224639283 0 1 0
-10.547673225413332 -5.885859966278667 5.038928699493334 0 0 0
-7.02541017532 -3.99622011185 6.0411901474 0 0 0
-16.072512215712194 -1.7923739063063413 5.760317655114388 1 0 0
-24.326046887564708 5.639305984272354 11.53997651267647 0 0 0
-14.707995592892313 -13.106701075382414 9.65613080119022 0 1 0
-23.632500076286668 0.8066196004549998 11.538493283593333 0 0 0
-9.305706917554314 -4.734043162444768 6.314099130959199 0 0 0
-20.157957349514284 5.922494343348572 15.280414445057144 0 0 0
-14.708113528587837 -12.769662174018919 10.06648241506757 0 0 0
-10.435366630533332 -6.074263413750001 7.535946687063333 0 1 0
-6.565862367027106 -4.299416303635001 6.828708159296844 0 0 0
-12.291193041310345 -10.742910385131035 7.378310006240002 0 0 0
-25.107733408616667 -10.41293350855 8.093091646829999 0 0 0
-10.94672477245 -7.8288912773125 4.7392712831525 0 0 0
-13.859641790391668 -11.311483383175 10.284600098933334 0 1 0
-17.326733483222224 9.335155593024446 10.445600085777777 0 0 0
-6.415575894442726 -2.8882895491336367 6.74399319562091 0 0 0
-17.0601005554 -0.501044988632 5.94072008133 0 0 0
-6.658972660700999 -3.6441216548280004 6.696148649851334 0 0 0
-14.76119998405517 -14.727779256893102 7.518821732751035 0 1 0
-9.252051060994937 2.3849286651612003 12.251712086993335 0 0 0
-18.28059983255 7.83997505903125 12.923849821075 0 0 0
-18.620930215586956 -10.07580442014348 10.115713078034783 0 0 0
-12.78670870739565 -11.547465117086954 10.416000075965217 0 1 0
-14.346350024729412 3.416910290717353 11.399255808661762 1 0 0
-26.129528863085717 4.634424277712857 11.064928599785715 0 0 0
-10.784800211566667 -4.91414006551 8.392586708066666 0 1 0
-11.4947004318 -0.46624699235 6.48287010193 0 0 0
-15.592906177050004 9.194466888904998 11.1965500116375 0 0 0
-6.379550834495833 -2.8614945908391665 5.784568369387916 0 0 0
-10.853411674494119 -7.387181197895296 11.262705915111766 0 0 0
-20.803825060533335 0.6469168265660833 9.745868285496664 0 0 0
0.411454995473 5.2339998881000005 3.2462999820733334 0 0 0
-25.08284034728 2.85866999626 11.58424015046 1 0 0
-29.14903030396 4.0401200294490005 7.892730998993001 0 0 0
-18.599342618671432 6.467124257768572 13.141814368114286 0 0 0
-8.043884277344286 6.0830328805128575 6.715477057867143 0 0 0
-23.278185617357142 -1.709599046480952 11.527276129952382 0 0 0
-27.100284282984617 -3.3300900275900007 11.103338461661538 0 0 0
-13.778769969939999 -11.768396727239999 10.146370061239999 0 0 0
-12.396233558666665 -5.340223312376668 6.46919663747 0 0 0
-14.270057133269995 -11.796014295307138 10.05254432132714 0 0 0
-13.828887581837499 -2.4326537847524996 6.400600016115 0 0 0
-25.35837881905714 9.766441822051785 10.331703594753572 1 0 0
-30.240731846204543 0.7936260916969999 8.261375470594091 1 0 0
-14.385924816150002 1.9879550337775 5.9847151041025 0 0 0
-24.092183113116665 3.2043033440900004 11.453050136549999 0 0 0
-13.7037000656 -7.51044988632 9.53472042084 0 0 0
-11.326065039632498 5.561339497565999 12.0414900064375 0 0 0
-18.47081661225 -6.329860051471666 10.0886832873 0 0 0
-13.249086358331821 9.30477246371227 11.258325056579546 0 0 0
-23.9727373123125 5.1380124688125 11.5478373766 0 0 0
-10.81670017242 -8.37476005554 6.449030017854 0 0 0
-13.28000011444 -12.923500251780002 7.6240261077880005 0 0 0
-15.325957196099997 -7.417383211000001 11.682625021253571 0 0 0
-11.805866718283333 4.891899983088333 11.992149988816665 0 0 0
-14.715866724633335 -9.357216676076666 11.228083292616667 0 0 0
-12.050052676285963 -1.1182373615731578 9.789163054082106 1 1 0
-13.801415406742304 -7.372948243067309 9.72436842551654 0 0 0
-23.341249942799998 0.6158879995347499 11.483299732199999 0 0 0
-14.78314485354898 -14.814055073020409 7.399440006333267 0 1 0
-11.679414987554997 -0.37693510204545 9.708807611465499 1 0 0
-17.591938931008702 -14.363086907773916 9.297855625981304 0 1 0
-25.7700500488 1.94165998697 11.54180002215 0 0 0
-11.291933271611109 -7.377373324498889 10.210333294344444 0 0 0
-20.20064983368 6.295513010027 11.35950994493 0 0 0
-12.181985582614287 -6.528258664267143 8.848314149039998 0 1 0
-9.632291920980666 -9.063693300882667 12.074640019719999 0 0 0
-30.660671143304757 4.854879061381429 10.186123757138095 1 0 0
-20.116281942881816 -13.289372660904545 11.361054463818181 0 0 0
-7.637647428011053 2.844518950112105 0.8913871489073683 0 0 0
-9.246289708148506 3.2645224771277013 12.24784712407988 0 0 0
-28.668983459483332 0.2602344353994333 10.554816722883333 1 0 0
-13.07190004985 4.627285003663334 12.017633120216667 0 0 0
-8.820750089791538 5.397105363700001 11.20183064387692 0 0 0
-2.79481005669 4.55340003967 7.11987018585 0 0 0
-24.31886641183333 3.7459932963050004 11.47576681775 0 0 0
-25.62285695757143 5.712114265988572 11.524757249 0 0 0
-11.881200041078571 -12.929092815949998 5.937595708029286 0 1 0
-13.260983973369136 -11.375634617271608 10.698275295303711 0 1 0
-13.787840080239999 7.214056015016 23.15674018862 0 0 0
-11.209557679984613 -7.320116923406155 7.081358506129617 0 0 0
-6.7595183054608325 8.333775122962498 7.6715300083175 0 0 0
-6.478422918629031 -4.088690957714838 6.853873883523547 0 0 0
-19.144900004066667 -10.063500245416666 10.105733235683335 0 0 0
-10.565337538725 -9.4388899803175 9.56007504463 0 1 0
-11.396499951683333 9.389928340911666 11.164766788466666 0 0 0
-11.762413889860467 -10.616725588951164 6.844475613083955 0 0 0
-1.3223288269611764 -2.7223864583411763 10.726070572358822 0 0 0
-13.549025058725 6.439405083655 11.381124973324999 0 0 0
-19.315488521865383 8.041051901303076 11.268030753492308 0 0 0
-6.449227108674706 -3.945814146713529 6.873437068041764 0 0 0
-28.810326024110534 -1.8824663224978948 10.66774217705263 0 0 0
-11.032014301857144 2.465722867421429 10.098000253942857 0 0 0
-6.961715766362857 6.971805708747142 0.294467857906 0 0 0
-7.459109187125001 3.275408347447499 7.1194991668075 0 0 0
-23.8515996933 3.1997249722475 11.488949775675 0 0 0
-26.0128002167 0.798530995846 11.5213003159 0 0 0
-16.468899917599998 -6.8287559509280005 8.956976127622 0 0 0
-13.793227524593105 -11.695351732186207 9.94639893235862 0 0 0
-7.44504976273 3.57458996773 7.49914979935 0 0 0
-15.411500089317645 -12.974205802464708 9.270728391760587 0 1 0
-12.824155891638235 -14.109764688158826 8.280207886415882 0 1 0
-9.421006679535 4.2195917765283335 21.817599932366665 0 0 0
-18.574833552033336 -4.640856583913333 10.309899965933333 0 0 0
-11.317450165750001 8.8897688388825 10.7790248393875 0 0 0
-28.24386672179376 7.213306238253748 8.251245280106875 1 0 0
-9.458633422850001 -5.300833384196667 11.6306664149 1 0 0
-13.855199987263633 -5.829414627769091 5.868751829320908 1 0 0
-11.194825053225 9.5138124227525 9.33745002746625 0 0 0
-12.5844298363 -8.154771900176002 9.888123035430999 0 0 0
-13.778038763232257 -7.607039974581613 11.812896759274192 0 0 0
-12.72278567722857 7.526615687777142 8.754351479667141 0 0 0
-17.32122039796 -6.474942016599999 7.580325984956 0 0 0
-20.15973345437778 11.61544428931111 15.247433238555553 0 0 0
-23.7506999969 3.51216006279 11.4844999313 0 0 0
-17.771318175579548 -7.429471145976591 8.75561820377 0 0 0
-17.285169792189997 -6.561037969589 7.608059978487001 0 0 0
-13.290054404949124 -11.7429649453386 10.303035133757895 0 0 0
-10.435692346999998 -5.867943066816154 5.045534574066924 1 0 0
-12.079199981699999 -10.142509937289999 8.351546001435 0 0 0
-26.236437559125 -16.123899698262502 8.259632468223751 0 1 0
-20.28844846527931 -6.262452437959655 11.432568944744828 0 0 0
-21.534133275333332 1.5271399815899998 7.9375333786 0 0 0
-13.188330797038464 -6.856748470893847 9.804508355946153 0 1 0
-7.334885001182499 4.2428499460225 7.948922634124999 0 0 0
-43.581648826599995 -13.793325185774998 5.0997374057775 1 1 1
-29.033474922175003 -6.986324906347501 9.2589249610925 1 0 0
-19.856099700920005 0.9635887980462 12.98931999206 0 0 0
-20.916816711433338 -1.0321216781933333 8.198263327281666 0 0 0
-21.726040608175673 -7.568151319349189 10.704135147297297 0 1 0
-6.446942874365715 2.9683314050971426 8.071495737347144 0 0 0
-30.12035980224 -15.871739959740001 7.840763950348 0 1 0
-29.76273002625 -15.793480014800002 7.785394001007001 0 1 0
-17.1123001575375 -5.5421212315562505 2.113790005445 0 0 0
-18.214694446994443 9.62155781852 11.78903881708333 0 0 0
-24.4979991913 -0.815698981285 11.2952003479 0 0 0
-17.28833473560698 -7.404221390568371 8.670491174209769 0 0 0
-17.063966115333333 2.3995800018333333 9.533996899923334 0 0 0
-24.778333028166667 -10.708716710416667 8.073135058085 1 0 0
-6.65748554117549 -4.782171585980392 7.2881997613349006 0 0 0
-12.169855183565518 -1.1142258520786206 10.119655148741376 0 1 0
-17.24907084307083 -14.179547945658333 10.78376038869375 0 1 0
-29.392428054815994 3.7639276027679993 5.3879624176015986 1 0 0
-29.124639892599998 5.532879924774 8.669503974913999 1 0 0
-20.392755296522225 -6.265291108027777 11.550588607788889 0 1 0
-28.582455105244442 6.084696716732221 8.126754336886668 1 0 0
-18.66908425550769 -4.069121544178461 9.405031497661538 0 0 0
-4.77219986916 -1.52991002798 12.4047002792 0 0 0
-25.189019902546665 6.258361975352 11.398893356313332 0 0 0
-11.631338618022726 -0.8982732282443183 11.938620458954544 0 0 0
-23.511500358600003 -3.289635062215 11.50399971005 0 0 0
-19.737669944780002 8.801416015624 12.10082006455 0 0 0
-14.4583001137 -8.17146015167 9.03691005707 0 0 0
-20.806074619300002 8.3545300960525 11.045174837125 0 0 0
-21.019925117525 8.3687674999225 11.094724893575 0 0 0
-20.906000137342858 6.341789926799999 12.815257208671428 0 0 0
-13.734845115295164 -14.625050067901613 7.598618691967421 0 1 0
-14.250099897383334 -6.900252461435 5.928605000178334 0 1 0
-28.5755203247 -2.3422799587260004 11.168359947199999 0 0 0
-24.254309844979996 -5.164180898667 11.29760999679 0 0 0
-13.342568755149998 -13.206187605850001 7.65756690502125 0 1 0
-18.714366753891664 3.970050811768333 9.947794198989998 0 0 0
-16.667043087529414 -12.25037645826078 11.291841151666668 0 1 0
-13.240066645435087 -14.071936808133326 8.712072255318247 0 1 0
-12.77535009385 5.939110040665 12.00190019605 0 0 0
-11.380514190314287 -11.19710004897143 4.9296780313761905 0 1 0
-25.339828354964286 6.610221454073572 11.337885720385714 0 0 0
-17.5257663727 -14.2789001465 9.65411345164 0 1 0
-12.106058712668965 6.802123793240344 9.091697923068276 0 0 0
-15.812330759492308 10.079976888792308 10.75921542829231 0 0 0
-18.199114390800002 4.0510578496114285 9.124316487994287 0 0 0
-11.1594500542 7.040784835815 8.51312494278 0 0 0
-14.245518546738145 -12.74916700972578 10.07569379904536 0 0 0
-9.698595728194286 -5.420982837677142 5.879798548562857 0 0 0
-20.41671425952857 -2.234138625007143 9.856118610925716 1 0 0
-6.608783721924545 -4.372793631120909 7.08126818050091 0 1 0
-7.7976844045844445 4.464195516374445 7.324244446224444 0 0 0
-8.4439438581475 5.570200026035001 10.532899975787501 0 0 0
-10.082400322 -8.07131958008 6.01858997345 0 0 0
-13.253557515155 -13.904675006867498 8.854424285888499 0 1 0
-12.596829414358822 -10.912476539611765 8.594338697545883 0 1 0
-12.13047270340909 -0.4141776344991817 8.848293737931819 1 0 0
-19.385774612425003 6.2605925798425 13.645600080474999 0 0 0
-6.814244315738093 -4.267672379811428 5.386002631415478 0 0 0
-23.247973251326666 -3.7710506280259994 11.530859820053331 0 0 0
-11.869829988469998 7.309604501724499 10.243469953544999 0 0 0
-9.820252520139265 1.7595728723729511 12.256074584897538 0 0 0
0.9640183448793334 1.2692833344166667 1.2731866439166666 0 0 0
-29.081293582924996 -7.323433160782502 9.728712499142501 1 0 0
-17.23302710056042 -13.23382711410625 11.385970830925002 0 0 0
-15.34630012515 7.31468510628 10.4245996475 0 0 0
-23.129023331861543 3.212936181287692 9.665750796978461 0 0 0
-13.305709782770593 -16.71527260424706 7.3357066547170575 0 1 0
-11.762561109327775 9.427420510185556 9.793053256141667 0 0 0
-5.809810821325072 2.7427935828899996 7.690464503145342 0 0 0
-12.50710010525 1.711980044845 7.65717506409 1 0 0
-14.241262361598698 -12.250228584583112 10.081838979353247 0 0 0
-8.223576612875917 2.290822247384648 12.132269053387324 0 0 0
-14.176453141611763 -7.592067017275294 11.805199903605883 0 0 0
-12.750797349054055 8.810662656217296 11.86629728368919 0 0 0
-13.855333169316665 -3.520178318025 5.8850267728166665 0 0 0
-13.748654796232257 -15.715403156890323 7.532823193457097 0 0 0
-25.950833002733333 -9.469147046406666 8.193656603496665 0 0 0
-14.923564297814284 -12.249814305978571 9.980245045254287 0 1 0
-11.101688914833334 5.362164497374445 11.826966815544445 0 0 0
-13.1372995377 -3.72267007828 7.00750017166 0 1 0
-13.797204390830434 -15.697321850326084 7.4794843300539124 0 0 0
-14.175845492972728 -13.029045365072726 10.03483642231818 0 1 0
-15.6189999147 -0.8465229977259998 6.507051858035454 0 0 0
-13.748319463029269 -15.238012151021948 7.528478320052195 0 0 0
-7.02325499058 -4.07873249054 5.374434947965 0 0 0
-10.906809113245455 -1.07659544728 8.706279841336364 0 1 0
-29.31000934947273 1.3516736464072727 8.798280889336365 1 0 0
-16.31855964662 -0.028574557928375998 4.933743858335999 0 0 0
-12.07970047 -2.00671005249 10.23279953 1 0 0
-11.64190006255 -8.135774850845 11.949700117099999 0 0 0
-6.334789991378333 3.2312016487133337 8.028358459473333 0 0 0
-14.383978944078947 -11.196763189210527 10.621678954678947 0 1 0
-13.8121144431 -15.255185808442858 7.45941577639 0 0 0
-29.217844327288887 0.7125276062223889 9.818415588803889 0 0 0
-11.645303018163634 -0.38404245448828783 7.721653663751212 1 1 0
-8.74244737625 4.536167383192501 12.52000021935 0 0 0
-7.925329004015238 4.233182861690952 6.304100513458572 0 0 0
-10.96769090130909 -1.7880918221036362 3.168055469340909 0 0 0
-12.753921123651924 9.343471196981923 10.784955776649998 0 0 0
-16.886225087296427 -13.225460733689285 9.615810019630002 0 0 0
-26.062867164599997 2.126591682435 11.031549930566667 0 0 0
-6.140537037569118 2.90455648478353 7.742966750089117 0 0 0
-11.398200035099999 -12.958333333333334 6.07907994588 0 1 0
-6.877396623294167 -3.7173316677416666 5.790665785471667 0 1 0
-15.273119636944644 -7.330952669893571 9.231792875698574 0 0 0
-13.828830428747825 -16.334891277808694 7.559607775315215 0 1 0
-27.052024841325 3.687592446805 9.94100022316 0 0 0
-19.903450012225 -9.640924930575 9.9912600517275 0 0 0
-11.860515937812 6.662266407012799 9.327747955321598 0 0 0
-19.909024715424998 2.0835825204850003 9.4565150737775 0 0 0
-19.7913250923 2.226840019225 9.665509939195001 0 0 0
-13.527239799519998 6.480359935758 10.8402399063 0 0 0
-11.656899860914285 -0.5661058511052858 22.328457151157146 0 0 0
-30.379247364231578 -2.1728884295415787 11.359931745031579 1 0 0
-17.030133353333333 -12.805400000666667 9.881584379410002 0 0 0
-11.7179667155 -6.78053665161 9.830023447673334 0 0 0
-26.0971002579 1.9889449477149999 11.078499793999999 0 0 0
-18.7254495621 -6.905694961545 11.6357998848 0 0 0
-17.272008895881815 10.839399944672726 11.647654359990911 0 0 0
-12.321668373910528 9.373110068472105 10.759636778584209 0 0 0
-19.683371407642856 0.8271307178907144 13.2287714822 0 0 0
-14.569433530166668 0.8447786569593333 6.4880466461166675 1 0 0
-9.41454982758 -4.93564987183 11.3733997345 0 1 0
-28.888853806719233 -6.773864232576154 9.650628420022692 1 0 0
-18.315866788233333 -8.316257437071252 11.352887471520832 0 1 0
-23.15743382771667 -5.0836567084 11.364649931599999 1 0 0
-15.2033004761 -6.47160005569 5.9850897789 0 1 0
-15.1962995529 -6.50791978836 5.98773002625 0 1 0
-16.449455261222223 -3.564362234538889 5.948022312588888 0 0 0
-11.696749925625001 -3.731427431105 6.4112725257875 0 0 0
-28.719610945823288 5.774916132835481 8.243699883761368 1 0 0
-13.60835990904 -6.769545936586001 7.033561992646 0 1 0
-12.5392751694 -6.3655775785449995 8.646527528762501 0 1 0
-14.7204123735375 8.0789686441425 10.6976249218 0 0 0
-23.797012329106252 -8.33084619045125 10.173481166368749 0 0 0
-14.0116996765 -3.84586000443 4.78802013397 1 1 0
-20.218171528414285 -0.733306859221 7.987994330269999 0 0 0
-15.9046001434 -8.05115032196 11.6848502159 0 0 0
-3.201386610666667 5.4349967638633325 10.899766922 0 1 0
-7.182822227477778 5.387467808193332 7.304065545401112 0 0 0
-26.767788569144443 -8.70634894900778 8.607025570341111 0 0 0
-18.2154602051 2.6744880199439995 9.77339401245 0 0 0
-14.200571332657145 -0.4131352858885714 22.295557022085713 0 1 0
-11.182100296049999 7.234235048295 7.971775054929999 0 0 0
-8.281539378628228 3.777111774490643 12.234134712525812 0 0 0
-25.70313916888214 7.164294992175 8.235424654824287 0 0 0
-13.80293343862 -16.326699956259997 7.433538754782 0 1 0
-18.20311891465238 -6.7199147769385705 7.347550028846667 0 0 0
-16.737537622459374 -3.5655278116459375 5.933607861400001 0 0 0
-15.189049720749999 -11.012875080099999 10.523400068275 0 1 0
-18.368928364342857 1.4037442718228572 5.953892844065714 0 0 0
-22.368040084860002 -6.096351051329999 11.19031000136 0 0 0
-18.67563332451111 -0.11487460294217335 9.453898959691111 0 0 0
-19.249156355856243 -0.6308822557330626 9.918693125248124 0 0 0
-11.275950050370001 8.172452831269 9.204096984863 0 0 0
-22.131014415199996 -4.709236190431905 11.361885751999997 0 0 0
-11.249199930826668 9.155199941000665 9.864127286276666 0 0 0
-18.179716428116667 5.66277829806 14.128383159633335 0 0 0
-9.79724621772625 -5.5544150471675 5.855386197565001 0 1 0
-13.373118758206248 -14.85313755274375 7.463278651238749 0 1 0
-18.4843997955 -5.76009988785 10.0424003601 0 0 0
-15.673628489180953 -14.169628597447616 7.441908109756191 0 1 0
-18.356845508927275 5.779720002955455 13.924863555218183 0 0 0
-15.782539658874805 -7.355032524079924 8.255956547860608 0 0 0
-17.11245994566 -10.95741977692 10.586840057380002 0 0 0
-15.5993995667 -4.83913993835 5.48345994949 1 0 0
-17.702899932850002 -16.14210033415 10.77495002745 0 0 0
-16.23173031662727 -12.14571510662121 11.254451520524244 0 1 0
-18.57246653239167 -7.772344231605834 11.258991797766667 0 0 0
-22.645471572857144 -5.848464284625714 11.20560005732857 0 0 0
-19.676949977874997 1.021130025385 13.038324832925 0 0 0
-5.643283367156666 -5.060966650646667 6.222403367359999 0 0 0
-4.824722185729687 -1.7346846908340627 8.277964413166876 0 0 0
-11.959574937825 13.164525032025 5.618350028989999 0 0 0
-12.1970789558 13.228647382642109 5.788608425541579 0 0 0
-15.78860827286667 -14.130141695341665 7.5844520727787526 0 0 0
-7.83627796173 5.392251968382 27.279240035999997 0 0 0
-19.129666646333334 -8.616933504739999 11.5115998586 0 0 0
-15.803776661558338 -12.940281677251665 9.343557325999 0 1 0
-12.4401000738 -1.88781000673875 21.1966497898 0 0 0
-13.691850026441669 -16.556741555533335 7.564030011495834 0 1 0
-15.300751063287755 -14.247101997838778 7.425148564941839 0 1 0
-11.74794440798889 7.144380039638888 10.653166664955556 0 0 0
-5.3979453699925 2.666502492768214 7.818520035061786 0 0 0
-24.03770001726667 2.22299337387 11.474666595466665 0 0 0
-18.93951988222 -10.64700012208 12.30375995634 0 1 0
-14.540599822999999 -3.879676659903333 5.43269666036 1 0 0
-17.655715502226926 -14.806646236996155 10.686992278469226 0 1 0
-9.567926216126 6.451856040956 8.481637954710001 0 0 0
-7.044239902498001 6.917159938812 0.3050982058048 0 0 0
-26.8283004761 -1.47799003124 10.9222002029 0 0 0
-19.105700174966668 -5.84593661626 11.555899937933333 1 0 0
-7.02081012726 7.01834011078 0.417786985636 0 0 0
-12.73602220747778 0.8454250031046666 21.13244438171111 0 0 0
-16.346844355261112 -8.207183308072223 11.720366583938889 0 0 0
-11.0312995911 -2.05256009102 3.28058004379 0 0 0
-28.428400516499998 -0.9081319868565 10.329774856575 0 0 0
-20.22064277105 10.116742883414286 10.626628467007142 0 0 0
-9.793812857733611 5.325254188643889 11.480663935347224 0 0 0
-12.790214197985716 -6.283687898092142 5.039430686405 0 0 0
-10.435533364583334 6.05765668551 10.851766745250002 0 0 0
-9.880801966933277 1.3077960639704915 12.249655723563933 0 0 0
-18.0000991821 2.90611004829 10.0535001755 0 0 0
-12.9661002159 -7.597990036015 10.55890035625 0 0 0
-7.131076653800001 4.341716686885 8.081090132395 0 0 0
-18.741404779496765 -8.358475239046289 11.370422640159678 0 1 0
-13.5582499504 -13.1998000145 7.64309501648 0 0 0
-13.20958380545484 -7.661022616970645 11.831838700074192 0 0 0
-19.706637268070676 -8.205327593485602 11.292653338112002 0 0 0
-13.238785542943422 -14.67377370282369 7.711259741531973 0 1 0
-16.330626337152626 -0.09757991829934579 5.200135281211052 1 0 0
-26.064433415733337 2.5272289117177777 10.657333268044443 0 0 0
-28.453004339460875 4.1359874269226085 7.136626969212175 1 0 0
-26.74886250495 -17.096674919149997 7.6962486505525 0 1 0
-14.174052855552944 -9.299271246965883 11.289805861088237 0 0 0
-22.107725143425 -9.2071723938 5.9649175405475 0 1 0
-18.135419845566666 -8.752050654092667 11.275500043226666 0 0 0
-26.714804603933338 6.770565237317619 10.78488095601905 0 0 0
-12.166536270306379 -11.584099992795746 10.70001060404681 0 1 0
-14.069149971 -5.313040018085 5.964365005495001 0 1 0
-11.2977499962 1.9699850082400001 6.467360019685 1 0 0
-22.88260021211 -1.3578600049019998 11.550370121010001 0 0 0
-20.057067235333335 3.03968993823 9.843306859336666 0 0 0
-30.80952501295 1.37766751647 11.531100034725 0 0 0
-10.707783966064001 -6.7279324150079995 6.2967080116272 0 0 0
-7.42032003403 3.54751992226 8.66720962524 0 0 0
-13.253443868535085 -7.378021733802807 7.781106329801226 0 0 0
-19.337660721375 -8.321556738444643 11.408896446221428 0 0 0
-18.259733200066666 4.3041666348800005 10.017933209733334 0 0 0
-6.971484959125 -2.63713625073375 12.1279749870375 0 0 0
-7.219315052031667 4.9292149543766675 11.128366629283333 0 0 0
-7.737027931212 -6.73421602249 11.91456012726 0 0 0
-21.287161191316663 -5.151312801573333 11.081333213383333 0 0 0
-12.165350003680302 -1.113256508654242 8.760367003354393 0 1 0
-14.09779276166429 -6.917314972196428 9.282338551112858 0 0 0
-12.731684970860002 -11.524465036389998 10.592859888069999 0 1 0
-16.669369859518866 -13.251156591018871 9.257297731795283 0 0 0
-16.108700071057143 10.950657299571429 8.728865623472858 0 0 0
-15.987349987049999 10.906950473750001 8.54511499405 0 0 0
-20.179099968503568 -4.804906759943215 11.12347146442143 0 0 0
-11.03165006635 -8.31691980362 6.757854938505 0 0 0
-13.930550098416667 -2.618013302485 16.98124980928333 0 0 0
-13.689704055792001 -16.591232147223998 7.4178087997443996 0 1 0
-16.95627763536111 -13.179300043327778 11.161211066772221 0 0 0
-10.7504002253 -1.4878099759433334 9.942599932353334 1 0 0
-25.729700088494116 -3.6996958536252937 11.523011768558824 0 0 0
-29.23229639870238 3.743900826999167 6.272714529718213 1 0 0
-13.773300170933334 -3.324336687723333 5.77341667811 0 0 0
-28.664393854146244 4.2413223803045 6.774692898988751 1 0 0
-23.63467502595 -4.337567567824999 11.34740018845 0 0 0
-15.98890018465 -2.29428994656 4.757410049435 1 0 0
-8.232124137879998 5.7192038536059995 24.632719421359997 0 0 0
-15.766666730246666 0.10403191919129331 5.249321269988 1 0 0
-18.71359113057778 -14.803997823933333 11.372251150342223 0 1 0
-16.58620019393636 11.359872731309093 9.739485480567271 0 0 0
-18.99479961395 1.79399996996 8.94823503494 0 0 0
-12.791537404062499 4.1128250956525 11.093937516212499 0 0 0
-11.5514998436 -6.55961513519 4.877529859545 0 0 0
-15.063100242600001 5.4479800224320005 11.800859832739999 0 0 0
-7.74565664927 1.7308066685966665 11.182700157166666 0 0 0
-18.138579940779998 9.620402145383999 11.39027996064 0 0 0
-17.240591770897296 -12.722310813694596 11.394172977756758 0 0 0
-1.932577167237143 -5.629185744694285 8.159157344274286 0 0 0
-12.731699943566667 5.3841567039500005 12.003800074233332 0 0 0
-27.76971689861666 -1.2804183363916668 10.328966617583331 1 0 0
-9.00911045074 5.46042013168 9.86166000366 0 0 0
-22.979632695533336 1.3035432895033334 11.529666582766666 0 0 0
-6.213468436536724 -2.7120208658017244 8.41069055425707 0 0 0
-18.260180657904844 -14.793587100125805 11.350012963822582 0 0 0
-15.737577756244443 -2.5857616662988887 3.90659222337889 1 0 0
-12.283577813033332 -11.477488941622223 10.868844456133335 0 1 0
-14.691700037794117 -14.338146882894117 7.456435287701176 0 1 0
-12.254499980385715 -14.461843081885714 7.6211672510428565 0 1 0
-5.780977010726501 3.620516979694501 12.51351509093 0 0 0
-20.636812973020003 -4.462416680653333 10.173293431593333 0 0 0
-16.980199987236364 -13.665963693099998 10.667200175190908 0 0 0
-12.292345801979167 8.796500404675418 11.853904128075001 0 0 0
-13.332100152975 -16.576066652916666 7.5568283398925 0 1 0
-15.611305186631581 0.09376164702209473 6.515039443969474 0 0 0
-12.746759986899999 6.12981786728 12.014779853800002 0 0 0
-22.063085692271432 -4.552105018072857 10.80357149667857 0 0 0
-6.714776819402615 3.267756128853409 12.375060233197724 0 0 0
-6.782426149417691 3.8174292491038444 6.257464641179744 0 0 0
-17.506149292 -2.197759985925 5.847975015639999 0 0 0
-16.96460056305 -7.549025058745 7.306185007094999 0 0 0
-11.4610004425 1.72855997086 10.0296001434 0 0 0
-11.9761750698 7.6049674749375 10.40694999695 0 0 0
-5.384621589414516 3.769371617224516 12.517009642822584 0 0 0
-26.91980075835 2.576704978945 9.98020029068 0 0 0
-21.6383991241 -7.63169002533 9.95108985901 0 1 0
-12.674000104266668 -7.850653330486666 9.41757329305 0 0 0
-24.470600128166666 6.073229948679999 11.5786670049 0 0 0
-28.88790007197647 4.263239439795883 6.40773882585353 1 0 0
-13.7867002487 1.99011003971 5.9890499115 0 0 0
-31.5217329661 -1.08914999167 11.287366549166668 0 0 0
-23.778666814183328 8.301754792531666 10.977833429999999 0 0 0
-15.76610416836805 -1.2426483366225003 6.421691510412918 0 0 0
-19.920779991129997 10.19278984069 10.63834009171 0 0 0
-12.545150041575 -1.1181000173099997 10.10832476615 0 0 0
-20.90029983522 -9.431443977356 12.42760009766 0 1 0
-25.269583066316667 5.424006779990001 11.450616518666665 0 0 0
-24.9960002899 5.50113010406 11.4912996292 1 0 0
-13.06428985597 -7.744692945479001 10.23849992752 0 0 0
-18.335244496677774 7.303453339471113 17.569722281555553 0 0 0
-12.747452660607893 -10.77805524123684 7.434060272416841 0 0 0
-16.6028400421 -0.9854356050491999 4.6689139366140004 1 1 0
-14.007866541533332 -2.6414899826066667 17.042133331266665 0 0 0
-20.25395011905 -2.539815068245 7.979715108875 0 0 0
-6.782483830172646 4.181954467997648 6.0798194268176475 0 0 0
-6.00669002533 2.96776008606 7.4911198616 0 0 0
-12.254024083096203 9.255629599848865 8.730682457550126 0 0 0
-10.91579961775 2.522980093955 10.07359981535 0 0 0
-13.742264111838459 9.264955422817435 11.245353869905124 0 0 0
-12.979033470166668 -5.6155366897566665 3.8691733678166664 0 1 0
-14.1422996521 -13.9714002609 7.90480995178 0 1 0
-21.606757300214287 -5.843337127139999 11.118628638114286 0 0 0
-6.771757997315862 4.698346877921036 5.809935865731379 0 0 0
-15.837059974659999 0.07170952074221999 10.755330085770002 0 0 0
-20.4688997269 -2.75818502903 9.70812034607 0 0 0
-20.635266833833334 3.9002055856911113 9.799895498486666 0 0 0
-17.16797786288889 3.978273338743333 8.746628867256668 0 0 0
-13.673040008520001 -3.2460100173960003 21.221519851679997 0 0 0
-17.264483451833332 4.66644001007 10.302700042733333 1 0 0
-17.4611829122 11.027683258049999 10.293149948116666 0 0 0
-10.020233154266666 -7.721293290456667 12.032399813333333 1 1 0
-10.0125999451 -7.76272010803 11.9983997345 1 0 0
-15.7511997223 -12.2499666214 11.238066991166667 0 1 0
-6.698175501823501 4.360147523881 5.845409989357 0 0 0
-24.477999687199997 0.10340195149180001 11.3519501686 0 0 0
-13.743455568933335 5.869951089222223 18.532700008833334 0 0 0
-28.0519663493 -7.345390001933333 1.3928233385099997 1 0 1
-27.917566935233335 -7.2533699671433345 1.41711330414 1 0 1
-24.3853492737 2.6581799984 11.419000148750001 1 0 0
-21.448575496674998 -3.2813249826425 8.090904951095 0 0 0
-20.27407487233125 -11.715645849704169 11.310629189020831 0 0 0
-7.115956858584737 4.156831063722632 6.175790510679474 0 0 0
-9.98384952545 1.04988002777 10.2509002686 1 0 0
-8.21745967865 5.05529499054 7.410080194475 0 0 0
-22.0410995483 -5.13679981232 11.532500267 0 0 0
-8.381903224522222 5.387837833828889 10.439877827966669 0 0 0
-22.1828994751 -0.873412013054 7.99882984161 0 0 0
-11.715706634523334 -7.129840342203668 5.794123363493998 0 1 0
-5.725798826951409 -2.198759610835899 8.579650377615131 0 0 0
-23.339799881 7.7277097702 11.0684995651 0 0 0
-31.226016600929157 1.1994837373495835 10.173983414975 1 0 0
-18.85319418066176 -1.3383544122470585 9.856979033525882 0 0 0
-16.84549228961923 -7.300830400906539 7.230129993879615 0 0 0
-5.762324152765874 0.23272760111264088 12.37072163014729 0 0 0
-17.11173190461968 4.203776324048883 9.734862378302813 1 0 0
-14.918699741400001 2.749535083775 12.0282502174 0 0 0
-15.944166819266664 -7.571456591288334 5.550024986266666 1 0 0
-11.770575556641862 -11.335760460344183 11.767686012180231 0 1 0
-8.587464809416666 6.212103446323333 9.031363328298333 0 0 0
-11.783548008311687 -10.40364934252078 7.251477439681687 0 1 0
-19.4645996094 6.00510978699 10.2011995316 0 0 0
-17.8740501404 8.165620326995 10.53194999695 0 0 0
-18.189370172064915 -15.122159639996491 11.223910515775438 0 1 0
-10.720221383221428 9.55641555786143 11.183128561285713 0 0 0
-17.14074993135 -16.075150171916665 11.45383326215 0 1 0
-20.199066480016665 6.332175016403333 11.627683480566667 0 0 0
-13.259869752923255 -13.768896080728682 9.251366297404184 0 1 0
-12.82886273253334 -13.744770592335295 8.805484921324117 0 1 0
-16.039157666665787 -1.718885525276579 6.030500035537105 1 0 0
-18.796383221941667 13.32303325335 16.29102484385 0 0 0
-19.26707963943 1.372550505399 9.788834524155 0 0 0
-25.819894117476473 0.775139422977647 11.402694085064708 0 0 0
-22.72899457028421 5.417932108828948 12.409299900647369 0 0 0
-26.826000213633336 6.268909931183333 10.843066851266665 0 0 0
-20.0168504715 0.9499929845335 13.0371499062 0 0 0
-27.041024684899998 5.0794875621774995 10.3965251446 0 0 0
-18.656799793225 7.464857578277499 16.424099922175 0 0 0
-14.258158421248313 -14.308079231991005 7.769105908575786 0 1 0
-20.159807645353848 -9.318437649652692 9.87708539229077 0 0 0
-14.66234970095 -5.66659498215 5.871129989625 1 0 0
-21.307571411142856 1.1607271603157143 7.979171412332856 0 0 0
-13.302904482635952 -14.327206729504496 8.221535361215615 0 1 0
-27.0121002197 5.04699993134 10.5309000015 0 0 0
-24.653900146500003 -8.787896792093333 8.021510124206666 1 0 0
-17.9829998016 4.30800008774 10.0499000549 0 0 0
-5.49756002426 -4.00729990005 6.58553981781 0 0 0
-24.155049324049997 5.6050674915325 11.4518752098 0 0 0
-16.04850006105 11.23705005645 6.248380184175 0 0 0
-16.231583540783564 -12.860866410395714 9.281956338882997 0 1 0
-10.747670968375 9.299934506416669 11.825691699979165 0 0 0
-10.728480052949998 9.105042839051 12.04716005324 0 0 0
-25.77668571472381 -3.2136909507566664 11.531957172204761 0 0 0
-12.645823111896151 -11.307092299834615 11.329153904546157 0 1 0
-15.964414187857143 -1.8236614295414284 4.343451499938571 1 0 0
-16.284871373857147 -4.737047876631429 5.765606471472144 0 1 0
-19.900800069183337 -4.35037167867 9.4805615743 0 0 0
-25.59788354236667 -9.204883416494999 7.644678354261667 0 0 0
-16.799718510036367 5.237520001152728 14.322681773799998 0 0 0
-30.137364493471107 2.2067993375991106 4.777767128415113 1 0 0
-19.818200217344444 9.428540123834445 10.589555528422222 0 0 0
-12.248299734942858 -5.817935739244286 8.615621430534285 1 1 0
-6.407159042356999 -2.7653539896010004 7.040397977827 0 1 0
-11.278700113300001 9.5575976371775 11.5962998867 0 0 0
-11.91416835786316 -11.729221093026316 10.376463237557891 0 1 0
-12.803274949399999 -11.443941672641666 10.764133373900002 0 1 0
-11.71700024605 3.7623550295825003 11.93342494965 0 0 0
-14.237408011298282 -13.758162269592576 8.751566854204631 0 1 0
-10.34782493115 -2.3366925418375004 5.07135874033 0 0 0
-40.331924438475 -16.06547498705 5.759992599489999 0 1 0
-1.353302523495 -2.6564662158474994 10.350325226774999 0 0 0
-9.39143514633 -5.550019979475 8.27626991272 0 1 0
-14.058499881185714 -0.18020669211241144 21.37415695188571 0 0 0
-16.3119567655132 -7.320958695322264 9.284566285474904 0 0 0
-12.191795094811663 -11.16026005745 11.757608318335 0 0 0
-23.660083134966666 1.2917216817550001 11.437216758733333 0 0 0
-15.44492015842 10.57667999268 10.112739753700001 0 0 0
-20.2236995697 9.565659999845 10.4918999672 0 0 0
-22.786271776485716 6.363718509674285 11.756071635671429 0 0 0
-23.4368991852 1.406194984915 11.4811501503 0 0 0
-27.240433375033334 7.1176033020033325 9.89470322927 0 0 0
-19.542065938333334 5.685690085093333 10.555967013033333 0 0 0
-7.346991925012379 5.671458153497143 6.5850885482066674 0 0 0
-12.282196875532257 -10.86424833727742 11.802703180625805 0 0 0
-15.672403573982141 -7.337800877435179 7.724117866584109 0 0 0
-14.305946826938703 -13.941324264775806 8.389122132331613 0 1 0
-21.47484970095 -3.50396490097 8.133850097655 0 0 0
-15.794818097909092 -8.745558131824545 11.122163599190907 0 0 0
-17.5695991516 -1.1015599966 4.76782989502 0 1 0
-18.278299808525 -1.5732349753375 8.7739725112925 0 0 0
-21.161725521075 -8.390777349475002 9.80619764328 0 0 0
-27.119812488562502 6.8923448920237504 9.85065984726 0 0 0
-13.323024961677774 3.310635288556111 12.055783377755558 0 0 0
-14.770933942979248 -7.383232638520566 9.218309834318301 0 0 0
-0.005199824925515 4.265280008315 3.6161749362949998 0 0 0
-16.156759088695456 0.8334844058209545 6.517545006492728 0 0 0
-17.0569753647 -4.368567585947499 5.8780549764625 0 1 0
-6.6412286758425 3.2936662733525006 6.3513274192825 0 0 0
-15.557874918 -3.4028850197800002 8.1200747489925 1 0 0
-10.4216995239 -6.04147005081 8.41923046112 0 1 0
-22.30911979676 -4.656653976442 11.5257200241 0 0 0
-19.2631998062 -0.749464005232 7.985110044480001 0 0 0
-7.5871186585263795 1.2098294825384481 12.335996496263796 0 0 0
-17.81975021362 9.584313011168998 11.66806993485 0 0 0
-26.0067996979 2.01744008064 9.76070022583 0 0 1
-16.75231997172333 -7.438395659128665 11.24969997406 0 0 0
-21.815973154713333 -4.580898666380666 9.850955390930002 0 0 0
-11.266517505317541 -11.34000527231053 11.752645542754388 0 0 0
-15.199299812300001 -0.1071151979268 11.4360499382 0 0 0
-9.7120001316075 9.47610497475 9.397772550585 0 0 0
-16.797300100325 -6.914472520348751 9.6135786771775 0 0 0
-9.888419900622143 10.215300083157144 7.826997893196429 0 0 0
-16.9733009338 2.51524996758 9.49991989136 0 1 0
-13.740646379537344 -14.191471680106018 8.23744125251307 0 1 0
-19.25118194927273 -11.370731830604544 11.287163647745453 0 0 0
-9.41843001048 -6.845170021056667 7.053570111593334 0 1 0
-16.846050024025 7.885586261748751 10.486337661725 0 0 0
-18.313594144935298 -5.577127063976471 8.757260603063528 0 0 0
-11.59385986328 -10.474020004260002 5.668951892852 0 1 0
-15.6313250065 10.077675104125 11.171549797074999 0 0 0
-9.61524009705 -7.53118991852 9.13082027435 0 0 0
-16.72695960998 -9.296805953978 10.7828399658 0 1 0
-13.761904493964444 -13.864715576174444 8.774571206834553 0 1 0
-7.361518303556667 2.9360999663699996 7.990388234458333 0 0 0
-21.2061665853 6.4744466940550005 13.217483520516668 0 0 0
-27.758969879160002 -2.64387602806 11.46111001968 0 0 0
-6.257535934448 3.6523839712160004 6.104605007172 0 0 0
-12.370086542759998 3.0318466345473336 12.070406723026668 1 0 0
-20.93432006836 -9.3593460083 12.5615398407 0 0 0
-10.4193500413 7.152940008375001 9.085973792606111 0 0 0
-11.9629001617 -6.52673006058 9.38632965088 0 0 0
-17.274183654783638 -14.197989047654547 9.685136500271454 0 0 0
-18.162294493783335 9.134891086153889 10.083827813455557 0 0 0
-18.169946797686674 -6.723209328121332 6.691860675812222 0 0 0
-15.321433385233334 -4.7065132459 5.744210084276666 1 1 0
-10.5572571073 9.282222747801427 10.591514451171431 0 0 0
-12.768615404769227 -1.210623594430769 7.859660221980514 0 1 0
-10.278833389266666 -9.511786778768334 9.63357480367 0 1 0
-6.526034832000001 -4.396939992905001 4.97649979591 0 0 0
-26.4061999321 -1.4470824897275 10.91977524755 0 0 0
-19.707268368109087 5.778265021063637 15.662090908399996 0 0 0
0.21172904883443286 -3.234502860477857 11.265250001635716 0 0 0
-16.190899985185712 10.311528614599998 8.08137839181143 0 0 0
-12.249261406490003 -13.851394339967149 9.238509437015713 0 1 0
-21.79006874560625 7.722788065672501 10.6547062397 0 0 0
-13.176638456496152 -16.225384492138463 7.566146557147694 0 0 0
-13.89034986495 -13.885700225850002 8.48358488083 0 1 0
-22.753550529475 -3.146362543105 11.501175165174999 0 0 0
-12.716333389299999 -6.411870002746667 8.488680203756667 0 1 1
-22.226499829985716 -3.205778564724285 10.103157043457143 0 0 0
-18.4627990723 1.60311996937 9.77126979828 0 0 0
-14.598399925219999 2.4229220390319997 8.87380218506 0 0 0
-1.464924176533333 -1.9043958286433336 10.851199944825 0 0 0
-13.71565008165 4.8634787201875 18.361375093462502 0 0 0
-19.9465001424 9.641186396279998 10.575366656 0 0 0
-13.705009596685716 -14.029590561257143 8.566961333864288 0 1 0
-11.970772829918182 -11.584791010081819 10.594990903681817 0 1 0
-6.822447299956363 4.595773653549999 6.034961830485455 0 0 0
-13.06664613576923 -16.325000029346153 7.46277310298 0 0 0
-15.579483350116666 -11.038699944816669 10.60608323415 0 1 0
-12.10384988785 -12.6237502098 9.901315212244999 0 1 0
-16.93742980957 -6.0782400131230006 5.444630002976 1 0 0
-31.8473715101 4.196342876978571 10.759214265014284 1 0 0
-21.395399729399998 -1.0854166746133334 6.948160012563332 1 0 0
-26.787199974049997 -17.14149951935 8.00647974014 0 1 0
-12.051100095100002 -6.756273269653334 9.840649922686667 0 0 0
-14.178227627534044 -13.556691534974465 9.140319012581704 0 1 0
-14.765300154675 9.0862888097775 10.396224975600001 0 0 0
-15.2383003235 -3.72949004173 6.50559997559 0 0 0
-7.91695022583 4.85710000992 11.4738998413 0 1 0
-15.092479705800002 2.6789160251620006 9.618659973141998 0 0 0
-11.387080001829998 -7.204969000816502 5.786001491546999 0 1 0
-29.119983461155552 -7.581132200029446 9.267115010156665 0 0 0
-26.0088996887 4.4989900589 11.0840997696 0 0 0
-5.86295773001353 -3.8745558822864705 6.181972307317645 0 0 0
-14.79360952830476 -9.823651450020956 11.200576191857143 0 1 0
-15.230499982825 -5.623305082322501 5.97931241989 0 1 0
-21.322966893533334 -0.8015313347180001 9.428990364076666 1 0 0
-16.8498662313 5.289816697436667 10.486799875866668 0 0 0
-18.517374992375 1.351714968685 6.805807471274999 0 0 0
-1.434439957145 -1.893759965895 11.04794979095 0 0 0
-18.596966425566666 -1.2416966756166667 7.7186733881633325 0 0 0
-7.3900358708706655 2.8837659931186668 8.086751149495333 0 0 0
-14.798150997539217 -7.384049639982352 9.761379597234118 0 0 0
-16.905084783378786 -13.245869752139393 10.773075768442421 0 0 0
-11.7613501549 9.505664825435 11.51725006105 0 0 0
-16.897441864024998 -13.207133372608332 10.319825013466668 0 0 0
-18.72610028583333 4.295586744943333 13.849166870100001 0 0 0
-6.615067209515715 9.060794285367143 0.31633779167075715 0 0 0
-12.244739977519998 -11.45755354564 11.254999987286665 0 1 0
-12.862025022525 -7.6526250839225 6.3673800230025 0 0 0
-12.210091511408335 -13.746633450191668 6.132990757623333 0 1 0
-7.25662994385 4.39562988281 5.95499992371 0 0 0
-21.5379009247 -7.47501993179 10.3732995987 0 1 0
-14.1957998276 4.03727006912 14.9468002319 0 0 0
-18.203622394133333 4.30308675766 14.172855483155555 0 0 0
-24.73544006347 -2.292592978476 10.961699867239997 0 0 0
-11.5394001007 -7.55867004395 8.682970047 0 0 0
-6.24362050162389 4.2310866514838885 5.749375528758889 0 0 0
-28.70539156596666 -0.9375549952189167 10.317983468383336 0 0 0
-15.263032384824324 -14.739277053528372 7.308955933596758 0 1 0
-10.943120002779999 -5.044974040983999 9.404191970823998 0 1 0
-0.5647879987955 -3.26266747713 8.8710622787475 0 0 0
-19.733533276438887 -13.755413903130552 11.336041635936116 0 0 0
-12.2560997009 6.47784996033 9.81064033508 0 0 0
-18.828033216078783 -4.369479685119091 10.242648500387878 0 0 0
-6.226183554705883 3.836354732512941 5.851717724519411 0 0 0
-12.144645849866665 -11.517433245983336 11.245208263400002 0 1 0
-10.91044998168125 7.2472899854175 9.591828227042498 0 0 0
-21.415918003418177 -7.453124479815454 10.388581796145456 0 1 0
-11.905100107191666 -11.472116629283335 11.284800052649999 0 1 0
-17.22561548021111 -7.686876900990444 11.646075545424441 0 0 0
-14.695849895475 -4.52854502201 5.8369574546825005 0 1 0
-9.49809503555 -0.7022370100024999 9.63294506073 1 0 0
-13.970149993900002 -2.8947750329949997 17.552574634549998 0 0 0
-12.21479988095 -0.40222750604150004 9.35615491867 0 1 0
-12.8287041584625 3.2213674783708335 12.061520775166665 0 0 0
-16.835857792910524 -12.769373642773681 10.314478874210527 0 0 0
-14.5694003105 -3.72522997856 6.543654918670001 0 0 0
-16.198192991062072 1.2663548280451722 6.5148448121962055 0 0 0
-21.5268993378 -8.11787986755 10.2983999252 0 1 0
-11.876564230235717 -1.0952342663492858 10.128935745778572 0 1 0
-18.84328542437143 -11.697928564885716 10.715828486842856 0 1 0
-26.73479383131765 -2.685544126174117 11.535064753358824 0 0 0
-26.886066436800004 -2.8132500648500005 11.491033554066666 0 0 0
-11.16919994355 7.025680065155 9.245645046235001 0 0 0
-10.139171430035715 -10.920971427639287 10.235200030460716 0 0 0
-11.627324819575 -6.8767850399 11.28362512585 1 0 0
-20.89789028168 -4.404689025879 9.425539016722999 0 0 0
-9.89848995209 2.51128005981 6.29162979126 0 0 0
-3.7056015667157887 6.1462636997821045 12.241889401478947 0 0 0
-7.627494990824999 3.1602950394175 0.9275238811969999 0 0 0
-13.56360006335 -9.042182445525 7.1440200805675 0 1 0
-29.032873407999997 -7.286256694794 9.260088729858001 1 0 0
-19.151852888229413 7.92353470185353 10.350535280558821 0 0 0
-15.987333615633332 -1.1685466766366666 5.695556640623333 1 0 0
-25.945150375399997 2.496189951895 10.94409990315 1 0 0
-29.185406621299993 4.17697134018 8.201469294230002 1 0 0
-21.606774806974997 0.97705525159825 8.090392351150001 0 0 0
-12.1098721822 -12.689588917622222 7.655435032314999 0 1 0
-18.93829994202 8.030478096008 11.33525981902 0 0 0
-7.5415232976275 3.2524116635325004 1.0688783427083335 0 0 0
-21.574337244037498 -1.3650075048199999 7.10152131319 1 0 0
-12.879816850033334 4.437211592991667 12.0557498932 0 0 0
-11.510133425366666 -1.9313733180366668 9.026920318603333 0 1 0
-3.728643200614546 -0.6442485397512727 12.533140919431817 0 0 0
-7.601016924931538 2.705123076071539 1.0773315521392308 0 0 0
-17.9111995697 4.00761985779 8.83738040924 0 0 0
-27.86980056765 -7.458980083465001 9.32007980347 0 0 0
0.3240789969763333 -3.7374499638866667 13.063966751100002 0 0 0
-18.53419971465 -0.681294977665 7.771724939345 0 0 0
-9.242927057402262 2.727656544674524 12.251920257297616 0 0 0
-22.74328832065294 -4.1992214988252945 11.464532375332357 0 0 0
-3.7032624781137495 3.6733850538724995 37.150662422174996 0 0 0
-30.804244783188885 -1.1646977663044447 11.329288906522224 0 0 0
-14.219993710518754 11.196018695843751 9.31689941883125 0 0 0
-18.48069992064 2.887116003036 8.207873916626 0 0 0
-11.648200035075 9.55712854862125 9.740383744239999 0 0 0
-7.464378629412857 3.4348185403 1.066048554012857 0 0 0
-13.33986670884074 -7.434101775841481 11.236207396892596 0 0 0
-17.25728259367059 7.251359350540001 16.684494130747055 0 0 0
-10.841666539500002 -1.2906966606766666 7.403403282163334 1 0 0
-17.158420859440746 4.243380535973706 10.230513311316296 1 0 0
-17.049849987025002 -16.057700157175 11.551199913 0 1 0
-7.447286605836666 3.5066033204366662 1.09066669146 0 0 0
-11.865473697063157 7.688122096814209 10.732084274289473 0 0 0
-7.812520027165 13.08940029145 8.581120014189999 0 0 0
-15.805228049294737 -2.315483691398948 6.0600657881350894 0 0 0
-19.79608001708 5.958935928343999 15.127360153199998 0 0 0
-25.4874992371 -2.34564995766 11.5058002472 0 0 0
-18.224016825366665 -7.549186627071667 6.127028306324999 0 0 0
-17.53687524795 -14.331200122824999 10.965349912625001 0 0 0
-6.252646242871028 3.2607887474933834 12.424075673608092 0 0 0
-14.245244414711115 -16.291866796985186 7.411831502561851 0 1 0
-10.7073001862 -3.88481998444 6.45850992203 0 0 0
-18.9200992584 -0.462119996548 8.69340991974 0 0 0
-14.3697004318 -3.00736999512 5.08169984818 1 0 0
-12.303150177 -5.5766651630399995 6.446799993515 0 0 0
-7.251842124122142 3.8330536058971423 6.360626425062144 0 0 0
-11.8911000490125 -13.10791254045 9.610532283785 0 0 0
-32.744554710390005 -1.6199950098995 10.281245088584999 1 0 0
-26.851400375366666 6.8112365404799995 10.052066485100001 0 0 0
-12.2957998514125 2.96917873621 12.087887525562499 0 0 0
-17.867799758925 1.9097700119 8.27038240433 0 0 0
-14.892566680911111 7.024786631265555 11.202066633433335 0 0 0
-20.170999527 -12.8979997635 11.2775001526 0 0 0
-16.386221132781582 -4.285129258507895 15.384894697294735 0 0 0
-13.74140024185 -3.1640250682850004 19.1572008133 0 0 0
-16.255404583239535 1.2593786078825584 6.480882300886276 0 0 0
-16.382600307475 -3.9450250267975 15.394574880575 0 1 0
-31.149221556528573 -1.912089288235 8.64842224121143 1 0 0
-18.43485984802 6.451074123384001 12.308060073859998 0 0 0
-12.293071519761906 -13.729080972219048 5.705456688290951 0 1 0
-8.70655989647 8.170487642287501 8.4716472625725 0 0 1
-7.983185052870001 4.18752002716 26.8624000549 0 0 0
-23.4940331777 -0.956962664922 10.640000343333334 1 0 0
-17.43827972412 -1.775074028968 7.6488639831539995 0 1 0
-4.217483628879999 6.2837972640999995 11.789522734545454 0 0 0
-4.256484117263847 4.176261314979744 12.575305131771794 0 0 0
-23.806632995633333 1.7032166719433333 11.455266634633333 1 0 0
-27.7921991348 -2.573814988135 11.503449916800001 0 0 0
-29.960067113266664 6.569536844886667 10.405599912033333 0 0 0
-28.4642715454 5.838241509028571 5.573599951607144 1 0 0
-16.897816009528 -12.667596015931997 11.190976028451999 0 1 0
-11.818571363171428 -2.3521614415300003 20.126257215242855 0 0 0
-21.5051002502 -8.1065196991 10.5114002228 0 1 0
-16.570466359466668 -0.9905966718993332 4.392526626586666 1 0 0
-25.389457157671426 -9.909871373857143 8.60931164877714 0 0 0
-14.95849990845 10.3469996452 10.9753499031 0 0 0
-12.13964441088889 -13.712244351711112 8.372161971198889 0 1 0
-14.615000194977776 -7.54167117012889 11.707144419366665 0 0 0
-18.583350181575 7.8212599754325005 12.707050085099999 0 0 0
-15.186520631648758 -14.094190920677686 7.668863064001653 0 1 0
-13.2081333796 -11.333100318933333 11.024400075233332 0 1 0
-8.3639624118825 5.527007460595001 11.600625276575002 0 0 0
-16.73444004059 -4.698530006407999 5.924879026414 0 1 0
-15.734358390175 -7.431260532803056 11.637238899872221 0 0 0
-10.69099998475 -11.041366895033335 5.6684382756566665 0 1 0
-4.540337709281539 2.358348497976154 6.732964589045385 0 0 0
-10.0173997879 -6.8512301445 11.1423997879 0 1 0
-17.23952219220555 -14.59412410524259 9.145468711852962 0 1 0
-11.192605804 -13.635047071111764 9.133893517887058 0 1 0
-25.4439341227 -7.81819677353 7.517479896546667 0 0 0
-12.155799971699999 -9.201724476283331 7.706258879766667 0 0 0
-9.99886989594 1.9036200046500003 9.03516960144 0 1 1
-10.309484281036843 9.274663222464211 11.79411591981579 0 0 0
-19.774112916764512 -13.26786776511613 11.36073870813387 0 0 0
-17.130703187759682 4.2799804095302445 10.761328197292736 1 0 0
-3.105849981305 5.554229974745001 10.929999828349999 0 1 0
-18.159200032566666 -6.945690075553334 11.212583382933333 0 0 0
-16.7761993408 -4.81995010376 2.01301002502 1 0 0
-31.124668836587503 -1.886268123985 8.247243106365625 1 0 0
-17.111339296617864 4.192334299996072 9.327351660955237 1 0 0
-12.16553993224 -11.56815986634 11.6843000412 0 1 0
-15.729879426021572 -7.357437348833234 6.688387660419213 0 0 0
-12.7776667277 -14.10536670685 8.56578318278 0 1 0
-14.259281765330304 3.6026745348257574 11.967803059209093 0 0 0
-8.028248310088333 6.257309913634999 7.340781609218333 0 0 0
-0.2615301859461722 6.798301643795 12.668366644122221 0 0 0
-12.405685697271428 -13.205114228400001 5.774322782244286 0 1 0
-22.5338001251 -3.91181993484 11.5093002319 0 0 0
-22.44939994815 -3.87624502182 11.50135040285 0 0 0
-23.193947440710527 -3.704390011336316 11.468136787415789 0 0 0
-8.696452277047143 8.198977129800713 8.676445756639287 0 0 0
-19.289411332866663 1.0639344321344444 13.118455462999998 0 0 0
-12.22212481495 -14.16645002365 8.4512600898725 0 1 0
-6.0992885998299995 -6.0806743076857135 6.968378475734285 0 0 0
-12.5354995728 -11.5037002563 11.0396995544 0 1 0
-13.607733302655555 -12.354666603955556 5.987770027585556 0 1 0
-15.5776500702 7.412700176235 10.496850013749999 1 0 0
-20.70051530691538 8.757381585927693 10.845838473400002 0 0 0
-16.43867969515 0.7991177022457 5.31171398163 1 0 0
-20.22062726454091 -5.122766798192727 11.210454594004545 0 0 0
-15.811064720147064 -1.6591841227873532 6.096314093646175 0 0 0
-19.57033348083333 0.6964586575826667 13.522432963066668 0 0 0
-12.24690767434615 -7.264726932231793 5.826829494573589 0 1 0
-42.66443379723333 -15.5949335098 5.89168993632 1 0 0
-14.87384986875 -9.7129850387575 10.853149890875 1 0 0
-12.768699646 1.35816001892 7.9786901474 0 0 0
-20.154744890000003 10.768666691244443 18.152511172822223 0 0 0
-15.70548019407 -9.764925956727001 11.17105998992 0 1 0
-6.9041249752 2.28594493866 1.801405012605 0 0 0
-12.757366115766104 9.357396933992032 10.244030483693225 0 0 0
-9.604077398776873 8.662843704224375 8.855017483235 0 0 0
-46.2465194702 -15.373319816560002 5.11581811905 1 1 0
-8.572067684596666 -9.113748868306667 12.082888921111111 0 0 0
-4.532677412035 4.77358484268 12.639650106424998 0 0 0
-17.63702275203846 7.24412224842923 17.695961732130773 0 0 0
-18.157225131975 -9.55804991722 11.330625057249998 0 0 0
-20.387924909600002 -8.40999984741375 16.557962656 0 0 0
-28.707943626073906 -2.1734734618147824 10.85042165673913 0 0 0
-17.705225110056247 7.8521262407300005 13.24993115663125 0 0 0
-31.10035037995 -0.023868800606600002 8.674735069275 0 0 0
-20.4129009247 -8.50811004639 16.4981002808 0 1 0
-21.807592936921424 10.819185665685712 10.724492890492858 0 0 0
-28.56016651788333 9.334036747614165 10.209433317175 1 0 0
-12.943049907675 -16.260724544524997 7.43874752521625 0 0 0
-16.653184339737773 -14.269986576502221 8.782345962524222 0 0 0
-16.27066157415 0.7226244360207885 6.44019270860154 0 0 0
-3.370701664970715 0.19456477720469315 12.47615239733333 0 0 0
-26.67122001646 0.5734526038168999 11.04440002441 0 0 0
-6.871379280090667 3.5386920293166666 7.6682360013326685 0 0 0
-10.150633335099998 9.458023548128333 9.766825040181667 0 0 0
-10.551166534433333 7.445916493733333 8.94343662262 0 0 0
-21.1609999339 0.4231373369690001 12.2545665105 0 0 0
-16.576624870299998 -14.81186258791875 8.42684251069875 0 0 0
-6.787621100743333 2.7385222249555556 1.7177244491044443 0 0 0
-12.3109998703 -2.26639008522 11.5024995804 0 1 0
-11.672833442700002 -11.388383388516667 10.401333332050001 0 1 0
-13.6112499237 6.2310174703625005 18.476049900074997 0 0 0
-17.742633303004173 -7.644829362631043 11.623020867510414 0 0 0
-11.780255529622222 9.510614501105557 11.332500139866667 0 0 0
-18.798485619657146 6.536440031868572 13.186228479657144 0 0 0
-18.566566467266664 -5.386940002443333 10.397166570033333 0 0 0
-18.6770331065 6.404196580250001 12.831033070866667 0 0 0
-18.74114990235 6.5385249853125 12.948950052225 0 0 0
-16.463862419137502 -14.201262593274999 8.5616087913525 0 0 0
-8.100009918212 5.885294055938 0.9206105947494001 0 0 0
-6.69734501839 4.0462048053699995 6.932909965515 0 0 0
-16.260640367542553 -7.437669114863828 10.206102127723407 0 0 0
-25.866666793800004 -16.05736668906667 8.299860000613334 0 1 0
-25.782259750360005 -15.98852005004 8.222101783753999 0 1 0
-16.829804790721184 -14.806051770382355 8.712278332429648 0 1 0
-17.747183163983333 7.860338370006667 12.819550037383332 0 0 0
-17.145478416890196 -14.751031408121568 8.805646335377649 0 1 0
-15.045500099656252 -10.1826249361 10.686012506487499 1 0 0
-0.34818866848955554 -3.2859044869733327 13.896066665644444 0 0 0
-10.025266647366665 -7.1744333903 11.231900215166666 0 1 0
-14.803516546883335 10.288266658766666 11.263224840166666 0 0 0
-22.902008215591664 6.5474400122975 12.6986667315 0 0 0
-21.312890243530003 -4.519384002686 9.298791980744001 0 0 0
-20.1158246994 9.3699076175675 10.450299978225 0 0 0
-16.376879569812818 0.13972974845618716 5.79233257587077 1 0 0
-15.431316534683333 0.19828582989690002 5.664911667506668 1 0 0
-12.5139746666 1.8579725027075 7.400659918784999 0 0 0
-14.092199961344445 -7.247969945271112 21.89572228325556 0 0 0
-6.338634088814939 -5.166126854448553 7.145796270255661 0 0 0
-19.2969004313 -4.372873306273334 9.455096562703332 0 0 0
-5.9339319192438476 -4.739206149028077 6.915173475558462 0 0 0
-22.595528193871427 -8.55897290366 9.943612916128572 0 0 0
-11.23728663126667 -14.096216678613333 9.674233373006334 0 1 0
-10.18586817654091 7.6497104384681816 8.871754169463182 0 0 0
-12.099599838249999 8.488547563552501 11.8302001953 0 0 0
-10.472700119 -7.51818990707 7.08025979996 0 1 0
-28.592333475766665 4.448449929556666 10.180866559333333 1 0 0
-6.727529303232001 2.730667988459333 1.3051166613906668 0 0 0
-16.897048852382046 -14.247020550261537 9.187600771585897 0 0 0
-17.729737758637498 7.6212362647075 12.066724896425 0 0 0
-16.93776969908 -14.595400142639999 9.074690818786 0 1 0
-15.91529996052857 -0.8286078487125713 5.750937121254286 1 0 0
-6.124526940859231 -5.916788467993846 6.887177687424616 0 0 0
-19.39695712498571 -3.119580030441429 9.407110077994286 0 0 0
-17.379870033265 -15.248515033709998 10.781445121764998 0 0 0
-12.6948003769 -13.9868001938 8.28503990173 0 1 0
-12.04670009612 -8.212409782412 11.18054008484 0 0 0
-21.671573638913337 -8.868375523887334 9.844282658895334 0 0 0
-17.7492249012125 -14.750724911675 9.92956376075875 0 1 0
-23.73440014231818 9.713273568588182 10.210554643127272 0 0 0
-1.432198023796 -2.094142007828 10.694160079960001 0 0 0
-10.1829996109 -7.28046989441 8.49794006348 0 1 0
-10.599242891571427 7.792448588779999 9.114152908325716 0 0 0
-12.048060035699999 4.31385011673 12.01215991974 0 0 0
-18.6025624275375 -15.699575066575 10.7838875055375 0 0 0
-19.969574928275 -13.129124879825001 12.22627520565 0 1 0
-43.85746637983333 -17.29523340856667 6.8690233230599995 0 1 1
-14.6155124902875 9.168937325478751 11.572799921025 0 0 0
-20.048899968466667 -4.45780324936 11.085500081366668 0 0 0
-20.545999527 1.13665997982 7.99162006378 0 0 0
-10.118599983954837 -11.154693511232258 10.232161245035483 0 0 0
-6.580614905203871 2.2467177298761287 1.180196777467097 0 0 0
-10.4277249574625 7.79042875766625 9.07209134101875 0 0 0
-6.261736449074706 4.628735906937647 5.340946478002941 0 0 0
-17.367324011657143 -14.734985714866669 10.282933280571427 0 1 0
-14.2266664505 -8.097489992776666 6.809686660766666 0 0 0
-44.1143245697 -19.187674999225 6.9446074962625 1 0 0
-11.85864009858 -11.5342601776 11.35189990996 0 1 0
-19.2380203247 6.325725936888 12.354859924320001 0 0 0
-12.0766749382 -1.7183949649325 21.668324947349998 0 0 0
-10.447433471666667 -4.603559970856667 9.348229726153333 1 0 0
-28.806654123146156 3.926960798410769 7.611626918500002 0 0 0
-18.46114455328889 -7.292502191331112 11.593255572844445 0 0 0
-22.9148803711 -7.887011909484 10.07695999146 0 0 0
-29.68385918286734 2.185552655434081 7.760888381880205 1 0 0
-6.612224817275 2.2779449224499997 0.9787485003475 0 0 0
0.6515289885655714 -3.149025678632857 13.605557169228572 0 0 0
-5.84376001358 4.06418991089 12.5220003128 0 0 0
-6.362237095833334 -4.717436254025 5.117042899132084 0 0 0
-18.748814830064823 -15.193279584249998 11.238042584166667 0 1 0
-31.868966420466666 -16.668567021666668 8.240359942116667 0 1 0
-33.78074319021429 -12.727585792542857 9.238919939312856 0 1 0
-6.375370502473 1.8062779963020006 1.1296259999265001 0 0 0
-6.354298557553571 2.198760730879286 1.1479342920435711 0 0 0
-23.456457138085714 4.345028604781429 11.636328697228572 0 0 0
-12.373084655176923 0.1241063229883846 20.08998474707692 0 0 0
-8.32284498214625 6.851227521895 2.84003624320125 0 0 0
-14.252870312440736 -15.769355526670374 7.4762418181803705 0 0 0
-9.40401983261 -5.52518987656 7.745980024334999 0 0 0
-17.115879974364002 -13.798507995607997 9.7028315734868 0 0 0
-14.675607469344444 -7.452548892408888 10.747411056796297 0 0 0
-20.5614376067875 -8.16152870655125 10.7773373126875 0 1 0
-8.249278851917857 5.158167890140358 1.7604110666685708 0 0 0
-6.246738696098151 0.24118678107743066 12.343686480524502 0 0 0
-30.13199996945 5.8056900501249995 10.5134501457 1 0 0
-20.297300020866665 -4.417823314666666 9.444868405661667 0 0 0
-6.2266557165919165 -3.285304475338722 8.46727576154319 0 0 0
-11.713993454 6.726158682504665 25.160386657706667 0 0 0
-16.21912867682143 3.8831789067825007 10.248346430910713 1 0 0
-13.276614069943747 -13.261995300648437 10.120721846817187 0 1 0
-30.529049873349997 0.60960200429 8.481624603275 1 0 0
-16.16721331278 -0.13828946842512665 6.522836716971333 1 0 0
-17.173600387580002 8.179648017885999 10.518060112019999 0 0 0
-27.8978374004375 4.1441962718975 9.821736335755 1 0 0
-28.184800042044444 0.3104583717606594 10.68858895478148 1 0 0
-6.666185484992223 1.2378877931166667 1.3703733152833335 0 0 0
-6.751683771609999 -3.12555938959125 7.040418773888124 0 0 0
-30.5928993225 -2.041114926335 11.236949920699999 1 0 0
-19.9655990601 -13.2737998962 11.6915998459 0 1 0
-13.942283233016667 -2.7708675463991668 17.17744175594167 0 0 0
-11.601933479300001 -0.44359767436966663 8.084893226623334 1 0 0
-21.191400051125 6.5103725194925 13.26897501945 0 0 0
-19.964099884025 8.726560115815 11.312400102625 0 0 0
-15.841600074760002 0.109915367812 6.401236381529998 0 0 0
-23.088660240160003 3.6855100154869995 9.713802051545002 0 0 0
-28.068691571558336 7.6305441459025 8.811224142710833 1 0 0
-11.644465017324999 -0.3716175034643 7.421142983437498 0 1 0
-16.10556917924231 -14.275823152984616 7.843321488453461 0 0 0
-5.866778646196429 -6.156940698623571 6.977159261702858 0 0 0
-12.851475000374998 -11.0733497143 6.076640009877499 0 1 0
-19.23478228250889 -13.26438660092889 11.355582173664443 0 0 0
-21.333899498 -0.4470404982565 9.465145111085 1 0 0
-5.739508482125386 2.7401461417861546 6.88367308103154 0 0 0
-29.84537390004782 1.3461391252021742 8.21293656722348 1 0 0
-18.260063820693613 -6.848083597548298 8.734044054720423 0 0 0
-2.5760049819925 -7.0995299816125 13.419825077075 0 0 0
-17.818454569036362 -15.824718128563637 10.767772587854546 0 1 0
-21.07546005248 9.181487846376001 10.8585800171 0 0 0
-6.212838612753793 1.8054003468873268 12.35765342876897 0 0 0
-25.422910902222224 -7.778188917371111 7.43381664488 0 0 0
-3.5501049757 1.0524849891649999 0.17178349941999999 0 0 0
-1.3918499946600003 -2.311707496645 10.292675018325 0 0 0
-17.30112054131591 -14.135220462625 11.267843181438638 0 1 0
-6.235987968612634 1.2482842949396495 12.377525421611404 0 0 0
-33.602834065766665 -13.868799845366667 8.086026509603334 0 0 0
-16.035899162299998 -2.66914999485 3.964650034905 1 0 0
-17.8129501343 12.881000041975 17.0877251625 0 0 0
-17.37106494903 -14.778275060660002 9.745265007021 0 0 0
-17.36171183867059 -14.822976448958824 10.765917609717647 0 1 0
-17.816263545645455 -7.384722709656365 11.545318170027274 0 0 0
-24.679556710385718 0.7942271402904285 11.537328720099998 1 0 0
-6.01809501648 2.62178504467 6.805454969405 0 0 0
-6.243915062101588 2.2297020677534123 12.382959509654759 0 0 0
-6.46332979202 4.24853992462 6.03948020935 0 0 0
-14.230380425581084 -13.20072569717838 9.742962199288181 0 1 0
-28.2218499183625 5.93922758102375 10.6570750475 1 0 0
-24.661718195145458 -8.363347226922725 7.852404594420909 1 0 0
-13.657771246771429 -11.570085797985714 10.812714440485715 0 1 0
-6.156916777293333 3.539216597873333 7.891306559246668 0 0 0
-30.153170013427495 3.1976347386837505 7.171863746643251 1 0 0
-9.42586040497 0.437929987907 11.1339998245 1 0 0
-1.290503456673793 -1.7231603408682759 5.68650755388931 0 0 0
-9.939009666445 9.32741498947 11.66410017015 0 0 0
-8.072842884063 3.7262459754940003 26.652659988419998 0 0 0
-19.75154277257857 -4.475618498665715 11.047171388342859 0 0 0
-22.790420150739997 2.467554044722 11.9466600418 0 0 0
-5.38973905926619 2.680560952141905 7.228750024523809 0 0 0
-14.5212001801 -6.29881000519 5.88586997986 0 1 0
-20.9605007172 -0.492242008448 7.85694980621 0 0 0
0.4214846998452999 -2.745801997186 13.3002699852 0 0 0
-28.297399997724998 -7.7431900501249995 7.7388899326325 0 1 0
-16.199433008833335 8.757926623023332 10.4212334951 0 0 0
-11.980299949633334 -13.719766616833335 8.570756594339999 0 1 0
-21.67573518753 -9.1866095542915 9.93611960411 0 0 0
-12.283668606361111 -13.774788962470373 9.726474744301848 0 1 0
-18.48365020755 0.35807149112250003 9.329015254975001 0 0 0
-20.565643038071432 -7.923308576857143 10.925871440342858 0 0 0
-2.786941026385263 2.3023421011478953 5.292869517677367 0 0 0
-22.9918003082 2.26318001747 9.56849002838 0 0 0
-15.74889011382 0.07274144879193531 5.661585998535 1 0 0
-5.28608320415891 0.7593450516030504 12.408744203871013 0 0 0
-5.318640349128364 1.2360006354077275 12.418753623959997 0 0 0
-11.6717996597 -0.0867168977857 6.47968006134 0 0 0
-18.89400005345 8.87694501877 9.908609867095 0 0 0
-35.83037948606 -4.796646022796 9.896338081358 1 1 0
-4.9336950302105 -5.3356545209885 6.791947007178999 0 0 0
-11.546900272350001 -8.09203529358 12.0033998489 0 0 0
-14.655500139500003 0.7616507155554286 20.56894302367143 0 0 0
-22.9962997437 1.53654003143 11.5417995453 0 0 0
-16.671484194294738 -8.161538525631052 11.703947468810526 0 0 0
-5.737851633849259 1.250629852436296 12.404846678844445 0 0 0
-18.198695228214287 -6.861290500277617 5.692326727368096 0 0 0
-6.835456921503847 -3.8082507757038466 6.278699214643846 0 1 0
-5.93668252229625 1.4319337606425 1.229617491365 0 0 0
-8.017606735229998 4.727663358053333 6.644283453623333 0 0 0
-12.762491471425717 10.362879943837143 7.335534613472859 0 0 0
-15.72362003326 -1.262039995196 6.50911397934 0 0 0
-17.855966568 -6.880993366243334 7.84214003881 0 0 0
-11.07207512855 -1.2928300201875 3.369147479535 0 0 0
-10.8886598587 9.247643852234 10.329179954539999 0 0 0
-10.803266631222222 9.55923769209 10.33056661818889 0 0 0
-6.078197987874 8.304053243001333 2.7771693229666665 0 0 0
-3.880738019944 5.16669807434 12.56096019744 0 0 0
-5.917623440424999 -3.8493583599733334 5.943421602251667 0 0 0
-11.792600154883333 -16.805150032066667 7.69411333402 0 1 0
-5.84081818075706 2.3175806017488236 1.2496117704041176 0 0 0
-16.016500473 -2.00574994087 6.01221990585 1 0 0
-19.6329888238 -14.118422084366665 11.330366770433335 0 0 0
-40.72886047362 -16.35 5.73389196396 0 1 0
-21.732459831239996 -7.367135953903 10.848040103910002 0 1 0
-0.7043364445367778 6.252588907878889 12.690722147633332 0 0 0
-6.2488914460172875 0.7126465264216667 12.353309350423254 0 0 0
-27.390916506449997 0.4485525041818334 10.905816872916667 0 0 0
-18.413799921666666 -4.834833304088334 10.1672999064 0 0 0
-16.710495358419045 12.784128552390474 14.214671498261907 0 0 0
-13.256158391637499 -7.381558716297501 7.163301269213331 0 0 0
-8.78849029541 4.48597002029 12.5364999771 0 0 0
-29.194336457681814 -19.906845786345453 8.899101083928182 0 1 0
-9.35453987122 -7.49934005737 7.39354991913 0 1 0
-15.169095487303032 -13.171248479327268 8.602133823163333 0 1 0
-5.741848389305001 3.2313616275766663 5.9602300326033335 0 0 0
-10.029074668875 -8.3886549472825 12.040225028975 0 0 0
-20.716594896815792 -6.8783215472563155 11.40144217641579 0 0 0
-15.238350152975 0.21129725128425 5.4801324605924995 1 0 1
-15.767100061685714 -6.07323571614 16.123814174114283 0 0 0
-5.73761879387483 2.2132990744150005 12.424082198385596 0 0 0
-11.831150054950001 -13.10887527465 9.462907552719999 0 0 0
-13.245029393358823 -11.24502361522353 9.231926469242941 0 1 0
-7.495170116424999 -6.689375162125 12.24450016025 1 1 0
-15.192588124952389 -13.08287618274524 9.342981656391904 0 1 0
-5.759413349294484 1.770523924694019 12.4244551435757 0 0 0
-13.2434250116125 1.5416049957275002 8.03197872638625 1 0 0
-19.257228442592865 -14.250514325642861 11.341397603352378 0 0 0
-24.825950145725 6.54428744316 11.529575109475 0 0 0
-10.2856998444 -2.72504997253 4.9830198288 1 0 0
-11.948325833967738 -1.134261938833226 9.741435789293226 0 1 0
-28.025833129899997 1.3100099960966667 10.416433334333332 0 0 0
-28.0380992889 1.33767998219 10.5059995651 0 0 0
-11.701562523837502 -14.800899982450002 8.26729249954375 0 1 0
-5.903363814720768 1.6263115497738458 1.3255438437846152 0 0 0
0.32612435519700006 -3.193994690390588 10.18070585587647 0 0 0
-5.42574389775611 3.7176716725027776 5.298216634326667 0 0 0
-2.9113845500077264 -1.2733091061763637 5.813163215462728 0 0 0
0.603658258914875 -3.21886000037125 13.360349893574998 0 0 0
-20.1194992065 -1.01427996159 8.30955028534 0 0 0
-19.25183296206667 2.0711199442566666 9.211040178936665 0 0 0
0.19995939520505798 4.639538637797999 12.729406801866668 0 0 0
-15.75622920195208 -5.810117721557501 16.098197976750004 0 0 0
-16.72084999085 11.95529985425 17.08134937285 0 0 0
-17.63307824006216 -6.350078634313514 4.779505111076216 1 0 0
-7.1111575365075 3.7153149843225 6.625114917755001 0 0 0
-7.223581260358873 3.234297043840282 12.257288637295776 0 0 0
-4.678871427262857 1.8390442814142856 8.645682879855714 0 0 0
-13.5275001526 5.28745985031 12.0078001022 0 0 0
-15.013999939 2.41935992241 9.13827991486 0 0 0
-13.7227619716119 3.3526976278852385 12.03830714452857 1 0 0
-17.4479250907875 5.92976874113 13.297699928274998 0 0 0
-10.81637501715 -13.0193748474 9.6321125030525 0 1 0
-4.591629981994444 2.724919981426667 7.261663277944444 0 0 0
-30.392299890512504 5.7663013339025 9.93001616001125 1 0 0
-5.622521940867333 2.424081309636667 8.041306749979332 0 0 0
-9.975310007732222 -11.275088840066665 10.183611128066667 0 0 0
-15.116010515310524 -9.921889003953684 11.13501583903158 0 1 0
-9.221095085145 -4.2320599556000005 11.96614980695 1 0 0
-4.372287750243333 3.3009410964111106 6.81376446618 0 0 0
-8.458960056305 -9.22617483139 11.92859983445 0 0 0
0.24516900132108332 -4.159479180970833 13.731641610466667 0 0 0
-14.27339982985 -7.27822995186 5.4900050163300005 0 0 0
0.4232617105756429 -3.1807485648571427 12.81582144327857 0 0 0
-4.43209624290375 0.82921525090925 7.616224944591251 0 0 0
-20.30667328253415 -7.874955095896098 10.91928054065366 0 1 0
-28.022749900825 2.8011349439625 8.900839805602498 1 0 0
-24.228175163274997 -16.23924970625 15.1224503517 0 1 0
-20.773399353 2.89623999596 7.97866010666 0 0 0
-14.73822060810928 -7.333591146567317 7.728113911815465 0 0 0
-2.93585991859 0.199075996876 16.3819007874 0 0 0
0.27092873149849167 -3.7936666707195825 12.777437527966669 0 0 0
-9.851554829141303 5.942990427432174 9.758176927980436 0 0 0
-17.434038903983332 -15.213694360516667 11.197283267966668 0 0 0
-31.669267018616665 -16.13299973806667 8.907653331756668 0 1 0
-21.3482329051 -9.06160672506 6.139336744946667 0 1 0
-3.565599997836667 -0.5550203422703334 7.074311733246667 0 0 0
-12.78777503968 -1.210278487206 8.072293043135998 0 1 0
-11.92863006591 -12.644369888319996 7.592508983611999 0 1 0
-11.437266667666668 -8.10399977366 12.009299914066666 0 0 0
-19.9255008698 11.5742998123 14.9668998718 0 0 0
-19.909374713924997 11.66385006905 15.117300033574999 0 0 0
-17.658299636819997 4.3596920013439995 8.318516159058 0 0 0
-27.82113990784 -17.34665985108 13.159219932560001 0 1 0
-7.850270867348333 5.594088355699167 11.116741736716664 0 0 0
-13.904466629022222 3.4308366775522217 11.983388900744444 0 0 0
-5.734477529071815 0.7686517448652572 12.389434278581904 0 0 0
-5.982044935225 -5.33654999733 7.0104598999 0 0 0
-30.659283161166666 0.10713341467396832 8.367877324422501 1 0 0
-15.984425067900002 -1.92379875481125 4.7380474805825 1 0 0
-5.767700932242726 3.7752803022218178 5.71383849057394 0 0 0
-15.9523999691 -14.72474992275 7.5400736927987495 0 0 0
-31.357873715852634 -2.2140510333200005 8.630079972116842 1 0 0
-16.06893316905 9.29341506958 8.253124872845 0 0 0
-11.7623625993625 7.26539242267625 9.78922128677375 0 0 0
-29.75840983671177 1.8281051107482351 7.729994502721567 1 0 0
-11.230628558557143 -12.79452855247143 9.808356966291429 0 1 0
-28.5703997612 -15.757975101475001 11.7512500286 0 1 0
-19.28999938966 5.630099964144 10.64932003022 0 0 0
-20.108975410475 1.035005003215 13.086699962624998 0 0 0
-20.055716514566665 1.7998116811133336 9.887013276418333 0 0 0
-16.245504336884444 -7.693973551856223 11.73622665404889 0 0 0
-4.7979774951935 2.7431724786754996 6.1130050420765 0 0 0
-13.1553001404 -14.0374002457 9.01718044281 0 0 0
-10.88881242275 -12.9395250082125 9.822743892670001 0 1 0
-18.743802447651163 -14.243399974913956 11.358802307481398 0 0 0
-21.179111056855557 1.8782522281011111 9.426017549302223 1 0 0
0.23165975179921108 -4.215207894643333 12.752833154466666 0 0 0
-17.312992389392303 11.831300221961538 16.200630628146154 0 0 0
-16.25366170704688 -7.362742412835156 8.199109293520547 0 0 0
-5.05322980881 4.94571018219 12.372300148 0 0 0
-19.199473671291297 -14.721608618026083 11.359273869052174 0 0 0
-29.412457193647626 3.36234356675762 6.203562123435952 1 0 0
-19.613628387457144 -4.600735732488571 10.292114257799998 0 0 0
-17.69699039461 -15.376880073540002 10.580019950879997 0 1 0
-4.8889000415809996 3.0946340084079997 6.214105081556999 0 0 0
-19.614516894033333 -3.1977750062916663 9.275275071461666 0 0 0
-16.265400083442103 -7.432361314171054 11.610765733210528 0 0 0
-31.54193992612 0.31526380330332 9.898770141602 1 0 0
-21.879199981699998 5.975383281706667 10.821700096166666 0 0 0
-25.634524822237495 -3.713216245175 11.491037607187499 0 0 0
-18.510733286533334 -7.747953414916666 10.3969999949 0 0 0
-20.44750022885 1.101664960385 7.9781451225249995 0 0 0
-17.81210009257778 -6.557229995726667 5.9225334061511115 1 0 0
-6.600635051725 -5.04713487625 5.403635025025 0 0 0
-18.556449890099998 7.529370069505 17.0853996277 0 0 0
-18.547849655150003 7.493634939195 17.153800010650002 0 0 0
-5.398822137288572 7.204725384712142 4.839068225452143 0 0 0
-6.839138239623127 7.236567467450625 0.12425349280233751 0 0 0
-18.262003722011112 -7.598312572196669 10.165922270885185 0 0 0
-11.5565004349 4.30833005905 11.981300354 0 1 0
-18.228392873485713 -7.684000015259286 8.636892046247144 0 0 0
-6.266131689673945 -6.1989232740903955 7.09530287039921 0 0 0
-11.90444993975 -2.53549993038 20.0703496933 0 1 0
-21.14327769808889 6.418427785237778 12.778688854633334 0 0 0
-20.64418185840909 -6.194968223571817 11.559518207199998 0 1 0
-19.428086598706667 -14.869633356733333 11.753006807953334 0 1 0
-25.774487495425003 -3.3801412880424997 11.487187623987499 0 0 0
-21.78874015808 6.030161952974 10.821360015840002 0 0 0
-22.09541988374 -6.892727947237001 11.2815000534 0 0 0
-21.809067408266667 -6.89377339681 11.298700014733333 0 0 0
-11.24349975585 -13.32280015945 8.9766497612 0 0 0
-11.817740553909523 9.399606704711667 9.213093803042382 0 0 0
-18.8667001724 5.33459997177 14.00085020065 0 0 0
-14.684655613388891 7.247083240084446 22.803588867177776 0 0 0
-11.6385001455 9.46732003348214 11.184771469664286 0 0 0
-1.319767999646 -2.796133947374 9.319924163817998 0 0 0
-12.380100250249999 -11.0370748043 8.58418750763 0 0 0
-13.302819516930557 12.733227782780554 6.171277205149446 0 0 0
0.20764750242249996 -3.9119258324291657 13.8555250168 0 0 0
-20.043049812299998 -10.9639496803 11.391149997700001 0 1 0
-6.61034684432158 -4.0865631605447374 8.240162096526316 0 0 0
-18.171145757033333 2.21408126751625 8.222010453542085 0 0 0
-7.823465108875 -6.479685068129999 12.08199977875 1 0 0
-13.85765028 10.772550106050002 11.0489001274 0 0 0
-15.289281368231247 -9.846203804015627 10.6458749175125 0 1 0
0.047383724711825004 -4.67951488495 12.431425094624998 0 0 0
-24.81434965135 -9.6314847469325 7.4684650898000005 0 0 0
-11.17703990936 -13.45257987974 9.072476005556 0 0 0
-18.611949920649998 0.348603501916 6.62433004379 0 0 0
-2.738932443114906 -0.214801187422761 12.471118873020757 0 0 0
-4.891005039215 4.959749937054999 12.4687995911 0 0 0
-9.838855934146 6.005061912534001 9.739772033689999 0 0 0
-29.44874954225 -20.01865005495 9.124995231629999 0 1 0
-11.8163995743 -5.56962013245 6.43666982651 0 0 0
-12.4404001236 -0.0151321003214 20.1800994873 0 0 0
-6.9495022032 5.017000039417777 11.8632445865 0 0 0
-6.816325950625 4.943287944795 11.75345010757 0 0 0
-22.9683990479 0.483390986919 11.5249004364 0 0 0
-8.69418182373 8.667980194092001 4.420468044280001 0 0 0
-20.5550003052 6.28181004524 11.476099967949999 0 0 0
-26.409341971074998 -0.6340771714846666 10.941383361816667 0 0 0
-1.3682799935349998 -3.014605045315 9.54593515396 0 0 0
-6.155421713124784 6.843983484351307 1.6268530462091302 0 0 0
-13.680100202575 6.2632100582125 18.509550094625 0 0 0
-12.444817655229413 -17.02658821554706 7.208540074966471 0 1 0
-1.6339799960433334 10.270522117622221 0.597220884429111 0 0 0
-17.251699752816002 -14.241900024420001 10.277312011724 0 0 0
-20.65434988807941 -11.262538264770587 11.312111770402938 0 0 0
-15.765950202950002 -6.3212674856175 5.3651349544524995 1 0 0
-4.817232608795 3.3673700094225 5.9515924453724995 0 0 0
-11.395500183100001 -3.89490509033 6.44170999527 0 0 0
-2.916013777255 5.195520043375001 6.2220125198375005 0 0 0
-7.4157528196071425 7.242760045189999 8.299419948032858 0 0 0
-6.4616629055571435 -4.034860066005715 8.112691334315715 0 1 0
-18.5898833275 -6.203995744386667 11.566808303208333 0 0 0
-20.898325443250002 1.0114924907675 9.766822338107499 0 0 0
-3.386034989358 5.246379041671 4.832528018951001 0 0 0
-13.087100028975 4.46840751171 12.02422499655 0 0 0
-15.76698835506046 10.394700006 6.808745106985815 0 0 0
-14.242022658288684 3.423876780384149 11.766596236313207 1 0 0
-5.864269892373334 2.060546716056667 1.72904996077 0 0 0
-11.708200045999998 -6.311051482245714 5.034645693642856 0 1 0
-16.80757733547424 -13.747596971915153 9.252024188185455 0 0 0
-7.714803574577539 0.187452458434503 12.288496789480158 0 0 0
-16.067356927071426 9.928825514657143 7.439577170781428 0 0 0
-27.03550052645 1.069120049475 10.550549983949999 0 0 0
-10.6279416879 9.5326650142675 9.3016916116075 0 0 0
-11.241869449611114 9.56773392359361 8.575083626640831 0 0 0
-11.583518028272728 -1.22508271174 11.446354432527274 0 1 0
-13.733117627156862 9.161337497188038 9.748146879906667 0 0 0
-19.0710000991625 -15.186762571337498 11.3383500576 0 0 0
-10.6815004349 9.4960899353 11.2842998505 0 0 0
-13.316806316375 1.6520643606768748 9.781176149844374 1 0 0
-16.291933059666665 9.794883728023335 10.596166610733333 0 0 0
-12.743283761513515 9.399565696716214 9.743917027035675 0 0 0
-20.23819999696 -6.638609981536 11.50853996278 0 0 0
-6.729194959003334 5.370566606521667 8.636390050253333 0 0 0
-13.588542034752633 -12.293352528621053 6.033669496837895 0 1 0
-18.878531506184213 0.7595855750536844 13.281726385410526 0 0 0
-10.777818739425 -10.57096248865625 6.6436799764637495 0 0 0
-14.632066726666666 10.621900240566667 11.110366503366665 0 0 0
-14.30326652525 10.586449782066666 11.307449976583333 0 0 0
-14.899099985766666 3.4447666803999994 9.918246587116668 0 0 0
-12.882820129380002 -7.595874023436001 8.784588050842 0 0 0
-16.286660495565787 -7.300953174891316 8.777369248240001 0 0 0
-19.128728866571432 7.971675736562857 11.191999844142858 0 0 0
-13.618733247125002 -10.907016595191665 7.532606681189166 0 0 0
-9.769466158369294 -10.180497196352118 8.306857632919014 0 1 0
-18.624338240847617 -15.268690427142857 10.893590427576191 0 1 0
-19.667085375099997 -14.899228368485714 12.07331439427143 0 1 0
-25.8159999847 4.48212003708 11.0256004333 0 0 0
-26.743081699718186 1.0912336327809091 10.5620545474 0 0 0
-6.6258115768416666 -2.910636703175 6.9485283692666675 0 1 0
-14.585362553625002 -15.3354748487375 7.50802874565125 0 0 0
-31.199707764846153 0.6203532356483078 10.669323040884613 1 0 0
-17.78277492523056 -14.703155544069444 11.320225053355555 0 0 0
-14.726957821202701 -14.178318353602151 7.756439361056755 0 1 0
-4.21901467505936 3.7849478772344685 12.560427665706385 0 0 0
-6.16356870402435 -5.182086488475218 6.9708087340634775 0 0 0
-11.272726967222221 9.737885126991111 8.28084031362349 0 0 0
-15.688157582287506 -2.6000242352490006 6.038327276706749 0 0 0
-5.29694896274111 3.738057772321111 6.376165495978889 0 0 0
-23.9573497772 -7.392485022544999 9.8190073966975 0 0 0
-24.908466339100002 2.0126000245433335 12.3572333654 0 0 0
-5.673098217358183 -2.2633354663836363 32.28364528309999 0 0 0
-5.328013556345714 -2.2808356966285714 32.157792772571426 0 0 0
-19.9600496292 -4.54613494873 10.88649988175 1 0 0
-5.702863322363333 3.2129244009655555 6.078591187794444 0 0 0
-10.4868001938 9.52060985565 10.0286998749 0 0 0
-15.216032182016127 -15.766958052109679 7.432994873293224 0 1 0
-18.200137376775 7.57831871509375 16.647887468325003 0 0 0
-6.577835559845556 -3.215762191347778 8.403348922728888 0 0 0
-15.731750011440003 -1.645108985901 5.88132710457 0 0 0
-16.10946006774 10.043500137319999 10.68898010252 0 0 0
-21.125132878633334 2.4746233622233333 8.021993319193333 0 0 0
-6.786465615034375 7.317000031471875 5.284753173590001 0 0 0
-17.1463991801 -16.2192999522 10.701299985266667 0 1 0
-31.6157444848 1.7621288961844443 2.186057806013333 1 0 0
-17.139118517859323 3.8485157691823746 9.749188019057796 1 0 0
-19.19265719822857 9.072217123849287 11.682935578499997 0 0 0
-18.2971394856697 -15.257096868572727 10.901612050609089 0 0 0
-6.341285874446249 -3.885958964626875 7.798600624005833 0 1 0
-15.064700126666667 1.08848333359 20.331133524566667 0 0 0
-20.75758964137895 -5.05884265899737 11.161063194268422 0 0 0
-13.394300222375 0.3714662492275 21.15022516255 0 0 0
-15.359807081006979 -12.966013908386046 8.686753561330464 0 1 0
-25.0009994507 2.02497005463 12.4226999283 0 0 0
-18.35906632741667 6.4608099460599995 12.737766742699998 0 0 0
-12.28765010835 0.2203930020335 19.951499939 0 0 0
-5.5922674536725 2.3736387193199997 7.90173494816 0 0 0
-7.259135791234286 2.914189985821429 2.070590019225714 0 0 0
-13.35229969025 -10.95870018005 9.245374679565 0 1 0
-31.41451950074 -15.946839904760001 8.622812080382 0 1 0
-5.262250876426372 1.7468507528306247 12.458407473566254 0 0 0
-11.939233144133334 -0.25380332767933333 21.958266576133337 0 0 0
-18.585874557525 -10.337825059899998 8.569217443465 0 1 0
-16.01099967955 -13.925849676149998 7.91135251522 0 0 0
-24.044266382866667 0.657053987185 11.344500223766667 0 0 0
-5.3705899715425 6.892759919167499 4.692870020867501 0 0 1
-0.14866289993106666 6.922716776533334 12.390599886566667 0 0 0
-17.698017120366668 -10.694866657233334 10.271999835966666 0 0 0
-12.623719882969997 0.8749946057797 19.469160079959998 0 0 0
-7.531785011289999 3.284129977225 7.0814201831800005 0 0 0
-5.279285536872223 7.346937762366666 5.131705602011111 0 0 0
-5.732192341486 -3.224935007095332 8.540121714274 0 0 0
-5.634156036378 3.862804985046 5.276935005187999 0 0 0
-18.24878997803 -15.153769969939997 10.303969860070001 0 1 0
-16.4529498418 -10.335749944033333 11.094799836483332 0 1 0
-13.181319999686668 -11.11927337646 9.830623435974 0 1 0
-28.23648175326364 5.8902400190172735 10.29929993369091 1 0 0
-13.563663569363637 -10.929109139881819 7.4643081751736355 0 0 0
-31.52080001832 2.7315660476719996 10.807980155940001 1 0 0
-16.971533457433335 -10.133316834766667 8.665280024211667 1 1 0
-12.5595498085 -10.9351000786 11.7109003067 0 0 0
-16.391742706314286 -3.0255371502471426 4.620424202512858 0 0 0
-23.598099844814282 -0.9039255721227144 9.896234239850001 1 0 0
-14.742393702271874 -15.738146930934375 7.465948730706249 0 0 0
-15.712303895219232 3.738440394401924 10.22699224031923 1 0 0
-8.462379773456666 -6.925296783446666 11.4608332316 0 1 0
-15.8966999054 -9.17031002045 10.9216003418 0 0 0
-15.9327001572 -1.18329000473 4.95256996155 0 0 0
-3.3290675282475 -1.18451499939 6.636315107345 0 0 0
-8.98106002808 5.93970012665 8.48707962036 0 0 0
-18.783399951991033 -12.252017875213438 11.398080569594027 0 0 0
-29.74672501882167 7.154541015625169 2.2388931711511666 1 0 0
-14.814720723690247 -13.161482950534145 8.663691951007197 0 1 0
-28.17569026947 6.216119527817 10.694940090185 1 0 0
-6.749618892563187 0.25123467188140264 12.352537991615636 0 0 0
-22.816566467300003 -1.3259900013633334 11.439300219233331 0 0 0
-17.903842926042856 -8.379244259425713 11.401985577157143 0 0 0
-5.549909830095 2.5489900112150004 8.00705003738 0 0 0
-5.1101122962100005 6.158852206336667 4.808212280273334 0 0 0
-5.123205875527931 -5.34142615877276 6.90113278093 0 0 0
-5.1523975133875 5.9621450901025 5.0930925607675 0 0 0
-31.543420028680003 0.18701527863724998 11.190740108490001 1 0 0
-7.626593351363334 5.422663450243333 7.137354930241666 0 0 0
-11.257808918422223 -6.29321488274511 5.080907567341777 0 1 0
-6.9073749780650004 2.8156024813650005 2.03385001421 0 0 0
-8.27550029755 -5.82458019257 11.9792003632 0 1 0
-6.739386715157958 0.7369369333677666 12.321004352431387 0 0 0
-2.19814503193 -7.540354967115 15.8275499344 0 0 0
-18.9038000107 12.0283498764 15.978750228900001 0 0 0
-31.947375059125 -2.14423498511375 3.3033337593075 1 0 0
-3.866180029781818 4.868511806834546 1.5510581840172726 0 0 0
-44.316500091550004 -19.66889991761 7.290054988862001 1 0 0
-19.181292020353848 -15.049884649430767 12.18080007113077 0 1 0
-4.46839984258 2.6128099759433336 7.114893277486666 0 0 0
-23.9990997314 5.53277015686 11.5321998596 0 0 0
-19.171899795549997 6.52719497681 13.5817503929 0 0 0
-19.24462863377143 -14.976271356857144 12.183385849 0 1 0
-6.194749253135716 -4.714449984686428 4.927926761763213 0 0 0
-20.655060005190002 6.0793300151850005 15.617560005180001 0 0 0
-28.20434017182 7.3090364694589995 8.65018901825 1 0 0
-15.8996998469 10.714533170066668 10.7135667801 0 0 0
-5.117080211639999 5.920179843905 4.972680091855 0 0 0
-17.834057262971424 -7.375098926681072 7.871984311512143 0 0 0
-17.3970336914 -16.0306339264 10.427800178533333 0 1 0
-21.08346146803077 1.9052215264399999 9.63821543180077 1 0 0
-21.589420318620004 -4.486834049226 10.79165992736 0 0 0
-7.301019906995 3.218425035475 1.83722501993 0 0 0
-5.900495276731176 -5.148593481849411 6.919259968927647 0 0 0
-11.399574995025 -1.9449425041675 20.4535250664 0 0 0
-21.435699939725 7.393755078315 12.136775016775 0 0 0
-17.27472877502857 -15.010085787114287 10.312085696628571 0 1 0
-23.9456329346 7.548883279163333 10.847100257866666 0 0 0
-7.44901990891 2.88313007355 0.832224011421 0 0 0
-14.1063374281 4.6643037199962505 18.2561998367375 0 0 0
-16.540480041520006 -13.337960243240001 8.908519935608002 0 0 0
-5.720203571849445 -3.244749459955278 8.433198928833333 0 0 0
-12.267371586414285 -3.7309928280971434 19.440828595842856 0 0 0
-22.243774202137043 -9.141589941801113 10.109033443307409 0 0 0
-12.252475414641511 9.403411253443396 9.262159221576981 0 0 0
-7.189343147277202 -5.7216883850104 7.463004798890401 0 0 0
-17.6835000515 -15.90836882590625 10.287393689168749 0 1 0
-4.85877740382875 2.2969562411325 5.81565505266 0 0 1
-18.22078210879487 -15.778605118776921 10.858148819358977 0 0 0
-20.039766947433332 -10.068633397433333 12.120100021366667 0 0 0
-14.0329999924 4.74885988235 12.0003995895 0 0 0
-25.3586997986 -3.975689888 11.5082998276 0 0 0
-6.457481316157143 8.33233846936857 4.6163870947714285 0 0 0
-8.6940450668325 5.5105925798449995 11.463424921024998 0 0 0
-22.9025001526 2.72504997253 11.4997997284 0 0 0
-10.7004995346 -12.9373998642 10.0236997604 0 1 0
-23.81009998322 -7.197478055954001 6.64530491829 0 1 0
-22.80890083315 6.3366649150850005 13.0991001129 0 0 0
-19.180879195524994 -12.26637705167917 11.397760470710418 0 0 0
-16.0289001465 -6.50540018082 5.54006004333 1 0 0
-11.715571539728572 -4.714395727431429 20.034057344728573 0 0 0
-11.266209168872727 -14.218899986963635 9.375337253918179 0 1 0
-7.48021507263 3.03647494316 2.100639939305 0 0 0
-8.392065048214999 5.449290037155 9.51184988022 0 0 0
-7.20515864236 5.447348526544286 8.262635775974287 0 0 0
-10.313508272183332 9.269102414448332 10.700799942008336 0 0 0
-14.70987142837143 3.602399315154286 11.918807234078571 1 0 0
-20.1511001587 6.1711101532 10.9661998749 0 0 0
-21.353799819966667 -6.950756549836666 12.256833394366666 0 1 0
-26.711614336285713 0.40753228749542864 10.987342834485714 0 0 0
-17.588224887875 -8.5329124927525 11.533125162125 0 1 0
-16.902976172300004 -7.348091874803809 8.753719965616192 0 0 0
-19.1641998291 -0.508005976677 8.52509975433 0 0 0
-17.109576713211627 3.730700573255464 10.147072093434883 1 0 0
-13.5003995895 -5.55025005341 6.51514005661 1 0 0
-12.770017680017647 10.589700025658821 7.076507007375883 0 0 0
-7.815844662983667 4.714253950119332 6.274261013667001 0 0 0
-21.665517171216667 10.356533368416667 11.166733105966665 0 0 0
-11.3656997681 -12.8901996613 5.92688989639 0 1 0
-1.3295733531316667 -3.218577504158333 5.328779141108334 0 0 0
-4.57237373698909 2.6372009190645453 6.782160932367273 0 0 0
-13.251118290185717 9.313118136658165 9.767430811512039 0 0 0
-27.100999832150002 -0.312570497394 10.4747495651 0 0 0
-17.531000137333333 0.7268266479176667 6.396040121716666 0 0 0
-6.676323334376666 3.826658328375 7.163393259048334 0 0 0
-28.45866012574 7.363890075686001 10.38629989624 1 0 0
-28.555250167849998 7.27042371034625 10.366700053212499 0 0 0
-12.74107615843696 10.831858676410869 6.778278900228698 0 0 0
-16.21173350016667 -7.53813648224 8.811669985450001 0 0 0
-2.38454000155 -6.39581998189 14.593900044766665 0 0 0
-10.953850269324999 -11.741225004175 11.861424922949999 0 0 0
-31.333239746100002 -16.3038799286 8.383380126952 0 1 0
-20.290099716180002 1.063574004174 9.79282798767 0 0 0
-7.732873797416248 5.6522375941275005 7.69197255372875 0 0 0
-17.3990507126 -8.60368490219 11.5214500427 0 1 0
-17.774523849488002 -15.296865959163995 11.304415969848002 0 0 0
-5.880560548682105 -6.335401058197368 7.0526446794215785 0 0 0
-21.080200195333333 6.528903325399999 12.6493666967 0 0 0
-21.69748039246 -4.614197921754 9.343674087523999 0 0 0
-7.771837086147112 3.8167380015055565 12.173651080668892 0 0 0
-12.0823001862 -11.4224004745 10.4989995956 0 0 0
-10.904819965369999 -14.037230014790001 9.844376182557 0 1 0
-17.83179976722727 -18.80422748218182 14.759709011418183 0 1 0
-15.7248001099 8.98383045197 8.49882984161 0 0 0
-13.273857550187875 9.30890028404424 9.265228213686663 0 0 0
-18.032900492366664 6.716603279116666 11.704433441166666 0 0 0
-3.62332499027 3.277420043945 1.8925649523749999 0 0 0
-17.136067072533333 3.9885699748966665 8.44687016805 0 0 0
-24.895439910879997 7.3439620018 9.936458015442 1 0 0
-2.15830245614 -7.1976612806325 16.2761123180375 0 0 0
-6.788371210098401 -6.1573740005492 7.454395990372002 0 0 0
-15.7909002304 0.0616162009537 11.026599884 0 0 0
-3.7378970895514287 4.891895634788571 1.4141142708914285 0 0 0
-11.860100052563638 -11.4452090697 10.687709114781818 0 1 0
-13.6198997498 -7.03825998306 5.40586996078 0 0 0
-10.4199500084 9.549117565155 11.1775996685 0 0 0
-19.3006000519 4.0074300766 10.0012998581 0 0 0
-3.9381240367899997 5.074559974672001 1.5504639864 0 0 0
-12.758644527855557 -13.413349972833334 10.165630578991667 0 1 0
-9.057505130765 -3.2116249799750003 11.9753499031 0 0 0
-25.88845570881111 1.2560588916155555 10.902377870355556 0 0 0
-19.841100056966667 6.2775332133 11.624466896066666 0 0 0
-9.923346837363335 -10.943666776 10.336066881833334 0 1 0
-10.201575040818751 11.30533751845625 6.264388456940625 0 0 0
-14.90596381098182 1.217142733660909 20.2823271318 0 0 0
-15.25931851069259 -7.359868888501298 10.765162927131483 0 0 0
-17.66487998962 -16.03190002442 10.367910003659999 0 1 0
-2.02149009705 -1.45248997211 16.1462993622 0 0 0
0.304426112109 -3.798870007196667 14.145266744822225 0 0 0
-3.2845040321349996 3.100847983361 1.7243039965609999 0 0 0
-20.83323351542666 -3.257634663582333 1.3557773351673335 1 0 0
-18.515299797049998 1.548755049705 7.14725494385 0 0 0
-12.66272226968889 -2.107639975018889 21.120866563577778 0 0 0
-4.9020534356433325 5.318658351896666 12.39654986065 0 0 0
-11.2040996552 -7.76470994949 10.589799881 0 0 0
-28.1575000763 -8.433795928958 9.422796249387998 0 0 0
-6.841008722782499 -6.276239395141876 7.5320681035518735 0 0 0
-20.42609977725 4.95260000229 12.96015024185 1 0 0
-15.76966923933846 -5.414416166453076 16.09394616346923 0 0 0
-22.087400436400003 5.949413458506666 10.432400067633333 0 0 0
-10.8943002224 -13.97817492485 9.895157575605 0 1 0
-11.741900444 -13.8770999908 11.0623998642 0 1 0
-19.8705997467 -0.666173994541 7.94963979721 1 0 0
-11.72091999053 8.368720054627 9.09647512436 0 0 0
-3.3552168573657144 2.7722505637588575 0.6354930264609712 0 0 0
-4.663876363209285 2.1948314223985714 7.890833582196429 0 0 0
-4.713133539470715 4.9041343075892865 4.711082186017142 0 0 0
-8.5268201828 5.51465988159 11.5471000671 0 0 0
-11.02064990995 8.975405216215 9.817934989929999 0 0 0
-14.959333419833333 3.5331765810633335 10.275466601066666 0 0 0
-3.245862625894524 3.757145240193096 0.6560624766916905 0 0 0
-15.731314715215683 -13.621648984798037 8.208994201585682 0 1 0
-23.4708995819 -1.16395998001 9.60599994659 1 0 0
-14.723974984619568 -13.25968155653587 9.263017426366408 0 1 0
-16.439240010593338 -18.66175333658667 13.599833424893331 0 0 0
-3.2812336141418186 3.1701690933918183 0.33555185320712727 0 0 0
-4.6360050439850005 5.89628267288 4.6672525405875 0 0 0
-3.2882513364146666 2.761355368296667 0.3146500150362534 0 0 0
-6.786161569449231 1.0710499928553845 1.59888923168 0 0 0
-15.270944489366665 -15.321022139644445 7.404598818885556 0 0 0
-21.22427511215 -3.6501750349999993 9.2268075943 0 0 0
-30.94384302412857 1.4341157334171428 9.648302895684285 1 0 0
-30.92004966735 1.4120274782175002 9.4270100593575 0 0 0
-3.25115999968174 3.746775191762609 0.354621131135087 0 0 0
-0.23377819955335002 -3.238212013244001 14.255815029154999 0 0 0
-3.51451992989 2.55293011665 0.754324018955 0 0 0
-20.225692749014286 4.61329783712 9.881290095193572 0 0 0
-30.190274072734788 2.1813026148336956 5.238412608270652 0 0 0
-29.610100294410532 3.1693221267900005 8.650287377207368 1 0 0
-29.768210029609996 3.2930759906760003 9.091294097901 1 0 0
-21.0922498703 2.032570004465 9.522399902345 1 0 0
-11.9560003281 9.50121021271 10.7575998306 0 0 0
-20.5174999237 -9.04000520706 9.44817018509 0 0 0
-3.5395898819 0.484789013863 0.520940005779 0 0 0
-3.2625168859956255 3.255040630698125 0.6196294352413124 0 0 0
-19.561266581233333 -2.5930133660633334 7.851353327433333 0 0 0
-26.28995666504 7.217600313822334 7.742731300989333 0 0 0
-3.1419678745845454 2.229193947531818 0.8263864788142723 0 0 0
-6.86780023575 3.67003011703 0.989014983177 0 0 1
-15.977560234059998 8.246209907532 11.60995998382 0 0 0
-18.060499668125 11.820174932475 17.09880018235 0 0 0
-15.295860445777906 -13.92986282082442 7.896208818567791 0 1 0
-25.6727333069 6.0230401357 11.477333386700002 0 0 0
-15.31071055563684 -12.95801574305263 8.464143200923157 0 1 0
-12.40149998665 -10.84274983405 7.53464746475 0 1 0
-42.181300353990004 -13.73051004411 7.771892023087 1 0 0
-4.61654996872 2.0430232683800003 8.82596651713 0 0 0
-6.771066586178333 7.705280065535 6.549508492151666 0 0 0
-17.9860992432 6.55270004272 12.6412000656 0 0 0
-13.234584206026314 12.829015832221053 5.89698683588158 0 0 0
-8.176030159 6.02333021164 0.946816980839 0 0 0
-3.075977692237692 5.764744593547306 0.5877030835701923 0 0 0
-21.2123285021 10.4456285749 11.081971577242857 0 0 0
-7.3001070583558825 4.250687683329412 11.71738220664706 0 0 0
-22.359337806712496 5.5440037250537495 12.332737445850002 0 0 0
-25.709546839934042 7.172522088314679 7.242885934545106 0 0 0
-8.191480000813334 5.845160007476667 1.2005533377316666 0 0 0
-7.48594999313 5.50236988068 7.31964015961 0 0 0
-3.7398799487514287 -0.9452127133097142 6.84926864079 0 0 0
-2.752935012180833 4.796338359515 6.245488325753332 0 0 0
-6.56191500028 -2.859320004781667 7.029464960096665 0 1 0
-5.166591508047143 -5.562941346848572 6.903624330248571 0 0 0
-21.0323009491 2.40857005119 7.97145986557 0 0 0
-23.89722851342857 9.195905685425714 10.67710004532857 0 0 0
-15.242134422254772 -13.74136749802294 8.243831421918348 0 1 0
-11.335149765025001 11.956849813475 5.9182099103925 0 0 0
-3.201240015028 4.039453983306 0.6673478126526 0 0 0
-7.967999935153333 6.827096621196667 8.227529843646666 0 0 0
-16.18361445835714 -9.907593045915716 10.459485871442856 0 0 0
-15.754600101044446 8.314560042487777 10.796055581844445 0 0 0
-16.39070034025 -10.7754497528 9.225125312805 0 1 0
-11.462600231175 0.22425875440225002 22.2403998375 0 0 0
-17.447999954233335 -15.922933260599999 10.385366757733335 0 1 0
-3.0327299833300003 1.91897252202 0.6332679986955 0 0 0
-29.743949890099998 2.996859908105 9.907094955445 1 0 0
-24.32179260253846 1.5864353913523077 11.132730777446154 0 0 0
-22.27212851386429 6.362044266291428 11.903357233328572 0 0 0
-17.0410995483 -12.9689998627 11.5341997147 0 0 0
-4.360889945711429 2.20097715514 6.81259359632286 0 0 0
-14.439074993133332 3.5308250188825006 11.399200042083331 0 0 0
-10.5670003891 -9.99123001099 7.00374984741 1 0 1
-16.57249996879091 -13.778945402668182 8.859302780844544 0 0 0
-2.2658400535575 -3.6316750049574997 7.7172124385825 0 0 0
-6.4451475143425 2.7787200212500003 1.641172528265 0 0 0
-2.804408502579 6.3771715164185 0.6722548007966 0 0 0
0.572227716446 -0.27690813796842856 18.30172838482857 0 0 0
-2.539824008942 -6.885990142823999 13.544079971300002 0 0 0
-22.040500164025 -4.64149749279 9.892702341082499 0 0 0
-13.45364999775 -6.840095043185 5.942715167999999 0 1 0
-18.099566565633335 -7.4173900286366665 11.276700019833335 0 0 0
-20.69483552659285 -3.4186878800396427 2.307813584806072 1 0 0
-6.651927590371251 3.8701787292962493 1.208712503315 0 0 0
-2.9724900722500003 5.800300121305 0.5136384963989999 0 0 0
0.284395992756 -4.07532978058 14.0590000153 0 0 0
-2.9204474687575 5.910942554475 0.42586475610725 0 0 0
-3.300516017277334 3.7233546574906664 5.350732644398666 0 0 0
-17.766337394725003 -18.943587303174997 15.141475081437498 0 1 0
-19.169692406290388 -11.745198048075 11.376905753061541 0 0 0
-19.068833033233332 -6.6328433354700005 11.467133204133333 0 0 0
-3.210423737764583 -1.2137187421312496 6.309966663519583 0 0 0
-8.221348521414436 -0.245581670533475 12.278782603439327 0 0 0
-13.281785737897618 -10.877052443361906 7.468377397174048 0 0 0
-22.10589981075 -15.9850497246 12.5978002548 0 1 0
-12.6742998759 -0.6589589913686668 11.847200075800002 1 0 0
-6.682037472725 -5.703415036202501 6.881411254405 0 0 0
-15.123999977109998 5.325746059417001 18.284510040289998 0 0 0
-14.9715995789 5.24602985382 18.0102996826 0 0 0
-13.288883368166667 11.591450214383334 9.911430040994999 0 0 0
-3.206354113185883 3.3535217677847062 5.638505907619999 0 0 0
-17.9661006927 -2.97392010689 8.03267002106 0 0 0
-6.6355165004725 -3.9409529924394997 8.396072435379498 0 0 0
-13.87200021745 -8.7068176269525 11.2341001034 0 0 0
-31.42974948885 2.450694918635 10.98274993895 1 0 0
-16.814586512246667 -9.647527376810668 11.145506731680001 0 1 0
-29.571899934254542 -5.675792780789999 8.886152700944546 1 0 0
-4.561105012895 2.2602249979975 6.4129149913775 0 0 0
-27.804924964900003 3.672582507135 10.054200172425 1 0 0
0.4901164919135 -0.35006900131700003 18.47945022585 0 0 0
-1.4351455503044446 -3.2339766555377776 9.268990940518888 0 0 0
-27.4456996918 1.52807998657 10.4320001602 0 0 0
-6.402960968016001 -4.622725009918 7.813604021073 0 0 0
-10.9100335439 -1.4597999652233333 21.395866394033334 0 1 0
-23.63835016886667 6.450596650443333 11.739449977883334 0 0 0
-14.9110002518 3.49799990654 10.2173995972 0 0 0
-27.205072296994445 6.723160558276665 10.777905570133335 0 0 0
-3.241343883368462 3.5971569464753848 5.668443863208462 0 0 0
-2.7939157485957145 6.54534285409 0.6826767240251428 0 0 0
-21.7537376880625 -9.1025199890125 6.267475008965 0 1 0
-15.374448345548386 3.625404196400645 10.208045128858068 1 0 0
-3.11870004336 -0.9017438570659334 6.309022617339999 0 0 0
-12.62045001985 0.10343480296415 20.742300033600003 0 0 0
-22.6791000366 2.51795005798 12.005900383 0 0 0
-2.9600722259966665 2.1352800263311114 0.8509498900836666 0 0 0
-6.636554956435 -3.4568549394600003 6.44194483757 0 1 0
-26.3150005341 1.99711000919 10.9202003479 1 0 0
-6.212519963581333 9.236800003052 0.9359086592992002 0 0 0
0.478644505143 5.453254938124999 11.6138000488 0 0 0
-18.9428005219 1.00846004486 13.3199996948 0 0 0
-11.774240612981249 -4.263014376163749 19.9005624055875 0 0 0
-17.0000991821 -4.59497022629 5.99632978439 0 1 0
-43.7514673869 -19.114466985066667 6.3528798421233335 1 0 0
-5.887853304546667 6.9049050013199995 2.8580783605566666 0 0 0
-1.934351662795 -6.651508331298333 17.101266543066668 0 0 0
-1.2449707048285714 -3.2244385821478567 4.834247078214285 0 0 0
-14.9052843294579 -7.665472708251053 10.729115686921055 0 0 0
-17.0638999939 -14.95875024795 8.487615108490001 0 1 0
-12.322163711895454 -16.94665457985 7.393456328999545 0 1 0
-15.527258316683332 -12.940366586033333 8.7550365924825 0 1 0
0.8719493349394445 -0.8403381109237777 15.748111195022224 0 0 0
0.33139540553080005 0.6706035971640001 14.740839767439999 0 0 0
-3.0849771499642857 4.353067057474285 1.370854275565714 0 0 0
-3.2333650112144996 4.1368694543835 1.735463488101 0 0 0
-12.361300150533332 -2.1518232822433334 21.15013376873333 0 0 0
-25.70048200167692 7.1838007706864095 7.74937330148154 0 0 0
-12.410623110246153 1.234540774273077 19.402892479530763 0 0 0
-13.260566711433333 5.253003438316667 18.595533370966667 0 0 0
-3.2304310387568966 1.210427929614138 6.7540210197717245 0 0 0
-17.666233698533333 9.383086522416667 11.066400210066666 0 0 0
-21.579499721525 -2.0113124847425 9.584197521212499 0 0 0
-7.327420139311999 5.568336009978 7.714666080473999 0 0 0
-16.51950073245 8.91497516632 10.798949718500001 0 0 0
-17.746514320364287 -15.706342901492858 11.236942836214284 0 1 0
-23.399299621566666 1.6367200215666668 11.471333185833332 0 0 0
-16.376025199875 0.7578215003014999 5.7977151870725 1 0 0
-7.199839296111207 0.23922835283139754 12.355759063401809 0 0 0
-6.611841406141429 1.7453357321885714 1.3126228707185716 0 0 0
-29.738385609214294 3.084330047878571 10.043600082428572 0 0 0
-6.461599826813334 3.839876651766667 1.28084329764 0 0 0
-5.865474527531819 1.829455429858182 1.7557527477090908 0 0 0
-26.238962411887503 7.185935020446874 8.237220048904375 0 0 0
-8.4091825485225 4.844102501869999 1.6426649987675002 0 0 0
-5.93478870391875 1.775431260465 2.1863912343962495 0 0 0
-6.1491161493161535 6.371208447676153 5.366873044233846 0 0 0
-29.6201238178119 2.2229131006059526 8.222710995446906 1 0 0
-22.1331996918 5.96629500389 10.537600040400001 0 0 0
-13.8448600769 -1.6625480175019998 6.458618068693999 0 0 0
-26.213425812896297 6.739077779982221 10.802085099400001 0 0 0
0.39438150227060004 -2.744749021531 10.7555299759 0 0 0
-11.33243169283158 -2.2537436736257894 20.37336309333158 0 0 0
-3.04577505589 3.74052500725 1.391550004485 0 0 0
-8.307005167004998 5.30659508705 1.27268251777 0 0 0
-21.4617004395 -2.01155996323 6.73849010468 1 0 0
-16.76130040486667 3.94708331426 8.695516904193333 0 0 0
-6.262734979391875 10.634162485600001 9.217829346656876 0 0 0
-16.606067021666664 12.054699897766668 17.120367050200002 0 0 0
-12.203163753845455 11.765854575409088 6.0912308692936366 0 0 0
-15.040666686155557 -7.58597559399 11.333900027811111 0 0 0
-8.289549939772353 5.863284111023529 1.7127811838599998 0 0 0
-12.28286679585 -0.7997253338495 21.782499949133335 0 0 0
-14.645739936840002 -15.65763988494 7.526923942566 0 1 0
-5.80109284605357 -2.7398964336941063 8.445465343339823 0 0 0
-18.2933006287 -18.4580993652 14.0376996994 0 1 0
-7.750702730814667 6.184741369884 6.209538046518667 0 0 0
-12.06641998292 -14.257840156559999 8.640046119690002 0 0 0
-5.19090986252 -5.58152008057 7.00755977631 0 0 0
-26.8254398346 1.110538029668 10.43386001586 0 0 0
-6.136906623839999 7.160113334654999 2.8685800234499994 0 0 0
-28.5845616414 4.306796147273078 7.242111536171539 1 0 0
-14.183127403245457 -15.731072772636365 7.519098195162727 0 0 0
-15.2405004501 3.57100009918 9.98044013977 0 0 0
-15.5296001434 -12.8784999847 8.49462032318 0 1 0
-24.0557003021 -3.81000995636 11.507399559 1 0 0
-22.901700210600005 6.454843997954001 17.16444015504 0 0 0
-18.1819000244 -8.106134891509999 11.519299983949999 0 0 0
-10.264756795524324 10.637535069445947 7.186380541002974 0 0 0
-12.6182003021 -10.3355998993 6.58494997025 0 0 0
-6.080757498740833 1.1080499887475 1.6740024983875 0 0 0
-14.832700014125 -7.5864550272625015 10.333258469899999 0 0 0
-7.58808994293 4.86913514137 8.123869895935 0 1 0
-2.9357350468625 1.9387649893775 1.168492525815 0 0 0
-1.44724500179 -0.8680754999321666 5.368839979171667 0 0 0
-6.8030708771718995 1.224004428598228 12.298962049846835 0 0 0
-15.062566916116666 -7.751523335773332 10.951016585033335 0 0 0
-17.421799341833335 5.14963658651 9.89011001587 0 0 0
-3.173105061055 2.1607512533674997 1.101720005275 0 0 0
-8.743772033516716 0.2694381027560965 12.1883687317855 0 0 0
-19.1058998108 8.9849395752 11.617099762 0 0 0
-12.249040031419998 -12.35720005036 9.662224197388001 0 1 0
-23.115708958018182 -8.602831753817272 11.077527219599999 0 0 0
-8.288421843502501 0.20638264430607875 12.249292573414863 0 0 0
-9.991005420685 6.3207151889799995 26.4260997772 0 0 0
-10.16241989136 6.366690063474 26.31207962038 0 0 0
-3.763347418411739 -1.7285786918973916 6.7110051694126085 0 0 0
-4.080025196075 8.861724853515 25.4766998291 0 0 0
-13.5047998428 1.68965995312 9.77637004852 0 0 0
-15.2723537072878 -5.795285329585366 16.21317067960488 0 0 0
-18.09398301441667 11.777116616583335 16.66930007935 0 0 0
-8.583576075237335 1.682793982824 12.268919881186667 0 0 0
-36.1579017639 -13.04559993745 8.128224849705 0 1 0
-10.769385678435713 -14.068407194964285 11.634664331157143 0 1 0
-29.1826330821 3.8630533218400003 9.83225663503 0 0 0
-13.234928512574287 -7.398115130833142 9.81116057804543 0 0 0
0.14975236563221112 0.8260422216521113 10.775033420988889 0 0 0
-15.259454640463638 -6.05104264345909 16.14410903237273 0 0 0
-21.8311491013 -1.0452499985700001 7.88814020157 1 0 0
-19.4358997345 6.51108980179 12.4931001663 0 0 0
-15.766699791 -0.501754999161 10.8340997696 0 0 0
-20.936524868 -2.9101825356475 1.46601998806 1 0 0
-2.69518886672 3.1684411366788883 5.863306681316668 0 0 0
-9.371196746823333 9.377823511759999 6.3813667297366665 0 0 0
-12.621516625075001 -17.100325107583334 7.079296668371666 0 1 0
-22.907762527450004 6.56832623481875 16.8104248046875 0 0 0
-6.34279245138125 -2.6944637298562504 8.5989450216275 0 0 0
-6.728640963392439 -4.417154160941221 7.833337865224389 0 0 0
-28.206733067800002 -16.9637330373 6.7931599617 0 1 0
-9.324602365492499 9.327504873277501 6.545487523079999 0 0 0
1.5183842693057146 3.246137108121428 2.2901942389328576 0 0 0
-4.91543507576 4.103009939195 6.911464929579999 0 0 0
0.4573603987694 7.266905975344 1.194994020462 0 0 0
-11.816153208413334 -2.7999560038253333 19.89358660379333 0 0 0
-6.798479366302307 -4.593484475062614 7.708055826333846 0 0 0
-18.4607000351 -6.28713488579 10.760600090050001 0 0 0
-3.334380658467334 6.117240683237332 12.226146698006668 0 0 0
-3.3164438009275004 6.293808639051251 11.879162669162499 0 0 0
-16.79923934936 11.16550006868 12.24211997986 0 0 0
-12.293352257129545 -13.769949913020456 10.841140942147725 0 1 0
-0.05129594914615 -4.795959949495 12.5469498634 0 0 0
-13.474249839799999 -12.327750206000001 6.02499508858 0 1 0
-19.617424964899996 12.386850357024999 14.831449985499999 0 0 0
-10.211014407021429 -0.8097472105708571 22.22091429574286 0 0 0
-15.0927000046 6.79387998581 10.5158996582 0 0 0
-12.794062546325003 -13.715266074455359 9.300798382077856 0 1 0
-12.8073501587 -8.21709012985 11.58520030975 0 0 0
-13.258965904054543 8.812192049893182 11.86613865331591 0 0 0
-6.723615805309167 7.659805854161667 5.158419966698333 0 0 0
-12.681721414835712 -8.090686457498572 10.138357094357143 0 0 0
-8.74108549264923 8.652351599473844 4.672073877775384 0 0 0
-23.5728623867125 -0.890280753374125 10.788474917424999 1 0 0
-31.5314502716 2.355655074115 11.011950016 1 0 0
-8.056296984353333 6.078216552733333 6.45907656352 0 0 0
-20.65719402538235 6.171678234549999 15.279982342435293 0 0 0
-15.5012998581 -12.6813001633 10.016699791 1 0 0
-11.120349884 -2.036050081255 3.6487549543349997 0 0 0
-18.224899927766668 -7.558806578316667 7.671100139616667 1 0 0
-13.898000001900002 -0.12108399905275001 23.071475505825 0 1 0
-21.066499710099997 8.839089870455 11.055650234200002 0 0 0
-2.1944216887166665 0.18533859836548336 14.803516387933334 0 0 0
-14.057775020600001 -6.9019974470125005 9.583204984665 0 0 0
-5.4826173782325 -3.2560099959375 8.437844991685001 0 0 0
-12.696925163275 1.8983675241475 17.90054988865 0 0 0
-23.3994998932 8.72883987427 10.5691003799 0 0 0
-13.3939666748 -9.016650199886667 7.144463380176666 0 1 0
-11.696000099199999 8.025869846345 9.67956972122 0 0 0
-3.6135575175300003 -0.64732225239275 5.2630749940875 0 0 0
-7.912584863861035 -4.713936230231377 6.96366278878517 0 0 0
-16.4745006561 8.18214988708 10.4575996399 0 0 0
-6.828106562296667 -4.061903317766666 6.321033318836666 0 0 0
-8.93216005961 9.21724843979 4.777383327483334 0 0 0
-12.4714002609 -4.75184011459 6.44468021393 0 0 0
-3.0710462056676926 -0.7731392979623078 5.6817269325269235 0 0 0
-2.95342993736 2.42219996452 1.12188005447 0 0 0
-12.146819973000001 -0.21018689423793 20.76640987397 0 0 0
-31.25762638293158 0.2702712370817258 9.299375283089999 1 0 0
-29.477399826 2.19361996651 7.91896009445 1 0 0
-7.862667041665882 2.2938414812094114 12.148305864899998 0 0 0
-26.05709934235 4.76584005356 10.90434980395 0 0 0
-6.772052721544545 7.408853660930908 -0.14318895373831816 0 0 0
-10.715082336876469 9.547581476324703 8.562725852518529 0 0 0
0.030033200979249997 -4.745954990385 12.605050087 0 0 0
-15.270846600002223 -13.248260010608892 8.474137560526444 0 0 0
-13.19561278566383 -11.111902176059576 7.44362018463468 0 0 0
-17.9141667684 9.293626785276667 9.842393080393334 0 0 0
0.4437272012234 -2.232343983651 11.234520149229999 0 0 0
-12.613670062999999 -1.2670349955559999 11.739389991749999 1 0 0
-5.624910791715 3.070729970930833 9.390410820642499 0 0 0
-31.28343828987353 -2.2624005710370585 7.787856466629705 1 0 0
-14.1393003464 8.95938014984 9.44931983948 0 0 0
-3.6590530157089995 -1.3207780003529999 6.6867129325859995 0 0 0
-6.653412183126666 7.710085550945554 -0.22460573414968887 0 0 0
-22.6322994232 -9.204185009 6.236595153810001 0 1 0
-26.19424247742143 6.607075725282144 11.316992895935716 0 0 0
-6.399014122345882 -3.916492349960882 8.204850252937353 0 1 0
-19.8799561262 -9.344547510146251 9.96896743774375 0 0 0
-14.810946348239026 -13.245253609451222 8.477610681114387 0 0 0
-3.9043928214485715 4.8519772120899995 12.565228598442857 0 0 0
-11.93294382095 -8.2113294601425 10.216068744656251 0 0 0
-9.057024955749998 -7.907124996185001 11.94584989545 1 0 0
-18.569232940666666 -8.106823603313332 10.319366772966667 0 0 0
-20.9794998169 6.52041006088 13.157500267 0 0 0
-20.921600341799998 6.456693490346666 13.192832946766666 0 0 0
-6.103882026671999 0.4028451979162 1.6852540016159998 0 0 0
-7.73685611089 11.064153289800002 2.3045753479013333 0 0 0
-5.62187385559125 7.18583130836375 4.11346620321375 0 0 0
-22.32966003416 6.529551982882 11.85105972288 0 0 0
-3.042786677678333 -1.0829550027833335 5.784324963886667 0 0 0
-20.370949268325 -2.176344931125 10.0805749893 0 0 0
-17.9603996277 7.54574012756 16.5396003723 0 0 0
-16.034550666850002 11.510800361649999 6.4161050319649995 0 0 0
-8.34220673201948 0.7998146879208572 12.223440256987013 0 0 0
-12.8073999405 -14.19060001376 7.922539997099999 0 1 0
-20.1601009369 1.95966994762 9.4165802002 0 0 0
-11.005200386 -0.995217978954 11.2203998566 1 1 0
-19.754110050195003 -11.644484949110003 11.355024909970002 0 0 0
-7.592204093932 2.941377925872 7.988025951387999 0 0 0
-5.887385940552 2.2376020431540002 2.262118005754 0 0 0
-25.0249004364 -1.02734005451 11.5125999451 0 0 0
-15.27312493325 -11.742125034325 9.9445149898525 0 1 0
-23.800699234 -17.065850257850002 14.538699626949999 0 1 0
-10.4468998909 9.508265018460001 10.92365026475 0 0 0
-14.4947004318 8.99565982819 8.69361972809 0 0 0
-14.770504523546801 -13.842420510757696 8.298887582925955 0 1 0
-13.9779000282 -3.127560019495 18.7142496109 0 0 0
-14.0131998062 -3.156049966815 18.71405029295 0 0 0
-13.9976997375 -6.92476987839 9.53553009033 0 0 0
0.44701867302233333 0.7601465185483334 11.221683343266667 0 0 0
-9.51722002029 -0.6820420026780001 6.27905011177 0 0 0
-7.122750878333748 -6.223265429338752 7.562811215719166 0 0 0
-5.291626763343749 2.1950507521624996 12.530610013010001 0 0 0
-12.267892250646154 0.8972997711254614 21.200261482830772 0 0 0
0.5451640039682499 0.7554654926065001 11.613800048825 0 0 0
-11.695838875227775 -7.20284165276389 8.648746649424446 0 0 0
-7.763179988077123 5.115046181090822 12.223365757563014 0 0 0
-17.048857939863158 -13.89018947199474 10.810710555631578 0 0 0
-30.31832747026363 7.579165458679999 1.2300599921836364 1 0 0
-40.9947013855 -16.6151008606 5.50881004333 0 1 0
-41.0312004089 -16.5681991577 5.52681016922 0 1 0
-2.993060112 -0.237790003419 15.8149995804 0 0 0
-3.2691039562219997 3.3353220224400006 5.3223640441899995 0 0 0
-17.37558021544 -10.306140136740002 8.377400016784 0 1 0
-3.1726535728992853 -0.6733138476098571 6.7817499978185705 0 0 0
-5.661120934919999 7.748963702808183 5.211510918356364 0 0 0
-10.0560998917 -11.5227003098 10.2940998077 0 0 0
-29.808975784862966 5.8427190515729635 3.7335390868009264 1 0 0
-6.656826257705001 6.941123604772501 5.665983736515 0 0 0
-13.272285733903573 9.267232707568928 10.258758902549998 0 0 0
-7.946234941485001 6.328452587127501 2.66716003418 0 0 0
-9.625262498856669 9.712214152018333 6.267073353133334 0 0 0
-31.684499740600003 2.1550317208 0.830533504486 0 0 0
-13.043299992866666 1.6915132999399998 9.088639895123334 0 0 0
-24.238339996328 9.2828497314456 10.162272033696 0 0 0
-5.789860182794831 3.278318947758966 12.46288276541035 0 0 0
-21.5421504974 6.32730507851 13.0281996727 0 0 0
-6.5848749876025 0.9886220097542501 1.642017483715 0 0 0
-4.8755536581336845 1.7015505464457896 12.468099995647371 0 0 0
-6.157690803210833 7.2424350579575005 5.194380084674166 0 0 0
-5.371343736295923 2.182236265253333 12.47643710949259 0 0 0
-8.639077585570508 0.7294500610050202 12.17685099037245 0 0 0
-9.599124227251426 9.116494451251429 6.214020047868572 0 0 0
-12.4659500122 -6.202209949495 8.481169700625 1 0 0
-28.589216550199996 8.333273410798332 9.892618338266667 1 0 0
-16.0778999329 -6.32646989822 5.4638299942 1 1 0
-26.10063362123333 -3.5712166627233337 11.531899770133334 0 0 0
-8.109781872142728 6.299124544317272 2.6219863674863633 0 0 0
-30.753283182774997 -0.0463594785347875 8.253677527110002 1 0 0
-11.801499843599998 -3.95851993561 19.7693500519 0 0 0
-27.298940467850002 -16.61625976561 8.784654045105002 0 1 0
-6.789067177544762 7.099974791208571 5.683611415680953 0 0 0
-4.687463363010001 3.6512200435000004 8.286033312478333 0 0 0
-7.043861321041428 5.866289956228571 5.468991483961427 0 0 0
-3.17477750778 1.8769474923625 1.17271000147 0 0 0
-7.063897821637777 5.857195642257778 5.588995509675556 0 0 0
-7.226436530671039 0.6951136839825852 12.357521336253045 0 0 0
-20.392524719225 -8.461717367175 16.43224954605 0 0 0
-16.116619777685 -13.4324151516 8.406801939009501 0 1 0
-30.09140014646667 6.2842300732966665 10.515966733299999 0 0 0
-16.80683332020278 -12.697058280311108 10.73197227054167 0 0 0
-9.833101060655556 11.094322098611112 6.586244424184445 0 0 0
-6.003144979475 1.89024502039 2.1995350122449997 0 0 0
-6.558457493781249 -3.1779650151737497 8.5398448705675 0 0 0
-16.412995986936004 -13.710032005319999 8.6601612091064 0 0 0
-6.914192008972 5.8607760429399995 5.4001520156880005 0 0 0
-16.344233194966666 -18.46720059713333 13.533200263966668 0 0 0
-6.667746543886667 8.247556686403334 0.023819067205 0 0 0
-7.597574949265001 2.458510041235 0.916166514158 0 0 0
-3.05081999302 -0.578355520964 15.608049869550001 0 0 0
-5.236902594565 6.7994475364675 4.17765510082 0 0 0
-6.206680025371428 9.207381384712857 3.1914714404514286 0 0 0
-21.33060010273333 -4.9734366734833335 11.610932985966665 0 0 0
-6.675031132166667 8.228361129762224 -0.10109643431175556 0 0 0
-25.69871234893749 7.11328705151875 9.27786294619375 0 0 0
-6.257884366171429 8.79463005065857 3.6964386190685707 0 0 0
-14.96019983295 5.28397011757 18.7319498062 0 0 0
-28.677749633799998 7.279969930649999 10.6249499321 0 0 0
-7.547858238220001 2.4384599924100003 1.0868650277433334 0 0 0
-10.75172295627952 9.736952954027712 8.305133762129879 0 0 0
-20.21750005086667 -10.032800038666666 10.104066848766667 0 0 0
-6.0348174572 0.7940915077925 2.354035019875 0 0 0
-13.271112186151221 10.307626863809753 7.302128559205611 0 0 0
-29.10419317881 5.801908365885334 7.681367365519667 1 0 0
-3.4204325675950003 1.1628550291075 0.29990424588349995 0 0 0
-7.68366804123 4.180175971984 12.599660110479999 0 0 0
-6.6099915504461535 8.77298773252 0.14664438653456924 0 0 0
-15.240900039666668 -14.774233500166666 6.98272339503 0 1 0
-16.972642762328572 -13.73607138225 10.35370002474286 0 1 0
-22.192600250233337 6.1770033836366665 12.637766520166666 0 0 0
-31.482125282299997 1.7834275066875 10.86485004425 1 0 0
-19.9351491928 5.9040651321399995 9.983035087585 0 0 0
-4.41512012482 0.8558824956415 7.4919598102550005 0 0 0
-15.0642995834 9.98159980774 11.3940000534 0 0 0
-17.5771999359 -9.99779033661 8.51908969879 0 1 0
-6.237714043834825 2.760681919884125 12.410656151015791 0 0 0
-26.851899623875 -2.44194251299 11.536149978650002 0 0 0
-13.5629997253 6.11333990097 12.0083999634 1 0 0
-4.8330175763085705 1.1904685667590476 12.438633373814284 0 0 0
-7.377110858759166 5.774889588357083 6.271529595056667 0 0 0
-8.059249877926002 5.932173919678 6.828326034548001 0 0 0
-6.9074750542625 5.70171624422 5.81322497129625 0 0 0
-14.141700172419998 3.5726719856240003 12.009320068360001 0 0 0
-3.179159998895 5.97648501396 12.440199852 0 0 0
-18.105827331554543 -7.603903640401819 11.575427315445454 0 0 0
0.13793402351455 -3.6721274852750003 12.41550016405 0 0 0
-3.47389998436 0.7816391944884 0.2219325989484 0 0 0
-28.379755761883338 8.314018355476664 10.337483406083331 1 0 0
-10.871928623742857 -13.181700161528571 9.091805730547144 0 1 0
-3.1297333240499996 2.55764667193 4.9050366083800006 0 0 0
-21.645280075080002 7.423136043548 12.12883987426 0 0 0
-3.0732866923016666 -0.14619405195118332 16.191133181250002 0 0 0
-5.97761011124 -4.63795995712 7.01361989975 0 1 0
-9.77408117406706 8.200623456169412 8.717842887428235 0 0 0
-2.8143775463099994 2.2364125251774998 17.384800434125 0 0 0
-11.0595498085 8.4246301651 11.9442000389 0 0 0
-6.145140012105 6.83034825325 1.4387216766666668 0 0 0
-14.6500997543 2.50152993202 8.9091501236 0 0 0
-8.043831083508888 -4.719372219511111 6.950018776786667 0 0 0
-21.0027008057 -11.6854000092 11.3535003662 0 0 0
-6.937855911254 1.719266009332 1.8817960262299998 0 0 0
-12.787964207785715 -17.197057179050002 6.805740015847857 0 1 0
-8.654516855873334 6.76656659444 7.983043352763334 0 0 0
-8.3212100664775 -8.9385108153025 7.872070034345 0 0 0
-22.682278633114286 6.336107151847857 16.713635444657143 0 0 0
-1.9055271489285714 -1.632737125667143 15.85448564802857 0 0 0
-5.80581665039 1.8571433424950001 2.730316638948333 0 0 0
-18.4592990875 6.53223991394 13.424200058 0 0 0
-0.6782559965337855 -1.388514995575714 0.6755763505187142 0 0 0
-19.070800145466666 -0.924857020378 7.41689348221 0 0 0
-13.764341751733335 -7.457611680030833 11.153400023783332 0 0 0
-10.702773696501747 3.2911692188495594 12.152753520428062 0 0 0
-13.29635000225 -2.066869974135 20.582750320400002 0 1 0
-4.5233385222299995 2.798951421467143 8.20720727103 0 0 0
-18.5361003876 4.01979017258 9.10373020172 0 0 0
-22.075475215925 -9.121647357939999 9.906630277635 0 0 0
-5.9427775144575 1.312937512995 2.7397987544525 0 0 0
-26.099937200525 5.73297631740625 11.120074987412501 1 0 0
-16.3875999451 4.04151010513 9.86608982086 0 0 0
-6.758472447125095 2.7325997240135855 12.386114201453777 0 0 0
-6.172362804414285 -3.368571485791428 8.520868573868572 0 0 0
-5.741998629136818 3.3188640962945457 12.516036250368181 0 0 0
-5.31544839859 2.8064956092832 12.529852066039998 0 0 0
-16.446719741819997 1.309946024418 5.705370950699001 0 1 0
-2.144464969635 -3.91271495819 8.177460193635 0 0 0
-0.373943001032 5.55625009537 11.5186004639 0 0 0
-4.65786436626 5.148840018682857 4.61244726181 0 0 0
-3.8468075394625 4.7158299684525 12.475899934775 0 0 0
-7.764356136321934 4.689511606770322 5.829602595297741 0 0 0
-3.376444419225556 0.4209308889176666 6.768502235413333 0 0 0
-13.862042972028572 3.558515684944286 12.02112851822857 1 0 0
-6.38144016266 -1.972925007345 8.43182516098 0 0 0
-4.7846574783325 5.86702501774 5.071841239927499 0 0 0
-5.272351053025555 4.805653307173333 5.116872257654444 0 0 0
-5.899154901499999 1.488534986975 2.365015029905 0 0 0
-20.607600529966664 9.88976319631 15.402333259566666 0 0 0
-25.319924950600004 7.2138156294825 9.77581441402375 0 0 0
-30.5170249939 5.6212699413300005 9.902415037155 1 0 0
-16.141299724559996 -13.040709924700002 9.064004468916503 0 1 0
-29.33019100536364 0.30373100123609087 10.575454451845458 0 0 0
-21.567799886066666 -8.416318416596669 15.7657667796 0 1 0
-29.047249794 -2.0624099969899996 10.83080005645 0 0 0
-28.875988006575 1.2086774855849998 9.9070774316775 0 0 0
-1.8169313192366667 0.19430153953533327 5.2730440139759995 0 0 0
-27.856966654433336 3.922343413033333 9.846190134683333 1 0 0
-29.894999980925 1.43974000215625 8.72741627693 0 0 0
-23.81610012055 -7.484375 10.09619998935 1 0 0
-6.5439848899849995 8.54189014435 4.4519500732449995 0 0 0
-22.211742673585714 -6.1347599710728575 10.7025427137 1 0 0
-7.207034111023999 -4.5907160759000005 7.744801998136 0 0 0
-7.75780010223 5.97711992264 5.94772005081 0 0 1
-28.8049750328 -5.964382529257501 9.1184778213525 1 0 0
-14.121342795242857 -16.313471385414285 7.531978539057143 0 1 0
-8.402055593637694 -9.721746719799615 8.616865396499422 0 0 0
-5.759951205089137 2.6580129368553456 12.445148287148276 0 0 0
-18.63420009615 7.5268599987049996 16.274550437949998 0 0 0
-12.715898291270003 -11.17724998792167 7.329746357600168 0 0 0
-12.9410800934 -11.1126598358 10.29323997498 0 1 0
-13.287000179300001 -13.70360040665 8.075395107270001 0 1 0
-2.818725688117143 2.7170499733514286 6.611548491888572 0 0 0
-5.2056620121 -5.322903060914999 7.028371000289999 0 0 0
-22.419632593766664 6.97091325124 12.171999931333332 0 0 0
-24.010999679599998 -9.89959001541 9.556200027465 1 0 0
-25.5454998016 3.28357005119 11.5459003448 1 0 0
-1.25962996483 -2.73812007904 11.0954999924 0 0 0
-18.705524921412497 6.369405031205 12.381275057787501 0 0 0
-24.62078252046087 7.7005303838982595 10.68444774462174 1 0 0
-6.086406707765001 6.945028384526666 7.365799903870001 0 0 0
-11.5787000656 -1.79241001606 21.0170993805 0 1 0
-2.0062799453749998 -1.33698999882 15.871200084649999 0 0 0
-28.66155967712 -7.312031936644 1.187300014494 1 0 0
-6.70756006241 4.06311988831 7.02293014526 0 0 0
-6.1172350049025 7.7165443897250015 2.691881224513125 0 0 0
-5.853495998381199 -2.386308412552 8.4609947967524 0 0 0
-11.4914402008 -7.22859802246 8.31928806305 0 0 0
-6.3110649585725 2.5874375700925 3.060887515545 0 0 0
-6.119967520238751 8.808277606965 3.24615249037625 0 0 0
-12.770944489366666 -1.387323339781111 22.337633344855558 0 0 0
-12.6731004715 -5.98130989075 4.63413000107 0 1 0
-5.327434119055588 3.2009797166364713 12.559373490944116 0 0 0
-28.492099762 -17.467300415 13.5314998627 0 1 0
-28.305699825300003 -17.3867497444 13.285200118999999 0 1 0
-11.858228547228572 -13.741271291457144 10.7254858017 0 1 0
-11.9317331314 6.48968331019 9.34677664439 0 0 0
-4.751877625782331 1.820975001652667 12.538529904683337 0 0 0
-25.102033615133333 -4.92222674688 11.032800038633333 0 0 0
-1.2230666875866667 -2.9056133429166664 6.0703667004933335 0 0 0
-17.810776542217646 -12.240347132964706 11.09572943519412 1 1 0
-5.21422880888 -7.93648377060875 8.636728107929375 0 0 0
-4.03943514824 5.55725002289 3.66003000736 0 0 0
-5.34540296483926 3.1718666376881477 12.454477804670368 0 0 0
-18.362574577325 5.41995000839 10.587174892425 0 0 0
-0.6527143214878949 5.77883105529 2.1808099997678947 0 0 0
0.3134187741412222 -2.7939166492888887 11.271544350522221 0 0 0
-22.5949254036 6.91805994511 12.149874925625 0 0 0
-2.5552649497999997 -7.089219808575001 13.5738501549 0 0 0
-26.194100062033332 -9.617523511253333 8.206003506976666 1 0 0
-16.29388872783333 -18.781844457000002 13.463355594222222 0 0 0
-0.5589081446329525 -0.27616899850819043 8.782054719469523 0 0 0
-0.7643544971945 5.732219934465 1.98345500231 0 0 0
-27.897500038125003 6.099132537839999 8.46988749504 0 0 0
-11.615675091737499 -12.76646244525 9.724382519721251 0 1 0
-13.9586000443 -3.01268005371 17.4846992493 0 0 0
-6.5448600451133325 8.620350201923335 4.6506965955099995 0 0 0
-19.4433994293 -9.06385993958 17.0799007416 0 0 0
-7.20743278177768 2.7322104820395126 12.229278064359757 0 0 0
-3.2735011858100003 0.771196824662706 6.773900003994118 0 0 0
-14.2197999954 0.523177981377 21.0926990509 0 0 0
-27.94515037535 0.628734499216 9.922399997709999 1 0 0
-13.183279876712003 -12.10348796844 10.229508018491996 0 0 0
-12.758150100725 -2.650152504445 19.275899887100003 0 0 0
-6.177246974063847 2.815293036975384 2.7377769030053845 0 0 0
-0.51762098074 9.95639038086 0.899600982666 0 0 0
-15.225420487235901 10.585499934666666 6.675415613712564 0 0 0
-12.74522954767727 -16.748615915122727 7.329637950117274 0 1 0
-3.1259799997008337 5.073951681453333 6.393830895424166 0 0 0
1.86391714641 4.753517150881428 12.456157139357142 0 0 0
-5.229129314420667 3.157484674453334 6.363042672473332 0 0 0
-25.34412069881471 7.317757957121764 8.219182912040884 0 0 0
-32.7903995514 -1.7073574960225002 10.566600084274999 1 0 0
-32.7540664673 -1.4126499891266668 10.588199933366667 1 0 0
-12.4437999725 -9.93445014954 6.67692995071 0 0 0
-19.6144003868 6.52142751217 12.418799877175001 0 0 0
-6.856088320416667 6.1274399757383335 5.360098361968333 0 0 0
-16.736500017572727 -7.479508212119393 10.135715080036363 0 0 0
-5.371425043452728 2.7393608851872724 12.472918207000005 0 0 0
-7.352401097616667 5.683608902825555 23.765822304633335 0 0 0
-11.9447002411 13.2220001221 5.48240995407 0 0 0
-12.0142498016 13.2879500389 5.4709250927 0 0 0
-0.5288499891755 9.77758026123 1.0040850043299998 0 0 0
-14.227857699757694 9.104365128736925 9.230349687428845 0 0 0
1.463475966454 3.8710260391219995 7.322119998933999 0 0 0
-24.290699720387497 9.684931278228749 10.067050099387501 0 0 0
-24.3003997803 9.74631977081 9.96356964111 0 0 0
-9.758283297223334 10.425299962366667 6.373163223266666 0 0 0
-16.88682972942963 4.224951867703704 11.859622178255556 1 0 0
-14.8232002258 -11.2177000046 11.039899826 0 1 0
-25.666728564671427 9.867876461572143 9.859740597862142 1 0 0
-13.628283341733335 5.2752182483666665 19.156016667683332 0 0 0
-0.4499278176913636 9.276592688127273 0.8021230968562727 0 0 0
-28.4849500656 4.176934957505001 6.970784902575 1 0 0
-23.81859989166 -7.6971020221719995 9.756724071503 0 0 0
-13.9722003937 4.65903997421 12.0069999695 0 0 0
-11.87996006012 -13.64265995028 10.26790008546 0 1 0
-18.20676006741111 -6.766166867150221 7.763807339138001 0 0 0
-14.0747995377 7.36071014404 10.473400116 0 0 0
-7.667878389356666 3.331941644351667 6.884691635768334 0 0 0
-19.237514535589586 -13.762997885550005 11.344014604889582 0 0 0
-12.3391504288 -2.551980018615 21.2031993866 0 0 0
-10.78294992445 4.761880159375 11.96875 0 0 0
-12.1076002121 -7.08751010895 5.45003986359 0 1 0
-5.709633350373333 7.113068342208334 3.914071679115 0 0 0
-1.32027995586 -2.81547999382 9.60503005981 0 0 0
-29.409111022922225 4.8874900076111105 9.221296734281111 0 0 0
-20.5196990967 5.03988981247 12.906999588 1 0 0
-11.6133124828375 7.900883734225 9.737292408942501 0 0 0
-20.309120559680004 9.912253952028 15.64902000428 0 0 0
-5.429007907708333 -2.3450420796862494 8.628776629765001 0 0 0
-0.545987010002 9.342925071715 0.63009801507 0 0 0
-17.09814684508197 4.298822528026393 11.268050803514752 1 0 0
-24.6478996277 -8.39938322703 8.046479860943334 1 0 0
-26.102533340466668 1.0679000020033333 10.405233065283333 0 0 0
-0.474765494466 9.512845039365 0.824270993471 0 0 0
-14.63153991698 -2.7052719593059997 18.05851974486 0 1 0
-6.158158647603102 -4.816913407424827 6.9063027316124135 0 0 0
-15.276033360015937 10.772495615315947 6.283175668854203 0 0 0
-6.939825057985001 5.3538300991100005 7.212409973145 0 0 0
-20.277299880980003 9.879346084594001 15.43190002444 0 0 0
-0.22623299807324998 -3.7041100859675 14.054399967175002 0 0 0
-0.435663795471 9.77419013977 1.071710014344 0 0 0
-9.861216545106666 10.548533121733334 7.628859996796667 0 0 0
-8.047789982384286 -4.666480064392857 7.0738214084071425 0 0 0
-17.8565998077 2.4855799675 9.75224018097 0 0 0
-0.42796199520433337 10.119666417433333 1.1509333451600001 0 0 0
-17.727022890180326 -7.436121307435901 6.654823772242951 0 0 0
-18.6697006226 5.52222013474 10.5311002731 0 0 0
-4.923117488623125 -8.34266632795375 8.812781333923125 0 0 0
-0.382250999411 9.326026598611667 1.0536899765316667 0 0 0
-11.8597002029 -7.06772994995 5.49517011642 0 1 0
-7.411056598028334 5.409235000608333 6.676218350730001 0 0 0
-12.860234144258534 -7.34461488956366 7.22762538165561 0 0 0
-25.71244239806667 7.159442713766061 6.767933614325757 0 0 0
-17.3782817125375 -8.80393439531375 11.397806167606248 0 0 0
-3.309163613751819 -0.742555081844182 5.3117436495699994 0 0 0
-5.339472007752 3.3886479854600005 5.261611938473999 0 0 0
-0.72220849990825 -2.6520550251 13.768175125125 0 0 0
-13.173500061 -0.967346012592 21.3964996338 0 0 0
-13.1822004318 -1.01275002956 21.4447002411 0 0 0
-29.19954814229643 5.281351080962856 8.262878145489823 1 0 0
-28.117069776669766 6.175802086674883 8.748017000597208 1 0 0
-20.74629090049091 10.272945490754545 10.920763709327273 0 0 0
-20.860516866033333 10.272850036633333 11.049650192283336 0 0 0
-14.222327319072726 -0.7575935504653636 21.933054490518177 0 0 0
-5.424160003663334 7.043506622313333 3.9083700974766664 0 0 0
-3.946350029535714 5.311047213417143 3.6534328460700003 0 0 0
-20.0762004852 8.96940040588 10.9938001633 0 0 0
-13.193440914168184 -10.827763600781816 7.5202818133618194 0 0 0
-12.57657932412069 -10.175713835089656 7.585547562303447 0 0 0
-3.9151820182800003 -1.926072001456 5.883285903932 0 1 0
-6.162543964388 4.265359973908 5.399382019044 0 0 0
-18.292566299466667 -10.288566589366665 8.5309899648 0 1 0
-22.241149902350003 -6.37246990204 10.4598503113 1 0 0
-29.1212501526 -19.914499282850002 9.080949783325 0 1 0
-15.745299980045317 9.727720826864374 7.744553603232032 0 0 0
-0.4301695738521429 -2.8764957019257147 9.263155800955714 0 0 0
-5.588064098358 -1.906408023834 32.39296035764001 0 0 0
-5.383004324777142 -1.8826657022728572 32.28497150965715 0 0 0
-26.168800354000002 -10.21862030028 8.736662101743999 0 0 0
-19.3064002991 3.47733998299 9.89167022705 0 0 0
-2.794570088385 -1.5133050084150002 5.835649967195 0 0 0
-13.1310248375 -2.3504850268375 19.160650253300002 0 0 0
-3.784231157864118 -2.154065286411765 5.773437668295883 0 0 0
-24.017033894833332 -9.370750109353333 9.398896535236668 1 0 0
-18.127211464766667 5.230511082542224 14.240310986833334 0 0 0
-18.399566014633333 6.55364004771 13.590833346033333 0 0 0
-28.067450046525003 -9.132307291035 9.7016699314125 0 0 0
-3.64001989365 6.51093006134 11.6211004257 0 0 0
-15.896388795633335 11.886455535866666 8.594478819105554 0 0 0
-19.217725276925 -10.3377251625 12.54782509805 0 1 0
-14.1005001068 8.97764015198 9.55976963043 0 0 0
-2.614674925805 3.09326004982 5.339215040205 0 0 0
-4.82451799360339 0.7453319996090338 12.410884695533902 0 0 0
-22.6267999013 6.295306682586666 10.3724333445 0 0 0
-13.75603377974741 -13.334237656038322 9.766148139904349 0 1 0
-17.61225032805 -10.3313498497 9.112775325775 0 1 0
-31.796374797825003 -13.8780500889 0.98610849678525 1 0 0
-2.2564823965059304 -0.247214256159454 12.45037876399203 0 0 0
-18.546499252325003 -0.155525398440625 7.926200151442499 0 0 0
-23.645186614986667 6.787082672118666 16.72343343099333 0 0 0
-14.219635105125002 10.059705066689999 7.582555985450999 0 0 0
-14.76191609905806 9.59122897732645 8.111680707624839 0 0 0
-8.82398748398 8.10733485222 5.0854650735849996 0 0 0
-15.743835809096224 10.162026387345284 7.190218826510001 0 0 0
-17.7199455608 11.816709258336363 17.31791825726364 0 0 0
-9.36992263793875 8.30436635017375 5.79567617178 0 0 0
-26.7912998199 0.690533995628 10.488699913 0 0 0
-20.337319564819996 -9.680341911313999 12.64368000032 0 0 0
-27.583799839025 6.6434974670399995 11.241399765025001 0 0 0
-26.3633664449 -8.209926605223332 7.6253034273799996 1 0 0
-2.6703099608425 2.76420992613 5.7542774677274995 0 0 0
-2.72145497799 2.755036671955 6.245578368503334 0 0 0
-14.193149805074999 -0.33779049664750005 22.664974689475002 0 1 0
-13.9937000275 -0.195428997278 22.8215007782 0 1 0
-19.425100326533332 12.434966405266666 14.948533376033334 0 0 0
-7.892849016190999 -4.647167110445 7.048131036759 0 0 0
-8.220006084442002 5.8234360218039996 2.186158013343 0 0 0
-10.091087480393748 1.7611777111885412 12.21867291132917 0 0 0
-24.2350997925 5.29425001144 11.4923000336 0 0 0
-6.97652006149 3.1683449745149996 11.9822998047 1 0 0
-15.298274570046036 -7.33870191422762 7.722019975147616 0 0 0
-1.8762929916370001 -1.7612339973459998 16.21406993867 0 0 0
-14.29669397527576 -7.453063935944848 10.134400136542425 0 0 0
-5.851495027545001 7.460915088655 7.6795499324800005 0 0 0
-5.384713172913333 10.792133331299999 5.421579996743333 0 0 0
-25.162866804322224 9.768327818976667 10.563266648177777 0 0 0
-6.632959938049 8.331935977935 6.860622024535999 0 0 0
-21.787239837639998 -4.629057884216 8.665341949462 1 0 0
-11.4927997589 7.9082698822 9.8731098175 0 0 0
-22.0270996094 -7.4974899292 10.4089002609 0 1 0
-11.85949082809091 -13.118381760354545 10.695018161418183 0 1 0
-9.752770571027137 2.7557552065165702 12.249732562476574 0 0 0
-28.9839992523 -7.08147001266 8.93397045135 1 0 0
0.38288542841152384 3.706623315811428 0.26170886551879474 0 0 0
-19.651300112411107 -8.893075466156112 10.276638931705556 1 1 0
-19.535900116 -2.95409011841 9.29932022095 1 0 0
-23.292525053025 6.44406247139 12.16562497615 0 0 0
-12.397585732600001 -11.06850011007143 7.207859992981428 0 1 0
-2.49071002007 2.95047998428 5.46329021454 0 0 0
-6.47440004349 1.39766001701 0.947660982609 0 0 0
-4.8450077904605555 2.68954331345 5.784416675567222 0 0 0
-6.35439503193 9.863209962845001 4.85873246193 0 0 0
-5.215553413737274 1.788529100743636 12.561952265825 0 0 0
-16.24951950709167 -15.237005578144444 7.747453358438055 0 0 0
-8.267687129973002 6.151858997345999 2.3527219772340002 0 0 1
-7.223595142364999 5.424664974215 8.549884796145001 0 0 0
-3.6362285614014285 3.269382851464286 2.0987614222914286 0 0 0
-17.830975055699998 7.35520493984 17.39044952395 0 0 0
-42.445350646975 -14.767974853525 5.6349774599049995 1 0 0
-16.62114009858 11.74672985076 9.589288997651 0 0 0
-11.354966799433333 -0.629190325737 22.2645333608 0 0 0
-12.675338451684613 -15.287461427523077 7.471120797670769 0 0 0
0.6794195686068571 2.9117985793528574 12.623285702271431 0 0 0
-13.88859004974 -13.47028017044 9.452145957947 0 1 0
0.19151717051846665 -3.43031334877 12.458633422866667 0 0 0
-29.76297133308572 6.312148571012857 9.921986988612858 0 0 0
-30.20013300578334 -15.91783332825 8.26116657257 0 1 0
-30.3950004578 -16.0604991913 8.41351032257 0 1 0
-27.085728509099997 -8.372041429792857 8.607372828891428 0 0 0
-17.155256816314285 3.7948228631700003 9.462765693665714 1 0 0
-18.752449989299997 8.107065200805 13.51690006255 0 0 0
-18.741866429633333 6.59249019623 14.1276664734 0 0 0
-23.6119003296 8.50312995911 11.0150003433 0 0 0
-20.319600105275 6.032070040704999 15.526124954225 0 0 0
0.25387543968607734 8.249943179469353 0.7170565820509356 0 0 0
-16.61958642439546 -15.11516354300909 8.34049367904591 0 1 0
-42.405366261766666 -14.660166422533335 6.855476697283334 1 0 0
-42.2749010722 -14.1974000931 6.824603239696667 1 0 0
-3.2358300447469994 2.8751294851305 1.8183964908130001 0 0 0
-24.4715995789 -11.0553998947 8.12707996368 1 0 0
-17.697716395066664 -10.090899944316666 8.37966998418 0 1 0
-15.881979942320001 11.942240142820001 8.43529586792 0 0 0
0.5862399935725 -2.1588100194899997 13.774600029 0 0 0
-25.673519897440002 2.5459980487819998 11.12525997162 0 0 0
-10.299178310069564 9.812506924505 8.239946925121956 0 0 0
-0.00596660980955 0.753799021244 10.4720001221 0 0 0
-18.185100078575 -12.884000301375 11.609950065625 0 0 0
-0.755593985319 7.06482005119 12.7158503532 0 0 0
-14.32467994688 11.069300079319998 5.948905944826 0 0 0
-18.276550292975 -14.885825157149998 10.866075038925 0 0 0
-6.52076005936 -1.99006998539 8.35400009155 0 0 0
-16.767661461453848 3.917501522943846 10.248446097738462 1 0 0
-5.266459994845556 3.2805411285833332 6.618161148495556 0 0 0
-1.8903066317233332 -1.4547166426966667 16.78936640423333 0 0 0
-30.320619964580004 0.954407799244 9.118368148804 1 0 0
-16.677799860666667 7.414026737213334 11.135599772133332 0 0 0
-6.763320467688866 -5.219678391109318 7.349467949433862 0 0 0
-16.577799797075002 11.465249776849998 10.0734500885 0 0 0
-8.408969025863687 -9.090485271654737 8.194107356823684 0 0 0
-10.9637002945 -13.5274000168 9.00113010406 0 0 0
-16.529250144949998 -0.37426124513125 6.5076649189 0 1 0
-27.911321503785707 7.717888627732857 8.736162798745001 1 0 0
-16.8281200409 14.0871202469 17.90021972656 0 0 0
-16.399885722557144 -19.08644321987143 13.344899995 0 1 0
-18.561000824 -2.99114990234 8.97937011719 1 0 0
0.11772081814705454 7.827528173275454 0.624132541092909 0 0 0
-24.788433074949996 6.539898236591667 11.303850173949998 0 0 0
-15.252898323917739 10.18777098194032 7.236844008968387 0 0 0
-24.4081993103 -11.2050499916 7.97994017601 1 0 0
-11.3746995926 7.46706008911 11.0216999054 0 1 0
-32.8053003947 -12.703016757983335 8.894356568655 0 1 0
-4.02837252617 -2.18304002285 5.8694750070575 0 0 0
-5.406937252392727 3.682583635503636 12.488636276927274 0 0 0
-6.663976568924211 -9.29237518812395 8.635355823918946 0 0 0
-7.382952531179169 3.245052099228332 11.8941541512875 0 0 0
-4.0457833608 4.751079877216667 1.6180333296466667 0 0 0
-17.0576000214 2.34103989601 9.45734977722 0 1 0
-14.1736000061 -16.53111953736 7.248640060424 0 1 0
-17.6861991882 11.0102996826 9.92331027985 0 0 0
-20.45610046385 5.12821507454 12.9482998848 1 0 0
-20.4249000549 5.07089996338 13.0451002121 0 0 0
-15.953249931350001 -1.212085008625 5.05872988701 1 0 0
-20.2198009491 -13.3691997528 12.5619001389 0 0 0
-25.45686035156 9.88002605438 9.959662246704 0 0 0
-4.02101993561 -1.99575996399 5.93501996994 0 0 0
-7.923664975165998 5.75819644928 9.330185127259499 0 0 0
-3.372827731646154 5.758865283086924 4.740613130422307 0 0 0
-17.24050739832857 -18.683185713635712 14.264585699357143 0 1 0
-0.30945099890250005 -2.73908495903 14.35520029065 0 0 0
-19.369958786742853 -9.322504785326505 10.267009508039685 0 1 0
-28.19517162868571 6.201347146717142 10.414257049571429 1 0 0
-25.56373320686667 9.30791791280111 10.358299785188889 1 0 0
-16.72350583757815 -7.389938642998738 8.199968257871936 0 0 0
-0.9072713454563334 -2.947196642556667 13.256466865566667 0 0 0
0.7324559944017144 5.229410035271429 12.609700066714286 0 0 0
-4.64094746112875 2.17171624302875 12.5881124734875 0 0 0
-5.8413233757033325 7.607356627783332 7.633716583251666 0 0 0
-21.7777004242 6.03530979156 11.002699852 0 0 0
-14.248618125924242 11.095351565963634 6.184070933948787 0 0 0
-8.54397010803 -5.52963018417 11.9955997467 0 0 0
-17.731397537959523 -7.451488324574287 11.256311848052379 0 0 0
-17.2954998016 3.00504994392 9.55941009521 0 0 0
-17.2964000702 3.03693008423 9.49752044678 0 0 0
-11.812050024666666 -12.665750026700001 9.412683169048334 0 1 0
-6.132297255774545 7.0854791294436374 7.189022714442728 0 0 0
-18.5440998077 -3.084660053255 8.841944694515 0 0 0
-11.698470020300002 -3.3665470361720002 22.215719604489998 0 1 0
-5.764011955262001 2.697308015822 12.53155994416 0 0 0
-12.253184218152631 12.295563246073684 6.21487943749684 0 0 0
-3.305050929387618 2.1737590517319054 1.8072876192280956 0 0 0
-11.62572310521923 6.438002329605382 9.871711474198845 0 0 0
-3.4908798933050003 0.4391725063325 0.3802910000085 0 0 0
-18.8852005005 5.53625011444 10.3196001053 0 0 0
-10.273433367422223 9.389977984956667 11.1368665695 0 0 0
-27.054599762 -16.9621505737 12.38215017315 0 1 0
-27.18929958345 -17.0846004486 12.2716503143 0 1 0
-6.419677963257601 -4.125646839141201 7.680955543518003 0 0 0
-11.72916801452 10.41222000122 7.368628730772801 0 0 0
-11.741807309590245 10.145209707863417 7.715334159571465 0 0 0
-25.7935504913 -7.473349809645001 7.495425224305 0 0 0
-2.2512379084059693 -0.6561816592715226 12.435289596440295 0 0 0
-35.286399841350004 -4.963340044024999 10.18865013125 1 1 0
-0.07211222925354287 0.6695165634155715 4.629931381768571 0 0 0
-13.26058006285 10.55737009047 7.073784971239 0 0 0
-10.5171003342 -9.51570987701 9.77278995514 0 1 0
-0.959556996822 -3.50516009331 13.4511995316 0 0 0
-3.2342450320712497 6.7517837285999995 4.71145749092125 0 0 0
-4.745662212372221 5.5563110775433335 12.534466531533333 0 0 0
-4.71460008621 5.62323999405 12.4837999344 0 0 0
-16.876525402075 -12.251200199100001 11.550150156025 0 1 0
-7.65346503258 4.225154876705 7.841794967655 0 0 0
-15.9689998627 0.167609006166 10.494099617 0 0 0
-13.75732561258461 -7.4322115091187175 11.67341797168718 0 0 0
-28.9405994415 -8.58996963501 10.5044002533 1 0 0
-28.79085006713 -8.718393039702999 10.284789848330002 0 0 0
-6.762281086133913 -5.8333509072019565 7.342476523441958 0 0 0
-21.3794994354 -5.04039001465 11.6091995239 0 0 0
-11.758600234966666 -7.2535767555233335 11.160533269266665 0 0 0
-11.949266433733333 -3.76742005348 21.846333185833334 0 0 0
-7.032475948336 7.790363979342 7.6752820968640005 0 0 0
-29.737649917625 -5.3571949005125 8.7671399116525 1 0 0
-26.313158902254546 7.209536292336818 8.710312843322273 0 0 0
-10.5347003937 2.95994997025 12.1752996445 0 0 0
-0.22752981632954547 -2.5695954886336363 7.099810947070909 0 0 0
-18.502199173 -1.74652004242 7.70612001419 0 0 0
-28.939800262466672 5.431926727293333 7.746170043943334 1 0 0
-10.238227682597744 3.2567024257894346 12.220909043220898 0 0 0
-15.281261898223807 10.42791906992381 6.894627116975714 0 0 0
-16.948799981011113 -13.64025550417778 9.532177819146666 0 0 0
-12.0681500435 7.511209964755 10.13565015795 0 0 0
-12.40617483855625 -14.7637563347875 7.886676251887498 0 1 0
-5.38575002551 -2.68586558103625 8.614141345023125 0 0 0
-25.1662998199 6.99138021469 9.92634963989 1 0 0
-29.025340270980003 5.535989952088 8.383803939820002 1 0 0
-23.9792995453 -9.27618026733 9.46170043945 0 0 0
-14.214210236516667 -14.095115732262965 8.16595383043639 0 1 0
-19.31879997253333 5.7747000058466655 13.433800061566666 0 0 0
-16.4214000702 11.156999588 12.4802999496 0 0 0
-8.304078647067143 7.593361513955714 8.299114363532857 0 0 0
-3.3214166959116667 4.73621670405 1.4092700084049998 0 0 0
-3.51671504974 2.392019987105 0.394915997982 0 0 0
-22.179528100142857 -5.908869947707143 11.124285697957143 0 0 0
-8.183828883702223 3.4223510689199994 11.880055427555554 0 0 0
0.686784982681 -2.89858007431 13.682100296 0 0 0
-29.5002002716 -5.68762016296 9.03489017487 0 0 0
-5.5332286698471425 1.7285042660585714 12.510042735499999 0 0 0
-12.3155002594 6.6026301384 10.0187997818 0 0 0
-13.70288460071538 10.544123062723077 7.040169165683846 0 0 0
-18.1679801941 -18.56887931824 13.837039947540001 0 1 0
-5.02672322591 5.061270078023333 3.458816687266667 0 0 0
-0.32482908129696 1.6708343935016001 8.224234809874801 0 0 0
-23.694957188199997 -0.24082686007014284 10.8045714242 1 0 0
-9.44044017792 7.69668006897 8.43750953674 0 0 1
-6.6999357184585735 -9.721787569474488 8.66000157959592 0 0 0
-11.210783481600002 -14.066616694141667 11.321925004325001 0 1 0
0.17332699894899997 -2.1893499692266665 7.0312132835400005 0 0 0
-0.4020756065846 0.34774181768318 8.074824142457999 0 0 0
-26.2850499153125 -14.691874861699999 11.3230625391 0 1 0
-17.4913005829 -1.83112001419 7.49869012833 0 1 0
-4.864474455517778 5.092069996727777 3.689346657858889 0 0 0
-11.97952485085 -0.85506623983375 21.271325111375 0 0 0
-0.2451151969534 -0.43624183038883335 7.653638362886667 0 0 0
-15.19947004319 -13.573110103609997 8.504819011688001 0 1 0
-24.42510032655 6.453170061110001 10.98890018465 0 0 0
-2.9163615336788458 -0.7959636908311539 5.730108077710384 0 0 0
-3.6127429962159994 -0.43736159801489993 7.115502023696 0 0 0
-2.01368999481 1.18345999718 6.03799009323 0 0 0
-18.542200088466668 9.16808668772 10.098066329966667 0 0 0
-18.5527000427 9.09068965912 9.95969009399 0 0 0
-12.6352996826 7.679379940035 9.477125167845 0 0 0
-23.075844234866665 6.387233310276667 17.20755534701111 0 0 0
-21.4930000305 7.67260980606 10.4764995575 0 0 0
-26.253900528 -8.97972011566 8.52849960327 0 0 0
-11.873553403222223 -10.137100028980003 7.752475982242443 0 1 0
-14.3675999641 -2.844859957695 18.0397005081 0 0 0
-29.034899711599998 -6.08534502983 9.0371799469 1 0 0
-14.616729630362965 -14.040829552544444 8.05727259317963 0 1 0
-30.9678001404 1.27468001842 10.0878000259 1 0 0
-15.9795999527 11.1451997757 13.0142002106 0 0 0
0.8472762048243 7.754006052016 0.863598191738 0 0 0
-14.657543046114286 7.151510034288571 23.217985970657143 0 0 0
-1.552145004275 -0.10663674771775 5.804164886475 0 0 0
-2.946250041326666 5.689189910890001 1.8948800166433333 0 0 0
-2.9270317987963637 5.216674544595454 1.8650890805509093 0 0 0
-0.2724109962585 0.557903498411 7.877120018005 0 0 0
-10.869050025925 -0.843377992511 23.133850097650004 0 0 0
-10.900233268766668 -0.779433985551 22.909233093233336 0 0 0
0.263186454773 -0.21069819276991816 10.23706366800909 0 0 0
-16.351233164433335 1.52025338014 19.228566487633334 0 0 0
-17.4213663737 11.868999799100001 17.781299591066666 0 0 0
0.867293169101 7.821449995039999 1.0877166589116667 0 0 0
-28.835833549483336 -7.84275841713 9.798418521879999 1 0 0
-26.628425598125 -8.808467388155002 8.387714862822499 0 0 0
-12.5611000061 -2.397100051243333 11.300766627000002 0 1 0
-0.2860015009841666 0.6625751654306666 8.202306588491668 0 0 0
-16.38270371048519 -14.801066751840741 8.147747746220743 0 0 0
-17.0877127647375 5.33968752622625 14.360850095750001 0 0 0
0.46937670877985715 1.2364142962885716 6.599098546164286 0 0 0
-2.956225967408 1.7242340326299999 0.708319604397 0 0 0
-9.278305053715 7.872630119325001 6.107535123825 0 0 0
-4.233143901826 5.819626045228 5.178365898134 0 0 0
-22.573985781 7.240921497344287 11.803928511499999 0 0 0
-7.3783078193666665 7.674285517798889 8.310425652398887 0 0 0
0.19750433332377776 0.7892401152184445 4.851528909471112 0 0 0
-18.6697006226 0.498742997646 7.33555984497 0 1 0
-5.142779986063332 3.390766700106667 4.084813276923334 0 0 0
-4.3119999170325 5.5869849920275 12.528749942775 0 0 0
0.3004749938845 -4.288379907605 13.25075006485 0 0 0
-9.55463027954 10.3868999481 6.99265003204 0 0 0
-6.101584911345 6.6621199846275 33.064424514775 0 0 0
-13.4028749466 -8.036375045775 10.136149883275 0 0 0
-8.16469633579 3.635301291945 11.933487415325 1 0 0
-5.481315135955 -3.2340949773750003 8.510534763334999 0 0 0
-26.77884960175 -3.5220500230800003 11.1546998024 0 0 0
-12.218430532349997 -10.331666641766661 7.392097214857221 0 0 0
-11.9847002029 0.98863697052 21.3036003113 0 0 0
-3.070470896634546 5.144478147680001 6.652248252520908 0 0 0
-6.99410009384 6.01922988892 5.56606006622 0 0 0
-11.6373996735 -3.00348997116 20.0097007751 0 0 0
-27.93118317921667 6.121534983318334 8.773681799569998 0 0 0
-13.769915731326316 9.418017839131581 8.418802662901053 0 0 0
-24.5341005325 -7.23606991768 6.679914951325 0 1 0
-5.086799939473333 3.67228333155 3.93321331342 0 0 0
-27.60653991702 -15.266260147100002 11.7708799362 0 1 0
-16.4454751014875 -18.8358876705125 14.118012666712499 0 1 0
-29.9548333486 1.2912066777533335 9.155816713966667 0 0 0
-23.5029001236 -9.42165517807 6.506350040435 1 0 0
-1.3077675104150002 7.226936658224166 10.816033363341667 0 0 0
-13.13232002258 -1.2159839868539999 21.8415599823 0 0 0
-2.0486249923699997 -1.6815699934950001 17.0261001587 0 0 0
0.5368001840332728 0.8349510810591819 7.245200070468181 0 0 0
-6.8191000938420006 10.62285995484 8.903022193908 0 0 0
-2.14207005501 -0.00476656015962 14.8866996765 0 0 0
-13.734539497723256 11.109588312544185 6.198901409326976 0 0 0
-17.114510866677218 4.322332863760693 11.726698998179211 1 0 0
-16.722449893035716 -7.4462009270980944 11.601109550111905 0 0 0
1.01121997833 -0.503978013992 16.352399826 0 0 0
-19.346934000633336 6.492683251696666 13.206166585299998 0 0 0
-11.783260651989282 11.192857129235714 6.33657748358607 0 0 0
-10.705283323916666 -11.196895956983335 5.23176455497625 0 1 0
-9.46632003784 9.68739032745 7.10688018799 0 0 0
-2.92180991173 5.52737998962 5.74877023697 0 0 0
-8.868475914004 1.42638003826 11.42300014496 0 0 0
-16.76499071988182 -18.804245688700004 14.266199978909093 0 1 0
-4.767265383403333 6.146730041504001 4.777149327595999 0 0 0
-27.1065998077 -8.46140956879 9.51204013824 0 0 0
-16.75567224291111 -11.106499936844443 9.803394900428334 0 1 0
-29.149339675919997 -7.587966060638 8.802507972715999 0 0 0
-11.395250082 12.0069003105 6.1487174034150005 0 0 0
-3.159236590066667 -0.432433327039 5.761030038196666 0 0 0
-6.219817956288 6.608935292561333 5.394803333282667 0 0 0
-23.5140991211 -9.17837047577 10.5293998718 1 0 0
-14.958236347545453 -10.153309041800002 10.64428190750909 1 0 0
-11.64335012435 -10.39935016635 6.1377151012399995 0 0 0
0.506793022156 5.45503997803 3.56813001633 0 0 0
-3.2852250337599997 5.96554493904 12.52334976195 0 0 0
-3.2015593963505897 0.3299977535737792 12.53226176430441 0 0 0
-21.7410772497 -7.254331350326819 11.1766409007 0 1 0
-6.1095199585 7.63078022003 7.62578010559 0 0 0
-15.270390857345454 7.197605436498183 21.170763535936363 0 0 0
-28.15385055545 -0.0525985006243 10.615300178550001 1 0 0
-6.339430059704286 5.136357171195713 5.624309948514286 0 0 0
-25.958000183099998 -16.0335006714 8.555960178374999 0 1 0
-0.620032543486 -0.8286007317628182 8.73126368089 0 0 0
-4.293710072836666 5.588326613106667 12.448099772133332 0 0 0
-12.786010347568967 -11.089875878965515 7.560790719657584 0 1 0
-8.43800392151 8.60371208191 4.183199882506 0 0 0
0.8770455528389547 -1.248963632368182 6.743556824597727 0 0 0
-5.096071720125001 1.371451656025 12.540933291133333 0 0 0
-14.777614817209873 10.251360504716047 7.227858884834811 0 0 0
-20.96013609567778 -2.7631027764744434 1.687166114648611 1 0 0
-23.571040344260002 6.68062801361 17.17369995116 0 0 0
-29.25185012815 2.89339506626 9.80153989792 0 0 0
-16.774908932763637 12.571109164854546 10.154645399627272 0 0 0
-18.2336997986 -10.1492996216 7.95009994507 0 1 0
-13.25657059164706 9.438498328712942 8.441561755012355 0 0 0
-14.94309978488 -13.988260078420002 7.977013969424 0 1 0
-12.6773004532 -6.60729980469 12.1450004578 1 0 0
0.3423320055005 5.284929990769999 3.6257749795949996 0 0 0
-8.388829231262143 -9.031597205571428 7.834160736629286 0 0 0
-26.0508995056 -2.97521996498 10.9526996613 1 0 0
-2.7425008416175007 2.7827325463291666 5.2405524651208335 0 0 0
-12.9607000351 2.0520374774975 18.09837532045 0 0 0
-14.0853331884 -1.1420433123933333 20.925500233966666 0 0 0
-10.0513496399 -7.949145078655 5.993925094605 0 0 0
-0.561073005199 -1.99076998234 14.0179004669 0 0 0
-12.0893001556 -2.28519010544 19.9661998749 0 0 0
-11.3562502861 -0.31054550409299997 9.53831481934 1 0 0
-30.80943314234167 -11.212250153208336 0.9237344215314999 0 1 0
-1.9075300097449999 -2.9544399976699998 8.107524871825 0 0 0
-10.181660364263209 2.805645573814339 12.235957577542456 0 0 0
-0.267536252737 -0.3061424978075 7.375550031662501 0 0 0
-17.297904173533333 -18.776695807775003 13.260358373329169 0 1 0
-2.97300004959 4.38818979263 1.29111003876 0 0 0
-2.9001020431519997 1.634221982954 17.148279953 0 0 0
-12.814699854157142 9.46302863529857 8.463978767397142 0 0 0
-6.139666473164706 4.148944125457058 12.514482442088235 0 0 0
-18.3330001831 9.77285003662 12.0102996826 0 0 0
-19.8833007813 6.05672979355 15.5680999756 0 0 0
-20.06020069125 8.311699867245 11.741499900800001 0 0 0
-11.343162655825001 -13.88148748875 10.832275033000002 0 1 0
-12.826340103160002 -1.1261919975299999 21.765060043360002 0 0 0
-2.8554399808266666 -1.1849333047833335 5.47408660253 0 0 0
-16.448283354433332 -15.203516562783335 8.079046646754167 0 0 0
-21.8141002655 -7.66444015503 11.0124998093 0 1 0
-30.5345993042 5.53040981293 10.0803003311 1 0 0
-19.82958316805 10.1441335678 16.695583661399997 0 0 0
-18.5065994263 -7.45675992966 9.8927898407 0 0 0
-19.574650287624998 -9.57851243019 11.532825231550001 0 0 0
-20.648116429633333 -8.209814707436665 9.463981628418333 0 1 0
-13.774099000611885 -14.409789151483162 7.841953589184851 0 1 0
-29.184099742357144 -6.27637863159 8.84178870065 1 0 0
-12.716707406222225 9.39614084031908 9.254752212101112 0 0 0
-8.39287528657053 -9.289783109698593 8.631819290027543 0 0 0
-0.930348992348 0.470827013254 5.91587018967 0 0 0
-11.26055002215 -7.542415142059999 7.074039936065001 0 0 0
-20.33479976655 0.914678514004 7.92621994019 0 0 0
-1.8014123509911766 0.7652107056449411 5.7931141292358825 0 0 0
-31.349641799925006 -1.9047025243441666 6.797560016313333 1 0 0
-31.279951731366666 -2.2125874007181476 6.780856256131109 1 0 0
-3.24981999397 3.61048007011 2.95210003853 0 0 1
-17.5487995148 5.97459983826 13.7757997513 0 0 0
-42.12029986913333 -13.724833276533333 8.10370095570889 1 0 0
-13.752966707399999 9.217204267329395 9.275313926465456 0 0 0
-15.9525003433 10.331700325 9.50461006165 0 0 0
-12.0454998016 -2.56617999077 20.0084991455 0 1 0
-16.616149902350003 -10.8933496475 9.42778491974 0 1 0
-12.06981983184 7.445672035215999 10.183399963400001 0 0 0
1.702318990232 6.717709970474 1.113006985186 0 0 0
-10.286458253858333 6.339926640190833 26.70505825679167 0 0 0
-16.303649902325 11.44079995155 10.071550130824999 0 0 0
-22.07593282063333 -0.30737733840933334 8.110446929930001 0 0 0
1.6567599773400001 8.80803489685 2.3057550191900003 0 0 0
-18.0743001302 -7.583629926046666 7.182249863943333 0 0 0
-10.764955940239997 11.314712104796 6.329631614684798 0 0 0
-12.041000048333332 -11.384266535433333 4.844810009 0 1 0
0.5449116627376666 0.5658073325951667 11.348349889116667 0 0 0
-3.20869994164 6.92368984222 4.47368001938 0 0 0
-11.040233294166669 -6.406056563060001 8.743260065716667 0 1 0
2.068903366726667 4.5520865122466665 12.650099754333333 0 0 0
0.2899145036935 -2.82719492912 11.556499958 0 0 0
-28.742362260825 4.26320743560625 7.72978872060625 0 0 0
0.243683502078 4.38543486595 12.47760009765 0 0 0
-19.02565002445 12.1213002205 16.119050025900002 0 0 0
-18.8094997406 -3.70900011063 8.08012962341 0 1 0
-25.69149104030909 -16.400772614936365 11.70621828600909 0 1 0
-13.303414513983867 -13.425982290696773 9.836249043865003 0 1 0
-11.1055002213 -1.56817996502 2.81343007088 0 0 0
-0.87940299511 0.521470010281 5.84899997711 0 0 0
-14.263754246606776 10.30681529287627 7.233124571331694 0 0 0
-6.622486670810001 5.559909979503334 24.310716629033333 0 0 0
-14.540250062924999 3.4584624767300003 11.306300163275 1 0 0
-18.9235496521 -5.57836985588 11.688149929049999 0 0 0
-2.936704993245 -1.4066849947 14.553549766549999 0 0 0
-3.2625199987536178 -1.1494482983940422 12.545302188140425 0 0 0
-27.21411972046 -16.46429977418 8.39319782257 0 1 0
-13.241232256745162 11.112503236335485 6.255316718932581 0 0 0
-5.689133763313749 -2.71762871742375 8.595054984092501 0 0 0
-11.58540010455 -6.395500183105 7.292590141294999 0 1 1
-20.5060997009 8.38685035706 10.399600029 0 0 0
-6.179633299510001 3.438513358436667 12.5710999171 0 0 0
-17.03202056884 -11.087420082079998 9.915136146546 0 1 0
-15.0511875152375 -5.376112520696251 19.855812072762504 0 0 0
-4.0455321311959995 5.4294859886180005 3.6262719631179996 0 0 0
-12.0873003006 -1.96252000332 20.4340000153 0 1 0
-7.52482509613 2.86823999882 2.1572999954250003 0 0 0
-13.782295432456925 10.750253853430767 6.722698461093232 0 0 0
-18.3036003113 2.46872997284 9.63391017914 0 0 0
-24.2911500931 -9.89159488678 8.521649837495 1 0 0
-2.871095725465714 1.734990034784286 16.838785988957145 0 0 0
-11.44250011445 9.25648975372 8.482075214385 0 0 0
-3.1017475128175 4.7300623655325005 1.6908124983300001 0 0 0
-29.0352993011 -8.24942970276 9.78894042969 0 0 0
-30.68546676633333 -1.8651432991033332 11.170900026966665 1 0 0
-11.8155002594 -3.05117988586 19.8446998596 0 0 0
-12.246889739203448 -13.575120695710348 10.1293482616 0 1 0
-2.29462337494 -6.3905933698 13.897933642066667 0 0 0
-12.243029009919352 10.134903169448384 7.680855458782258 0 0 0
-14.539550066 -6.1643300056450006 18.826174736 0 0 0
-12.261726491591176 10.390841203576471 7.348377059487647 0 0 0
-5.234270095823334 -7.873776753743333 8.430493354796667 0 0 0
-21.476200103750003 7.420705080035 11.9358000755 0 0 0
1.098573970795 6.733326005935 2.6944070100779998 0 0 0
-14.1246995926 -4.27008008957 5.96217012405 0 0 0
1.562883996963 6.167782974244 0.6278796970844 0 0 0
-30.56303342181667 0.5890564918518334 8.68460337321 1 0 0
1.8228273391733336 7.2556879997253345 1.1941346804306667 0 0 0
-12.6179201126 -1.8635859966280002 21.24894027712 0 1 0
-16.290116628 11.783033371 9.633800029753333 0 0 0
-28.151637554175004 8.71906638145375 10.5996373891875 1 0 0
-8.050246556600001 5.532796700796666 11.0726000468 0 0 0
1.7261219739920002 6.619237995148 0.9216125845908 0 0 0
-16.3643503189 -12.987400054950001 8.986545085905 0 1 0
-1.9292399883233333 -1.43241000175 15.797166824366668 0 0 0
-7.575799970065295 3.7745982338417643 11.883505821235294 0 0 0
-29.9622993469 6.55710983276 10.5523996353 0 0 0
-11.713550090799998 -10.6145248413 7.203504920005 0 1 0
-24.42110808690833 7.856100837388333 10.266566514958335 1 0 0
-12.4476003647 0.711287975311 19.5091991425 0 0 0
-2.6227825284025 1.1959850192074999 16.78739976885 0 0 0
-15.6325998306 -5.113530159 6.56454992294 0 0 0
-28.818899972085713 -19.904985700342856 8.835893086024287 0 1 0
-16.0203990936 0.013007200323 11.1400003433 0 0 0
0.2954771667718334 1.8766100009283333 5.434199968973334 0 0 0
-2.978734970095 6.045964956284999 12.3473501205 0 0 0
-30.307174682625 -0.066051901318175 8.062289714815 1 0 0
0.299404501915 -2.4597550630600002 10.21820020675 0 0 0
-8.596353912354001 5.897150039674 22.738939666759997 0 0 0
-29.06130027775 -8.508029937745 10.5441503525 1 0 0
-8.232925545085456 6.79002183133909 8.160055073825001 0 0 0
-5.803082091467857 10.40303577695 9.889473642622145 0 0 0
-11.645166820955557 -14.133166631055555 9.391012085808889 0 1 0
-14.3074123859375 -2.699593782423751 20.1881875991625 0 0 0
-15.9794998169 11.524600029 10.0812997818 0 0 0
1.5702674984925 8.438470125197501 2.4098075628275 0 0 0
-32.48279953 -1.30754995346 10.5087003708 1 0 0
-0.5836890141166666 -0.4081150094666666 9.093090057376667 0 0 0
-15.147433280933333 0.7636226614316666 20.368433634466665 0 0 0
-7.407984256745714 4.834377152579999 23.368757247914285 0 0 0
-10.737622465411226 -10.819666327262247 8.307272677518975 0 0 0
-5.638849973678999 6.794878959654999 3.7257110118869994 0 0 0
-11.838551232979066 -10.221911541255816 8.39607019202628 0 0 0
-28.328624725350004 4.5574724674225 10.192200183875 1 0 0
-17.315199852 -11.5311498642 10.97114992145 0 0 0
-12.07635345458 -9.936687978107335 8.609675852457334 0 1 0
-19.615949630750002 -14.89552521705 11.885625123975 0 1 0
-6.57760512829 4.14155244827 1.37765997648 0 0 0
-9.57450962067 -9.0972700119 11.9872999191 1 0 0
-9.96339035034 2.24313998222 10.4990997314 0 0 0
-26.4743995667 6.99666023254 8.42879009247 0 0 0
-1.312608003618 0.09857231704507599 5.934103870392 0 0 0
-2.907363301231905 -0.823437994434762 6.805170490629047 0 0 0
-8.151266733806667 6.109366734823333 1.1983366409933331 0 0 0
-18.70045013429 11.2474699974 17.24666996002 0 0 0
-14.560500145 -0.538204014301 4.99841022491 1 1 0
-16.020100593549998 9.346039772035 10.636700153349999 0 0 0
-12.239462455120837 9.706132034460627 8.233854194482292 0 0 0
-11.9759998322 -9.971990108490001 8.6192150116 0 1 0
-10.164328975067741 -9.850837984392584 8.365629934495807 0 0 0
-7.045393308003334 4.307053407033333 1.7681300242733335 0 0 0
-13.43124985695 -7.55316746235 7.2353399992 0 0 0
-18.0911006927 7.32110977173 15.6331996918 0 0 0
-21.097420120240002 -2.577053976058 1.480978012084 1 0 0
-17.5235996246 0.0818442031741 6.30535984039 0 0 1
-13.6964998245 -7.645604848865 8.134264945985 0 0 0
-4.4908750057199995 -4.8730649948149996 5.032525062565 0 0 0
-7.72013759613 4.5947650671 7.96482992172 0 0 0
-15.96965980528 -1.3849800109859998 4.335490131376 1 0 0
-14.0938997269 5.87778997421 18.3977994919 0 0 0
0.640066027641 -1.70388996601 11.7423000336 0 0 0
-42.483249664300004 -14.8004498482 6.312084913255 1 0 0
-9.48307991028 4.112215042115 21.4032001495 0 0 0
-30.5200996399 5.2314848899849995 10.50709962845 1 0 0
-12.941771507257142 -12.1150143487 10.17514283317143 0 0 0
-15.82229995725 -5.74660515785 15.9963002205 0 0 0
-2.683840036394 3.247425985338 6.047576045988 0 0 0
-16.823666572575 4.074861685434167 10.302500009533333 1 0 0
-23.25314998625 6.569545030595 11.590099811550001 0 0 0
-29.07025012972 8.292381000519999 2.16081302166 1 0 0
-16.8013000488 3.9879899025 9.47863006592 1 1 0
-4.84236793518 -2.830572032928 31.90001983642 0 0 0
-2.01085996628 -0.484156996012 6.01951980591 0 0 1
-3.346321254969375 1.6907587498443746 4.429935663938125 0 0 0
-25.0440998077 -4.83498001099 10.9771003723 0 0 0
-22.532700220733332 -6.152209917706667 11.323799769066667 0 0 0
-0.508436977863 1.8445199728 8.68031024933 0 0 0
-14.584534067857895 -13.685039495168422 8.667182922362633 0 1 0
-15.6982002258 -6.00097990036 15.9986000061 0 0 0
-6.57375001907 5.43926000595 24.3504009247 0 0 0
-30.8346004486 1.5124900341 9.4929895401 0 0 0
-22.9649000168 -4.962335109715 11.188000202200001 1 0 0
-4.9195613861071426 4.20857007163 3.317128556114286 0 0 0
-1.6336966753011113 -0.06292947485224555 5.293014420404445 0 0 0
-13.4530000687 5.90332984924 18.3843994141 0 0 0
-4.75734996796 3.5650498867 6.98613977432 0 0 0
-13.682977729377779 -7.622272306017779 10.731333414699998 0 0 0
-6.832201639811665 7.771638313929999 6.436213334401667 0 0 0
0.4093879957993333 -2.2732777860433333 10.81356652578889 0 0 0
-3.3278974890725 2.71169000864 2.0272949934 0 0 0
-3.409598588942857 -0.6276312896184285 7.069902828762857 0 0 0
-10.721600055716666 8.791111628215 12.067833105716666 0 0 0
-6.210896650948334 13.360583464300001 7.796503384906667 0 0 0
-1.4608925282975003 -0.089959425851575 5.60998749733 0 0 0
-11.667150020600001 -5.04140496254 19.936200141900002 0 0 0
-31.0439139775 0.027387891264091 8.803881372722858 0 0 0
-13.36972498895 -14.472187459481251 7.949931889771876 0 1 0
0.47959033648166666 0.304993664225 11.151366869599999 0 0 0
-14.5015001297 1.96761000156 5.96667003632 0 0 0
-14.238011581310145 -7.426712913789563 8.230957556462462 0 0 0
-12.085057122371428 -10.032071249828572 8.532267298017144 0 1 0
-25.5576000214 9.12627983093 10.5478000641 1 0 0
-2.2931714194160002 1.3353779997139998 5.7051054273328585 0 0 0
-14.219299952166667 -7.576956590016667 6.44330326716 0 0 0
-8.614912850515715 9.631058692931429 4.281692913601428 0 0 0
0.5502287596461249 0.36033062823112505 11.257937550549999 0 0 0
-20.4383749962 1.5789674818525 12.3317499161 0 0 0
-1.7370303074524243 1.2410748438399999 5.324893041090303 0 0 0
-0.11026978599178572 1.6376085451671425 7.904381411415714 0 0 0
-3.7162449359850003 -0.494921505451 6.94542503357 0 0 0
-14.899909192863639 -5.586429942737272 20.267482237372725 0 0 0
-13.219847817347826 -13.574830428410143 9.620805643606811 0 1 0
-17.212218111218178 -7.53139179403091 10.289963592181818 0 0 0
-3.333893060686153 3.8367653626653846 1.8467476826446152 0 0 0
-27.18847999572 -20.05936012266 10.30861988068 1 0 0
-2.93569993973 -0.86986798048 6.24133014679 0 1 0
-25.346862554537502 9.270103693008751 10.44915008545 0 0 0
-13.6208000183 -7.6210398674 6.47386980057 1 0 0
-18.690359878520002 7.455568122863999 16.64475975036 0 0 0
1.091798345248333 7.410043239593333 4.421738306683333 0 0 0
-12.27427702683846 13.05358453896923 6.133912343244616 0 0 0
-31.355449994383335 -2.5618816614133335 8.14649327596 1 0 0
-17.3400993347 6.58962011337 14.2482995987 0 0 0
-11.1676001549 6.47629022598 9.46897506714 0 0 0
2.7318166626822222 9.212853325737777 0.822585231728111 0 0 0
-11.295214380528572 -10.623485837685715 8.186441421508572 0 1 0
0.6406889955203333 4.82776673635 12.718600273133333 0 0 0
0.82096600532525 4.1064673662175 12.46467518805 0 0 0
0.5181986093522 -2.2217100143420003 11.1535999298 0 0 0
-10.45440006255 -0.06490180175759999 21.62969970705 0 0 0
-0.08057871554041666 -1.229739983875 18.23020013173333 0 0 0
-0.0640045031905 -1.20446002483 17.978099823 0 0 0
-13.86605024335 -12.227300167100001 9.964700222015 0 0 0
-25.461937427524997 7.23679125308875 9.29816257953625 1 0 0
-13.4095001221 6.07770013809 18.5361995697 0 0 0
-1.7212924808274999 0.1361298612318375 5.69187754392625 0 0 0
-25.109666824333335 -7.172269980113334 6.903029918670001 0 1 0
-8.090829849245 4.392630100255 7.41426491737 0 0 0
-29.390240478520003 6.18042602539 9.806561851502 0 0 0
-27.4148499171 -1.789783318836667 11.510883172349999 0 0 0
-15.7107653520551 -7.35648996002755 9.800989851659796 0 0 0
-29.1431007385 -8.48719024658 10.5452003479 1 0 0
-19.0174007416 4.0981798172 13.6823997498 0 0 0
-17.2875995636 -15.9524002075 11.5438995361 0 1 0
-1.3337272071844 -2.865241603851201 5.7713159942616 0 0 0
-16.1018009186 -11.9926996231 11.4131002426 0 0 0
-2.607760005526666 1.3763822317111112 5.892365508608889 0 0 0
-14.9932003021 -5.42444992065 19.8981990814 0 0 0
-21.139474868787502 -2.36487501859625 1.7131650000812497 1 0 0
-11.755649114914036 9.721689140587543 8.2491012874407 0 0 0
-11.78414001464 9.965270137786998 7.952474069594001 0 0 0
-5.92329978943 -4.11812019348 5.9852399826 0 0 0
-30.213300705 -11.1112003326 1.03782999516 0 1 0
-30.2106494904 -11.30744981765 0.8092019855975 1 0 0
-0.407429993153 6.41330003738 2.00976991653 0 0 0
-5.749915469776818 3.2767723040145453 6.796314954757273 0 0 0
-6.059539973735 6.824491322039999 2.7382637560362495 0 0 0
2.7517175078400005 9.288534879684999 1.100552499295 0 0 0
-7.291567290700488 -5.688770236038291 7.594243886994388 0 0 0
0.05047569982705 -1.23119997978 17.93564987185 0 0 0
-8.04023399353 1.11937198639 11.67081985472 0 0 0
-28.765719985959997 5.417352008822 9.104113769532 0 0 0
-4.7188501358 -5.02461004257 4.76802015305 0 0 0
-3.35614999135 3.77842330933 2.0853666464500002 0 0 0
-13.423049926762502 -13.457149744025001 10.6549375057375 0 1 0
-6.165690183640001 10.6897249222 9.7997975349425 0 0 0
-18.1737499237 7.42856013775 16.76009988785 0 0 0
-12.28032511473125 9.953545629978127 7.9200556278225 0 0 0
-2.736072235637222 1.6713933348661112 5.835943857829445 0 0 0
-8.74863815307647 8.156042435590587 4.7863128886499995 0 0 0
-14.671575307849999 8.976687192917499 9.163020133972498 0 0 0
-11.43494613353077 -10.408869156476925 8.296310791602307 0 0 0
-13.153366724633335 1.9260900020600003 18.1473337809 0 0 0
-3.2095780372619998 1.5689939975719998 0.3122525960206 0 0 0
-28.3645000458 9.0094203949 10.5242004395 1 0 0
-21.497800827 -4.22878980637 8.01132011414 0 0 0
-2.866319934525 1.8008300066 17.769949913033333 0 0 0
-14.182245988123075 -6.686363880451538 21.175015229453848 0 0 0
-24.86549987794 10.22523994446 10.573439979540002 1 0 0
-11.570000012733333 8.921539942426667 10.824433326733333 0 0 0
-1.6691074967383333 0.7531589592496668 5.309903323650833 0 0 0
-29.618300120033336 2.6750499407466664 8.593969980873332 1 0 0
-12.256605021158338 10.84901665051666 6.742016847928667 0 0 0
-12.233936353159093 10.582199963654544 7.112025412645455 0 0 0
2.8772123841688235 9.681448151084119 1.2311047245482354 0 0 0
-10.85286006928 -1.193978989124 21.86647987367 0 0 0
-2.3023766279199998 -3.255108316741667 7.726136604945 0 0 0
-23.7672622203875 -17.788599729537502 11.805925011625 0 1 0
-15.249345665395653 -7.333411973455651 7.2424934739651095 0 0 0
-17.620299339299997 10.7590999603 11.5464000702 0 0 0
-13.5249996185 -11.0003995895 7.39314985275 0 0 0
-1.102957487105 0.14861549809600003 6.0579324960725 0 0 0
-18.3945007324 -12.8783998489 10.9563999176 0 1 0
-14.723328865681443 -7.331336104992165 6.74508207360464 0 0 0
-13.5256996155 -7.58929014206 7.83367013931 0 0 0
-12.734586757772057 -13.638122025661765 9.742493461159702 0 1 0
-1.48009002209 1.08475005627 5.51958990097 0 0 0
-3.5811771324714288 -1.6277457305385714 6.396024295259999 0 0 0
-25.2369995117 9.06490039825 10.5136003494 0 0 0
-15.961112499237501 12.1325124502125 8.631273746488748 0 0 0
-14.402975082374999 -7.556045055389999 8.28464746475 0 0 0
-1.238978004454 0.7200850009918 5.787703990936 0 0 0
-8.50273036957 -9.04825973511 7.82369995117 0 1 0
-6.295724323818573 13.720642907271428 7.775694268090713 0 0 0
-30.18413089883793 3.076034825424137 6.747957920205861 0 0 0
-11.749791870116 10.600875968932 7.1154859924324 0 0 0
-8.338059743243333 9.163103103636667 4.0516934394833335 0 0 0
-23.5744991302 4.22458982468 11.4160003662 0 1 0
-8.7338469028475 2.36981062591125 12.121999979025 0 0 0
1.11030995846 4.20500993729 12.4776000977 0 0 0
-8.35284698710647 2.1109670751241176 11.945170626905885 0 0 0
-18.04815006255 -15.5877249241 10.336150169375 0 1 0
-21.055900149877782 -2.585947751998889 1.611900011697778 1 0 0
-16.388050079350002 -8.568349838255 11.655600070950001 1 0 0
-17.1970005035 -4.46476984024 1.8968000412 0 0 0
-30.664899826 -0.000408277002862 8.56492042542 0 0 1
-6.197950499397145 9.196467581249047 1.1465447686966665 0 0 0
-2.8623600006133336 7.437166690826667 4.379399935406667 0 0 0
-14.97895002365 -5.475325107574999 20.1196498871 0 0 0
-12.458411110766669 -11.261466662088889 8.107340918646667 0 0 0
-6.306300295722777 -6.733746965726667 7.86500783761361 0 0 0
-18.443866729733333 5.2850699424766665 13.9608001709 0 0 0
0.5565366659845713 1.216250953219524 3.252334288187143 0 0 0
-42.15907178607143 -13.7242571967 7.17134141922 1 0 0
-13.310266812666667 -11.603233337399999 9.794583320616665 0 1 0
-14.611138417161538 5.464409974903846 11.408723170938462 0 0 0
-10.340049982075001 0.620103493333 21.736749649050005 0 0 0
-21.381250381475 6.4263373613375 12.289025068299999 0 0 0
-0.652000435761 5.646628584178572 11.203528676714287 0 0 0
-1.29207003117 -1.85550999641 6.0001001358 0 0 0
-2.9238857201157145 1.7236757108142857 18.291356767899998 0 0 0
-0.573248664538 5.21392997106 12.859933217399998 0 0 0
-11.674066543566667 9.509020169576667 10.457099914566667 0 0 0
-31.575687646875 -0.150044089183275 10.356500148775002 1 0 0
-30.94339981078 -1.8767759799940003 7.843509960173999 0 0 0
-5.943724870684999 7.02004981041 2.83164000511 0 0 0
-11.0244998932 -0.680539011955 22.875 0 0 0
-12.5333665212 13.234600067133334 5.851169904070001 0 0 0
-12.2965499162625 -13.753437519074998 11.0321624279 0 1 0
-18.94925022125 9.1690196991 11.42125034335 0 0 0
-17.553099632250003 10.8549003601 11.432799816100001 0 0 0
0.1417892463505 -2.7720949649824997 9.883477449415 0 0 1
-11.180124998100002 -13.63505005835 8.9474399089825 0 1 0
-4.344658904606666 1.7447044319577778 7.842870023515555 0 0 0
-43.434024810775 -18.280749320974998 4.9382624626150005 1 0 0
-17.9948005676 2.02451992035 8.16399002075 0 0 0
-3.3441740036 1.796071982386 4.578159999846 0 0 0
-11.24696540833077 10.61055399821154 7.146638081623847 0 0 0
-30.87286631266667 -1.8916966915133333 8.301780064903335 1 0 0
-12.9041996002 -1.72774004936 6.46633005142 0 0 0
-2.88648250699 6.1294412612925 0.45513812452549995 0 0 0
-0.478761509061 -0.1666349992155 8.613890171049999 0 0 0
-30.944367090866667 1.6357433398566663 9.699343045556667 1 0 0
-3.06231999397 5.65890979767 0.43642398715 0 0 0
-14.623000145 -7.68327999115 8.05554008484 1 0 0
-5.131291405907932 -8.145249695614137 8.687329950003793 0 0 0
-24.1169500351 8.57988500595 11.006149768850001 0 0 0
-16.4701499939 -6.8977349996549995 9.0585048198675 0 0 0
-18.418999989800003 -14.9325666428 10.134400049833333 0 1 0
-16.380399704 4.175460100175 11.87545013425 0 0 0
-15.9924001694 11.4841995239 6.51599979401 0 0 0
-6.027354955673334 2.1572016874949997 2.2617533206916667 0 0 0
-12.756037473669998 11.138905048372498 6.261573255061999 0 0 0
-35.961475372325 -5.3886625766775 9.6432423591625 1 1 0
-14.07034969325 2.03676998615 5.982510089874999 0 0 0
-4.58070993423 2.23526000977 8.06919002533 0 0 0
-0.590493023396 6.29138994217 1.995470047 0 0 0
-13.18830013275 -1.34792494774 22.0643997192 0 0 0
-2.95348326365 5.20628007253 6.797643184663333 0 0 0
-11.5218000412 -12.8285999298 10.575799942 0 1 0
-5.92140483856 7.377269983290001 1.3377699852 0 0 0
-21.684683481849998 -7.071570078531667 11.875650087983333 0 1 0
-18.280433018966665 -18.468299865733332 13.915433565766667 0 1 0
-4.452900012333333 2.6682533423083328 8.385263601939998 0 0 0
-5.4276775121675005 3.3850899934775 5.82355737686 0 0 0
-28.3964996338 0.888283014297 9.9152803421 0 0 0
-1.383923724295 -0.17975335009385002 5.3504762053474995 0 0 0
-15.286983053563555 -7.333610498298983 8.206355385861778 0 0 0
-11.790204862270732 10.838582899509753 6.81105656740122 0 0 0
-8.32042455673 7.0169498920399995 2.94739997387 0 0 0
-6.5452249050125 10.15015006065 4.6775275468799995 0 0 0
-2.256512706929091 -0.16168229959224545 12.509172699654544 0 0 0
-13.742250204074999 -2.9155000448225006 20.888549804675 0 0 0
-7.00825023651 6.61477994919 6.58762979507 0 0 1
-11.32310009 7.50490999222 10.9823999405 0 0 0
-22.0308990479 10.7622003555 11.234000206 0 0 0
-32.244616190583336 -13.82771666845 0.8817774951456667 1 0 0
-9.03549957275 5.84387016296 8.4760799408 0 0 0
-16.5926504135 -19.0611000061 13.2961997986 0 0 0
-9.84508991241 -8.46932029724 11.3415002823 0 0 0
-29.632499694825 4.053669929505 10.0616750717 1 0 0
-20.3770008087 4.49585008621 13.1426000595 0 0 0
-15.282440423967303 -7.334659805664619 8.709557881721922 0 0 0
-7.722786649068 4.146279366810666 11.746246782939998 0 0 0
-11.0893001556 8.47603988647 12.0486001968 0 0 0
-30.392783482849996 -1.8837299942966668 11.339783350600001 1 0 0
-21.365666389450002 -7.041846672693333 11.6700835228 0 1 0
-18.5398006439 -5.29939985275 5.7873301506 1 0 0
-11.579000473 9.52272987366 9.41514015198 0 0 0
-1.8810414075857143 2.07213997841 5.716828618731428 0 0 0
-21.29296684266667 10.450033187899999 10.9930667877 0 0 0
-0.5489167422055 -0.5698264986279999 9.1021325588225 0 0 0
-11.837500070273684 -10.054057773794737 8.649974672417892 0 1 0
-12.213673337300001 -14.67297344208 8.194440650940667 0 1 0
-20.0715999603 1.49040997028 11.9368000031 0 0 0
-16.205800056450002 2.2200299501450003 19.43075084685 0 0 0
-6.8088474869725 3.2512537539012505 1.7113449722525003 0 0 0
0.293608391285 -0.6211052060126 10.267640113839999 0 0 0
-10.7656002045 6.15224981308 9.49174022675 1 0 0
-42.35468537466428 -14.771164212914284 5.248943601336428 1 0 0
-5.293729972838999 -2.727257013321 32.188230133039994 0 0 0
-14.157299995399999 4.476064920424999 18.3506498337 0 0 0
-0.5393512248992223 6.347822189332222 2.3466933568333332 0 0 0
-6.53780984879 -3.9261701107 7.63422012329 0 0 0
-14.1205833753 3.460068384805 12.0079832077 0 0 0
-6.07492208481 14.3171798706 7.374372005463999 0 0 0
-24.7497997284 7.656350135805 9.986139774320002 1 0 0
-30.59265293794705 5.210332954631177 9.88628875508 1 0 0
-27.399259948720005 6.7679400443999995 11.237579917899998 0 0 0
-13.891880035420002 0.6817305922506 22.657840347279997 0 0 0
-27.9997997284 3.61021995544 9.28553009033 1 0 0
-26.784533182766666 7.14356994629 9.663449923196668 1 0 0
-0.661280998161857 -1.2732886075971428 0.4636189980167143 0 0 0
-3.0770100057124994 2.283421218395 4.20803499222 0 0 0
-42.28623326620001 -15.09040006 5.414363384246667 1 0 1
0.5133669972420001 1.1646350026149999 11.44360017775 0 0 0
-12.729726727806668 12.774126625066666 6.327314694723333 0 0 0
-19.8476009369 -9.99112987518 12.3529996872 0 0 0
-0.6173832085396667 -1.5734422206866667 0.7190073331196667 0 0 0
-19.25506718953333 -9.802869955698332 9.947546641033334 0 0 0
-18.5834007263 -4.231689929965 6.3480901718150005 0 1 0
-5.565191936494 0.4580845952034 12.53749980926 0 1 0
-12.616249970035716 -13.686057022642856 10.763085842128573 0 1 0
-29.4671001434 4.06386995316 10.0055999756 1 0 0
0.35480537451800004 0.1762686381117 10.768774986274998 0 0 0
-18.0440998077 12.7496004105 16.9988994598 0 0 0
-17.3698005676 12.492600441 9.73808002472 1 0 0
-5.863499021529001 14.358790016179999 7.33179101944 0 0 0
-11.9921998978 -10.9989995956 11.8081998825 0 1 0
-11.747799979333333 11.0343000624 6.57089005576111 0 0 0
-13.3027667999 -16.893800099699998 6.9197467168166655 0 1 0
-8.41073989868 8.44750976563 4.61775016785 1 0 0
-4.297488125888182 7.1919526620336365 34.21100928567272 0 0 0
-15.27959966655 -7.732079982755 6.222320079805 0 0 0
-3.041375041005 -0.3617480024695 15.85735034945 0 0 0
-5.276760578154737 3.6809799671173686 5.735042070087895 0 0 0
-21.571355607777782 -7.116525597043333 12.201800028477779 0 1 0
-11.941400051125001 13.107874870325 6.105727434159999 0 0 0
-11.2920999527 -13.844799995425 11.081475019475 0 1 0
-5.357433986664001 0.653708398342 12.62601985932 0 0 0
-26.773037433612494 -15.7705874443125 7.702068805695 0 1 0
-6.726123332979999 3.71870668729 1.6353166500733334 0 0 0
-6.402045011521667 10.240566730483332 4.276921749116666 0 0 0
-15.6507997513 -0.0122717004269 5.40981006622 1 0 1
-3.3000850081425 3.14057248831 3.1037099361425002 0 0 0
-15.265762002381486 -7.3148912941968485 6.730715186507961 0 0 0
-5.376325554318888 0.3691279954381112 12.519544389511111 0 0 0
-9.539943059283333 9.162693341573332 5.798263390863333 0 0 0
1.7541875094174997 7.345698714256249 5.617935061455 0 0 0
-0.673426873982125 0.201041014166515 7.401826202870001 0 0 0
-0.7085550129414999 5.48925995827 1.987725019455 0 0 0
-5.842958853794614 -6.59518731557423 7.265975750410386 0 0 0
-4.84632396698 14.26420984268 7.109304952621 0 0 0
-9.17512989044 11.277099847799999 6.858719944955 0 0 0
-18.326049804674998 -11.424149751675 11.221324920649998 0 0 0
-30.766749382 -11.1363501549 1.044364988805 0 1 0
-26.5484008789 6.98705005646 8.46743965149 0 0 0
0.5676249861715 2.8945349454900002 8.137759685519999 0 0 0
-11.259517101523407 10.171965984593614 7.713835493046808 0 0 0
0.6234644949435 6.841510057444999 3.8462200164800002 0 0 0
-12.5150003433 -2.03804993629 20.8288002014 0 1 0
-26.161571230214285 -8.199931553432858 7.3301329612714285 1 1 0
-1.04434001446 -1.64658498764 0.6529234945775 0 0 0
-18.383000373825 -6.8947550058375 10.020100116725 0 0 0
0.8278798924552223 3.17548778322 7.271688885157777 0 0 0
-25.348450183849998 7.542917490005 8.680322647095 0 0 0
-20.9185009003 6.55643987656 12.6443004608 0 0 0
2.341218312583333 8.329048474628333 5.395059903461665 0 0 0
-6.0005698204 7.26263999939 3.68276000023 0 0 0
-11.6047000885 0.4093289971355 21.9799003601 0 0 0
-7.72784996033 4.20406007767 11.4728002548 0 0 0
2.2828966379166666 8.657580216726666 5.3265949885033335 0 0 0
-12.375671454835713 -10.929264204835714 8.593069280897144 0 0 0
-40.2191009521 -15.9104003906 5.51637983322 0 1 0
1.1510433554666666 -2.611688296 15.755949974066667 0 0 0
-32.6998500824 -1.5985133250566665 9.817506790161666 1 0 0
-7.079275131225 7.52529501915 7.15341997147 0 1 0
-3.708730496857895 0.6605972679038421 6.874542688068948 0 0 0
-17.255421710467928 -7.404315260221605 8.146480821213867 0 0 0
-44.03712081908 -19.72193984986 5.75642004013 1 0 0
-18.2521250248 12.7108999490625 18.613637447349998 0 0 0
-19.0447006226 6.59545993805 14.03509998325 0 0 0
-32.64852850778571 1.6484271458214288 0.7481958610672858 1 0 0
-1.2219000260033335 10.358200073266667 -0.03152009285988 0 0 0
-10.324833552033335 -1.58356332779 21.39013290406667 0 0 0
-10.3791666031 -1.6009666522333335 21.605466842633334 0 0 0
-17.6614999771 -6.550114870075 5.0227599144 0 1 0
-20.27624988555 5.84570002556 14.98109960555 0 0 0
-21.411333084133332 -6.980606714883334 11.874033292166665 0 1 0
-12.0125999451 -0.1079447036607 22.07594966885 0 0 0
-12.61994981765 12.422000408199999 6.332494974135 0 0 0
-18.354999542266665 -16.0291665395 10.8697001139 0 1 0
-28.304847915966672 6.7249633073808335 7.762612521647917 1 0 0
-28.34654843365926 6.725774447124074 8.183619322600743 1 0 0
-26.754099845875 -16.318525314325 8.3397450447075 0 1 0
-1.7662449777124998 2.1615899801275003 6.15136742592 0 0 1
-43.769701004050006 -19.15310001375 6.7721300125149995 1 0 1
-43.72500101723333 -18.924666722633333 6.724939982096667 1 0 0
-7.330227627473529 1.4243623649364705 10.808982400329413 0 0 0
-19.6396999359 -2.61257004738 10.0006999969 0 0 0
2.2860912382599996 8.247523784637501 5.5960462689399995 0 0 0
-1.7950747452284213 10.273278888894739 0.35159800436931055 0 0 0
-8.52050018311 -5.01556015015 12.560500145 1 0 0
-12.65145015715 -6.5960924625375 4.8439625501625 1 0 0
-18.511100769 9.80272006989 11.8712997437 0 0 0
-20.962800025900002 10.535699844349999 10.9357500076 0 0 0
-41.64855436843636 -12.24746365980909 7.232063683596363 1 0 0
-12.69337136405714 -4.302697113582857 19.295685904371425 0 0 0
-11.0329999924 9.55731964111 11.0503997803 0 0 0
-42.93810081485 -12.6406002045 6.43455004692 1 0 0
-42.86356735233334 -12.627466519666667 6.566319942476667 1 0 0
-2.0193901062 -2.86385989189 8.04096031189 0 0 0
-9.143213272096666 4.556360085806666 23.120400110900004 0 0 0
-1.821280002594 10.68598003388 0.4185109972954001 0 0 0
0.450980991125 1.04706001282 11.5953998566 0 0 0
-5.680942217506666 3.5912644333322223 6.649604426488889 0 0 0
-12.097166379266667 -4.224926630656667 19.77503331503333 0 0 0
-17.9860992432 8.97033977509 10.2206001282 0 0 0
-26.91038017274 -7.831940078734 7.3765520095840005 0 1 0
-25.365650177 -16.0632991791 11.13520002365 0 1 0
-28.5144996643 4.5794801712 10.2131996155 1 0 0
-15.185266812666667 -5.987283229830001 4.666603247323334 0 0 0
-19.38610076905 8.54192018509 10.922100067150001 0 0 0
-11.4742002487 -2.00431990623 20.5076999664 0 0 0
-6.444993416470001 10.213116804766665 4.613468408585001 0 0 0
-3.67348775267575 1.7921512454744999 12.589117527005003 0 0 0
-4.1291899681099995 -1.737290024755 6.60439491272 0 1 0
-5.572396418627648 0.6780694653007059 12.59752363317647 0 0 0
-12.528474807725 -10.261449813825 7.3126950263975 1 1 0
-25.5907993317 5.48906993866 11.5445995331 0 0 0
-18.5289001465 7.30029010773 17.6343002319 0 0 0
-15.290925264375002 -7.5671550035449995 7.859694957737501 0 0 0
-2.8266366322866667 3.5841700236 5.894333362579999 0 0 1
-21.0415000916 8.46150016785 10.9981002808 0 0 0
-5.99592018127 0.538200974464 1.65600001812 0 0 0
-26.08685016635 6.521879911425 11.52215003965 0 0 0
-10.733348007195996 10.193131999970001 7.720207004546402 0 0 0
-4.76986980438 3.65763998032 8.50201034546 0 0 0
-16.763347859290818 -7.401020181422454 6.66448389754 0 0 0
-2.9059881513763637 0.7416756424036364 17.253991040309092 0 0 0
-11.0654335022 3.4797366460166663 12.099766731233332 0 0 0
-10.3647003174 -3.39463996887 6.47524023056 0 0 0
0.858192980289 8.02826976776 0.961485028267 0 0 0
2.2595466772733332 8.543056488036667 5.583233356473333 0 0 0
0.35752924531674996 1.1971449852 11.157074928275 0 0 0
-8.44870519638 9.530539989474999 4.1289601326 0 0 0
-2.7176099419575 4.272000074385001 6.3146826028825 0 0 0
-2.429326693216667 1.6202833255116669 5.715623378755001 0 0 0
-1.06934455308 11.264345342463637 0.16339904171485362 0 0 0
-7.408748269081666 4.849089980125 5.815777500470833 0 0 0
-1.7370932896933333 10.679600079866665 0.5580949982006667 0 0 0
-12.683819961580001 -14.94136009218 7.46791000366 0 0 0
-14.835245479254546 -7.724448204040001 11.305027354854547 0 0 0
-5.399893283843333 6.08581654231 33.397134145100004 0 0 0
-0.457684010267 -1.62047994137 0.823301970959 0 0 0
-29.5949993134 4.08690977097 9.97422027588 1 0 0
-16.8736753464 -18.5622253418 12.768850088125001 0 1 0
-14.809466640154165 -16.166912476220833 7.2938316663112515 0 1 0
-16.07364940645 -7.579229831695001 6.89967012405 0 0 0
-29.61525058745 -1.171535015105 10.31955003735 1 0 0
-18.3491001129 -8.02789020538 8.1687002182 0 0 0
-0.450518012047 2.24844002724 1.90918004513 0 0 0
-3.246537446975 10.3650751114 10.276350021350002 0 0 0
-3.6583180427559996 10.37656021118 10.2228002548 0 0 0
-28.440866470366668 -6.9551366170266675 9.68743642171 1 0 0
-17.435499827066668 -14.588533401500001 11.138166745466664 0 0 0
-5.56632244587 2.8843774795524997 35.338224411 0 0 0
-17.2686500549 6.66173481941 11.481400012950001 0 0 0
-8.576415061950001 8.33952045441 4.25823998451 0 0 0
-24.187459564200005 -16.430600357059998 14.76675987246 0 1 0
-28.528750419650002 7.717074871065 10.3913998604 1 0 0
-6.07216501236 8.68069982529 2.863299965855 0 0 0
-13.292000007639999 -8.800848007199999 9.93207397461 0 0 0
-6.166875123980001 6.321825146675 33.260999679575 0 0 0
-26.2821493149 -14.58019971845 11.5121998787 0 1 0
-14.9495997429 6.214659929274999 12.15209960935 0 0 0
-26.954200744650002 7.551750183105 10.74644994735 0 0 0
-0.2741778157652 2.4067549705516664 2.0941199858983333 0 0 0
-24.3679008484 -16.5160999298 14.9666996002 0 1 0
-21.1597003937 -8.16152000427 16.0506000519 0 1 0
-1.7018280029300001 5.859867858888 10.78857994078 0 0 0
-0.63461642464 0.21757325281700002 7.6790900230400005 0 0 0
-13.8241996765 -14.4535999298 7.3869600296 1 1 0
-10.38375008105 0.207204072736125 21.6210374832 0 0 0
-44.56009864805 -19.93065071105 7.082659959795 1 0 0
-44.5379981995 -20.0069007874 7.15839004517 1 0 0
-2.855553309122222 3.749733342065556 4.324266698624445 0 0 0
-26.5464992523 -16.9713993073 7.68040990829 0 1 0
0.585267007351 0.119427402814 10.910499890633332 0 0 0
-19.6338005066 -10.1396999359 12.5431995392 0 0 0
-30.18080043795 -11.8088002205 2.162770032885 0 1 0
-12.8878002167 2.03994989395 17.9190006256 0 0 0
-15.8282003403 -7.57701015472 7.69570016861 0 0 1
-11.26560715267143 11.061428546907146 6.5692407403685715 0 0 0
-11.353933652233332 -10.439633369433333 7.070363203683333 0 0 0
-7.671239159322727 3.3474318114200003 11.919399955054546 0 0 0
-22.6790008545 -9.01298046112 11.1639003754 0 0 0
-6.503764867785 -3.96769499779 7.018965005875 0 1 0
-2.767865441061818 3.765887260436364 6.1470454822872735 0 0 0
-16.93762493135 4.2510424852375 9.2023701667775 1 0 1
-17.265725612675 7.32866001129 16.412300109874998 0 0 0
-24.701350212125 -8.4172425270075 6.9321949481975 0 1 0
-13.322250008600001 -11.521824955937499 10.9262501001375 0 1 0
-11.280791500640007 10.856951413831428 6.826964582716572 0 0 0
-12.15959994 -0.39286099871 11.243433316566666 0 1 0
-5.971019983290001 8.144404888155 1.332000017165 0 0 0
-20.1676502228 11.756399631499999 15.576449871049999 0 0 0
-17.758299907045828 -7.703191717465834 7.670307060082082 0 0 0
-20.0468006134 7.39351987839 11.6827001572 0 0 0
-29.64315032955 1.53163999319 10.0648999214 0 0 0
-10.767911116283333 -13.658316665205554 10.782372209761112 0 1 0
-12.133033434566668 -3.8277699947366663 21.856499989833328 0 1 0
-22.558333079033332 7.722599983216667 16.3215332031 0 0 0
-17.5554008484 5.86618995667 12.8853998184 0 0 0
0.7727884948254999 0.45955799519999996 15.113149642949999 0 0 0
-1.8440600037550001 5.94344997406 12.6188502312 0 0 0
-14.9830999374 -7.51508998871 6.8652100563 0 0 1
-15.1147503853 -7.696880102155 7.24499988556 0 0 1
-0.559319019318 10.005900383 0.899007022381 0 0 0
-5.131595993044 5.14031200409 5.066765975952 0 0 0
-3.5636133750283334 0.4464761664471666 6.797371625901667 0 0 0
-0.2696812817012015 0.250537735933912 12.619212412832502 0 0 0
-13.0338997841 0.804632514715 21.1726503372 0 0 0
-2.58953666687 3.915200074513333 6.842990080513334 0 0 1
-17.0963993073 2.01188993454 18.9505996704 0 0 0
-17.1571998596 2.01551008224 19.0125999451 0 0 0
-9.289323488873334 10.340566635100002 6.9702633221933326 0 0 0
-5.185696539671303 14.358687027643478 7.319222657577828 0 0 0
0.71469648599612 3.2706788063043994 12.634455947875997 0 0 0
-13.0045995712 -10.9566001892 5.83330011368 1 0 1
-14.0676002502 7.15759992599 24.5298995972 0 0 0
-0.252945501657729 2.792913221544517 12.653119364087095 0 0 0
-5.59446401596 2.267565965652 12.516040039060002 0 0 0
-12.220000267 11.9910001755 5.99208021164 0 0 0
-24.623049736 -5.03527522087 11.04640007015 0 0 0
-0.14081530093349287 3.2129221473428564 2.145133580479286 0 0 0
-23.1245508194 -4.029089927675 11.53200006485 0 0 0
-28.594093507338712 7.806966473979679 5.80319969115742 1 0 0
-11.296425104125 -2.6634600162525 20.237899780275 0 0 0
-11.2962999344 -9.99969005585 6.15993022919 1 0 0
-3.193326711653333 -1.52529335022 12.462666511566667 0 0 0
-19.4986991882 5.60586023331 15.6885004044 0 0 0
-29.86760003225714 4.298337187087143 9.219721249171428 1 0 0
-18.8316001892 1.13037002087 9.50512981415 0 0 0
-18.5093994141 -18.1840000153 13.9378995895 0 0 0
-5.882468032838 6.7594719886800005 5.243070030212 0 0 0
-7.4767999649 5.04290008545 23.3687000275 0 1 0
-12.102900187166666 -3.3631099859866667 22.106934229533337 0 0 0
0.4180389019574546 0.8525680953805456 6.146523649042728 0 0 0
-5.788632432618333 6.810119112333333 3.2037883202225 0 0 0
-3.178578632849012 1.253368767690741 12.56542342386173 0 0 0
-0.5218618035315999 -3.1333439826959997 9.040838050842 0 0 0
-14.0951004028 0.0242667999119 21.5067005157 0 1 0
-14.108733495066666 -0.1657262717686 21.58970006306667 0 0 0
-32.013625144950005 -1.6260400116425 3.724592506885 1 0 0
-12.59212481975 -16.7472746372125 7.546265006065 0 1 0
-10.731233278909093 10.620639425336364 7.168484832301818 0 0 0
-28.71804008484 -15.663879966740001 12.191420173640001 0 1 0
-4.8418666521722225 3.771962192323334 5.806656731501111 0 0 0
-9.49956035614 -6.69871997833 8.17691993713 0 0 1
-20.54465007785 4.4377799034150005 13.147699832899999 0 0 0
0.2671023844519904 3.23309619086238 12.649171465914286 0 0 0
0.7731100022790001 7.457394838335 0.7044315040115 0 0 0
-12.599800109850001 -13.6837000847 11.03274965285 0 1 0
-21.80125045775 -9.207540035249998 10.5597500801 0 0 0
-44.079299926733334 -19.2574996948 7.564140001933333 1 0 0
-43.95563379926667 -19.271200180033333 7.655080000560001 1 0 0
-10.351749897000001 -0.026074400171649997 21.4317998886 0 0 0
-22.37656641006667 11.211583375916668 10.669200022999997 0 0 0
-17.79198296865 -7.5392133394883345 7.222211599351666 0 0 0
-31.768646748866658 -2.8079853216819997 8.292190043132667 1 0 0
-4.48307991028 3.22137999535 8.18669986725 0 0 0
-28.15610008238 7.748489952087999 11.366519927959999 1 0 0
-26.2292003632 5.00131988525 11.070599556 1 0 0
-3.6584959580346164 0.2604019759724442 12.546469174896156 0 0 0
-14.0156002045 -2.93459010124 20.8857002258 0 0 0
-15.887000083900002 -0.03966067451985 5.6255525350574995 1 0 0
0.670139014721 -2.98927998543 14.9005002975 0 0 0
-22.4717998505 -8.75640964508 11.0796003342 0 0 0
-4.026043256123334 -1.2416433095933332 12.502099990833331 0 0 0
-3.1659450531 -0.15570074692389999 16.9167003632 0 0 0
-9.9933795929 9.16376018524 10.5805997849 0 0 0
-0.497123003006 -0.549772977829 9.20324039459 0 0 0
-0.518639028072 -3.79274010658 13.5153999329 0 0 0
-30.045949935899998 6.277904987335 9.931644916535 1 0 0
-2.9920399189 -1.24347996712 12.4078998566 0 1 0
-5.680081764858333 4.147631645203333 5.388715028761666 0 0 0
0.44983255532055555 3.8005466461166666 0.8537209894922222 0 0 0
-2.908115959166 1.7839639902120001 18.654139709460004 0 0 0
0.545782658789 3.7105743885022218 0.917969657315 0 0 0
0.3073113337160833 3.6384017070141663 12.7311082681 0 0 0
-12.2499001821 1.9707866509766667 5.9796166419966665 0 0 0
-18.18379974365 10.9131503105 17.154099464399998 0 0 0
-12.144816637033335 -3.6672766606016665 22.090325037624996 0 0 0
-28.7077999115 -20.0887002945 8.89206981659 0 1 0
0.8566954569384548 4.747302792289091 0.7419626333496364 0 0 0
0.36828735896535714 3.7699007306792858 1.2175814339071425 0 0 0
-0.10827457718562501 3.23377996683 1.9531975090475 0 0 0
-24.10823313393333 10.348400116 14.074399948133333 0 0 0
0.18865819871439998 -0.27584593743096 9.945829963684 0 0 0
-31.461579895019998 3.3657940387700003 10.933800125120001 1 0 0
-3.64758992195 0.54731297493 6.48789978027 0 0 1
0.21700590909327408 2.7742870305037837 12.624935124381086 0 0 0
0.6316121295095 4.33041882515 0.9520053789020002 0 0 0
-0.11454154923568333 3.55919333299 2.0827049811683334 0 0 0
0.436394989491 4.08436012268 1.28184998035 0 0 0
-7.544818361600833 0.7919854968788335 12.340091784791666 0 0 0
-0.960034688314 11.162966728199999 0.3861383398373333 0 0 0
-17.7537460327 -7.541477606846923 6.05042692331077 0 0 0
-17.247243881223067 -7.413217456523925 6.70992216330346 0 0 0
-0.26797566811233337 7.064289967219999 12.29651673635 0 0 0
-17.243135910028002 -7.33499917984 7.934979591370801 0 0 0
-11.25939979554 -1.66330602169 21.1289199829 0 1 0
-29.25268964206323 6.271113970699704 3.7754620629202935 1 0 0
-28.178674697875003 -7.6766725778575005 7.3231400251375 0 1 0
0.447631493211 -3.463320016865 13.2215499878 0 0 0
-29.3919992447 1.593030035495 9.57688999176 1 0 0
-16.60130023955 1.435160040855 19.226999282850002 0 0 0
0.6625779345631251 0.18043499172202496 2.18770565092625 0 0 0
2.9673166275033336 9.820839881896667 0.8130286733309999 0 0 0
-0.8879725039005001 10.4124125242125 0.28662962652725 0 0 0
-7.624914104288181 2.893710450691818 11.273322798986364 1 0 0
-11.58604955675 -5.237585067745 9.933885097505001 1 0 1
-31.6612997055 -1.9242650270450001 8.98852491379 1 0 0
-0.066725936718325 3.7658100128175 1.936297506095 0 0 0
-17.27084624461795 -7.439114888509232 10.169461617097435 0 0 0
-21.3551998138 3.00229001045 8.08495998383 0 0 0
-0.929831027985 11.2112998962 0.524771988392 0 0 0
0.6226087902721579 3.645584219380527 1.2266147513136845 0 0 0
-2.06469988823 0.679552972317 14.7937002182 0 0 0
-16.140499115 12.0163002014 7.37308979034 0 0 0
-42.870325088475 -13.8444750309 5.2594075202925 1 0 0
-17.1056499481 4.508910179140001 11.291899681050001 1 0 0
-1.65437715394 -3.434087106161428 8.707411493574286 0 0 0
0.939592003822 6.24714994431 2.28718996048 0 0 0
-16.675560379020002 -7.52855005264 6.607615947724 1 0 0
-16.2376995087 -7.80275011063 6.28940010071 1 0 0
-0.8481608986854999 10.746569824230003 0.273285600543 0 0 0
-16.7324991226 -3.952564954755 15.31274986265 0 0 0
-19.3729000092 7.49194002151 12.035200119 0 0 0
-6.33612587872647 9.127932380228234 4.126162332647059 0 0 0
-17.903463594836364 -7.4373863104612115 7.2623917839748495 0 0 0
-21.4829998016 -0.383942008018 8.6026802063 1 0 0
-24.578632990533333 9.3549935023 10.409700075800002 0 0 0
-25.6888008118 -7.48903989792 7.51248979568 0 0 0
-6.302389939623333 15.236699740099999 7.507699966433333 0 0 0
1.1518950164325 5.3289149999625005 0.6392677426340001 0 0 0
-42.588157108857146 -15.214528764985715 5.777749947138572 1 0 0
-42.31021445138571 -15.369828496657144 5.596301487514287 1 0 1
-1.11995005608 5.40537977219 12.5798997879 0 0 0
-17.776800155625 -7.61038005352 6.6868174076075 0 0 0
1.01510000229 6.26197004318 2.4231300354 0 0 0
-0.114647001028 4.44160985947 13.0102996826 0 0 0
-20.1079492569 -8.685490131375001 16.67345047 0 0 0
-3.5805087685575003 2.6514838039874995 2.216331243515 0 0 0
0.490720003843 0.852069020271 7.31418991089 0 0 0
-1.144945025445 10.3063502312 0.519480496645 0 0 0
-6.02380990982 2.82119011879 12.5012998581 0 0 0
-11.478033383666668 -4.817506631216666 19.927500406866667 0 0 0
-7.742209911345 5.867594957350001 23.7422504425 0 0 0
-17.216399955740002 -8.084866905210998 11.661869907379998 0 0 0
-31.3869495392 3.8057949543 10.94359970095 1 0 0
-10.25767382108615 -10.656296920776922 8.138157976591076 0 0 0
0.6286447710462222 3.418747769462223 1.2775111330877778 0 0 0
-16.3910331726 12.605166753133332 14.316733360333332 0 0 0
-18.5076999664 -7.47750997543 10.1183996201 0 0 0
-16.1265001297 1.936805009845 19.62215042115 0 0 0
-10.741184870403032 10.877990867148485 6.848210594871515 0 0 0
-17.6457996368 5.33970022202 14.5120000839 0 1 0
-7.256554126739999 10.215220069859999 2.374859952926 0 0 0
-31.436366399116668 0.379140165945 11.332750002533336 1 0 0
-0.34483833114299994 7.036019961036666 12.7168998718 0 0 0
-0.3244050890208181 -0.8307020068168182 6.807370099154545 0 0 0
-10.731821060184211 10.4300790084 7.419531019109999 0 0 0
-10.735650301 -1.1141025125975 22.0577750206 0 0 0
1.36390298605 7.857847976685001 2.277640986444 0 0 0
-8.2727425098425 3.1782850027075 8.2452149391175 0 0 0
-2.9556533495566666 1.19541335106 17.8328666687 0 0 0
-6.05799007416 7.24442005157 6.98095989227 0 0 0
-4.52351999283 1.45981001854 8.06455039978 0 0 0
-17.4167995453 10.961400032 9.7902803421 0 0 1
-22.3693002065 -16.102132797233335 13.228033383700001 0 1 0
-18.0202007294 -13.2782001495 11.5174999237 0 0 0
-12.5013999939 -11.1800003052 11.5692996979 1 0 0
-0.484723985195 -3.05621004105 8.77653980255 0 0 0
-3.06166005135 -0.0340748988092 17.1410007477 0 0 0
0.11438239449640401 4.342702007293999 2.614323997494 0 0 0
-23.94354963305 11.305900096875 11.318699836750001 0 0 0
-33.9751014709 -16.700799942 10.0015001297 0 1 0
-33.85013885498 -16.75710029602 9.81983795166 0 1 0
-1.1428319931039999 7.578787899016 10.60021991728 0 0 0
-17.790367126466663 -7.541229963301667 5.973603328068333 0 0 0
-14.7082004547 1.99511003494 9.8214302063 0 0 0
-0.506660997868 1.70271003246 8.32828044891 0 0 0
0.3328178567545714 -0.38879999944142857 1.0866528408857141 0 0 0
-1.41425001621 5.2776799202 12.4510002136 0 1 0
-8.50177001953 -9.20279026031 8.82034015656 0 0 0
-8.544595241545 -3.776419997215 11.90430021285 0 0 0
-10.9518995285 -7.35975980759 10.4330997467 0 0 0
0.79176874458775 1.2274525016562499 2.21639370918375 0 0 0
-18.5074005127 -10.2119998932 8.26615047455 0 1 0
-17.744766235366665 -7.543969949083333 8.233379999796668 0 0 0
-21.2524499893 -7.0723199844349995 12.5350999832 0 1 0
0.758126005530375 0.22099676309148752 1.276627510785 0 0 0
-9.668506622313332 -4.21657991409 10.5128997167 1 0 0
-8.636096636456665 2.01749666532 11.768099784833334 1 0 0
-7.219561508722856 10.603914397099999 8.760798454282858 0 0 0
-5.252643966676 10.350079917899999 10.12320003508 0 0 0
-13.9520998001 3.54359006882 11.9969997406 0 0 0
-32.4523487091 -1.1634099781525 10.33795022965 1 0 0
0.7773226317093878 3.7396508090351013 12.625310216634691 0 0 0
-14.715866406766667 -2.69274663925 17.910699844333333 0 1 0
-17.29607486725 -7.611597537994999 8.2476198673225 1 0 0
-0.5112529993054999 -3.1131349802050003 13.934500217450001 0 0 0
-31.420866648366665 2.792713363965 10.371716658266665 1 0 0
-31.5203990936 2.80890011787 10.3719997406 1 0 0
-18.1044006348 -18.9908008575 14.983300209 0 1 0
-10.2737719714625 10.884268760678122 6.855236575007499 0 0 0
0.687359988689 7.01191997528 4.10237979889 0 0 1
-13.0847997665 -17.090632756566666 6.863700071973334 0 1 0
-10.76778888703889 11.069416681927777 6.581732273101668 0 0 0
-11.4649000168 12.0064001083 5.94173002243 0 0 0
-6.2766162157075005 9.2667986154575 2.19243124127375 0 0 0
-16.0235004425 8.95545959473 8.4513502121 0 0 0
-19.37788009642 12.865999984759998 15.354920005779999 0 0 0
-5.462689876555 8.195909976955 4.9473450183850005 0 0 0
-9.53501033783 3.97018003464 21.3943004608 0 0 0
-13.60847496985 -7.102595090865 4.728422522545 1 0 0
-7.1839504923135715 -5.247185003190238 7.429704825083094 0 0 0
-27.439199924475002 -17.3601999283 12.847700119 0 1 0
-14.624433517433333 5.51512002945 11.455966631566668 0 0 0
-11.239545388645455 10.411804502659093 7.392587271604089 0 0 0
-0.1493468366564 5.597130012511999 10.814260101319999 0 0 0
-4.773936748503333 1.8846799929933333 8.429403305056667 0 0 0
-15.638966719316668 -15.721300125133334 7.338213364283334 0 0 0
1.04844999313 1.44870996475 0.917734980583 0 0 0
-17.41244983675 -7.577514886855 6.70828509331 0 0 0
-16.8955993652 4.08965015411 11.3789997101 1 0 0
0.47264919877059997 0.7111329913140001 6.763484001162 0 0 0
-5.8833025693925 4.02707993984 5.568997502325001 0 0 0
-6.67107009888 8.50049972534 6.84954023361 0 0 0
-27.253300348899998 -16.6336663564 9.134999910989999 0 1 0
-16.8924007416 1.87196004391 18.9894008636 0 0 0
-3.137343612211207 0.747060294808983 12.538144752891382 0 0 0
-5.2830887436875 6.3699924349775 33.7109627723875 0 0 0
-3.12417006493 5.39995002747 11.0036001205 0 1 0
-6.6599998474149995 5.484790086745 24.617549896249997 0 0 0
-13.807100296 -1.04059004784 20.9454994202 0 0 0
-17.051899909950002 1.76730501652 19.0734500885 0 0 0
-9.10455989838 4.72016000748 22.9782009125 0 0 0
-20.745800018300002 -4.5217449665050005 9.451444625855 0 0 0
-15.1659198761 5.146926116942 17.64028015138 0 0 0
-17.6047000885 11.842600186666667 17.6756998698 0 0 0
-4.2467829987805406 1.2647670378564864 12.540648640805404 0 0 0
0.03642831230534 3.2676333586366666 2.23477331797 0 0 0
1.3035576893730767 3.7149799970484616 1.2145715676815383 0 0 0
-9.27920484543 -7.166074991225 11.883500099199999 0 0 0
-6.0820833841966655 6.856689929960001 32.930199940966666 0 0 0
-28.906599998449998 -19.909349441499998 9.04381990433 0 1 0
-8.651589870455 4.348462581634999 23.22459983825 0 0 0
-8.565833409626666 4.609850088756667 23.241133371999997 0 0 0
-7.883689948489999 2.1388456821457145 11.79597146167143 0 0 0
-21.2451000214 10.5015001297 11.1352996826 0 0 0
-30.688844468844447 -12.147566689388889 7.801728937361111 1 0 0
-28.071359200909093 6.2060508944781825 9.18018956617909 1 0 0
-12.66950035095 -1.5740050077449999 22.53454971315 0 0 0
-18.4610996246 7.43315982819 16.4416999817 0 0 0
1.27283623814625 2.2468306273212506 1.2417168617249998 0 0 0
-11.6290998459 -0.704741001129 22.5025005341 0 0 0
1.2935081828718182 2.1740664135327274 0.8898324587127273 0 0 0
-5.93860006332 9.25899982452 1.00188004971 0 0 0
-28.176856994628572 7.678220714841428 8.114352907452856 1 0 0
-17.273125171674998 -7.280127525327499 7.079044938085 0 0 0
-17.397600174 9.52268981934 10.3185997009 0 0 0
-13.494099617 -3.50156998634 21.3840007782 0 0 0
1.397808896171111 2.7289294401800004 0.7992789447308334 0 0 0
1.377326235175 3.26961001753875 1.1905812621124998 0 0 0
-8.260133816645386 7.642320046057692 3.3154815160323077 0 0 0
-13.9730000496 -12.9498000145 10.101749897000001 0 1 0
-18.1072998047 7.57711982727 16.4463996887 0 0 0
-13.555175066 -13.523824810987499 9.54405999183625 0 1 0
-3.06122004986 -0.579279989004 15.451100349450002 0 0 0
-8.20560995738 7.44240649541 3.2916800181066663 0 0 0
-25.5524997711 2.09085011482 12.9088001251 0 0 0
-12.6139001846 1.03971004486 19.5256996155 0 0 0
-3.220976670583333 0.5385756691296667 12.4841667811 0 0 0
-27.677500247974997 8.6350822448725 9.884689807889998 0 0 0
-0.943388998508 -2.86670994759 12.9777002335 0 0 0
-1.71021875739125 -0.1086885114201 12.5215500593125 0 0 0
0.942426979542 -0.872097015381 6.5595998764 0 0 0
-7.58596992493 5.4280500412 10.935500145 1 0 0
-24.5757007599 -6.56190013885 10.2838001251 0 0 0
-3.57758998871 2.74805998802 2.60877990723 0 0 1
-4.834611525903077 -8.606021587665385 8.887682988094614 0 0 0
-22.1047000885 -8.26150035858 14.9954996109 0 1 0
-9.58456579844143 -9.929981822059526 8.404881976899523 0 0 0
-12.55189991 -0.361313998699 21.7304000854 0 0 0
-18.121899604825 -15.64827489855 11.04445028305 0 0 0
-16.658249855 12.79720020295 13.40145015715 0 0 0
-20.9677505493 -6.985080003735 12.3640999794 0 1 0
-2.7871334552759635 0.24270943320316687 12.524332688411537 0 0 0
-10.731637477875 -10.6646875142875 8.569271326065 0 1 0
-12.836466471366668 -1.5634100039800003 22.407866795833332 0 0 0
-29.234191556772924 4.249881674846146 5.295259897907917 1 0 0
-15.5312004089 13.2297000885 14.0010004044 0 0 0
-1.5764400064975 10.747300147999999 10.383050203325 0 0 0
-20.5722007751 -8.35233020782 16.5028991699 0 1 0
1.28558003902 3.65851998329 0.847818017006 0 0 0
-4.609084033966001 0.26466439813355996 12.51903991698 0 0 0
-3.31720495224 2.3952674865725 3.0985974669450003 0 0 0
-2.1971874833125 6.321672320365001 12.642874956150001 0 0 0
-9.4017996788 -8.30162477493 11.857049942 0 0 0
-13.15809965135 -11.05329990385 7.509620189665 0 0 0
1.6037127321409093 3.3569618571890913 0.8288054412059999 0 0 0
0.764177024364 8.00654983521 1.06436002254 0 0 0
-11.1699500084 6.593184947965 24.44825077055 0 0 0
1.566732525825 4.2801151275625005 0.797180995345 0 0 0
-4.155054491758749 0.7001835122704876 12.464064979557502 0 0 0
-2.7455045195190193 0.21221048814044116 12.472148913964704 0 0 0
1.5231000185 4.18913984299 1.04019999504 0 0 0
1.4052482422652943 2.715091775445882 1.248381165897647 0 0 0
-21.191100120575 10.519049882900001 10.78662514685 0 0 0
-10.48299980165 -14.168299675 9.860500335695 0 1 0
-15.3489999771 10.5579004288 9.9656496048 0 0 0
-15.28924704533137 -7.352631578258236 11.21043328677647 0 0 0
-2.367964527825455 -0.6681492707946364 12.519291010754547 0 0 0
-20.5969009399 11.2630996704 14.5829000473 0 0 0
-8.30529975891 -7.91029977798 11.8879995346 0 0 0
-17.198299408 -7.74294996262 6.03327989578 0 0 1
1.8459792137130768 4.922115325926923 0.5946851510267692 0 0 0
-7.156921958923999 -0.2617571949958 11.9682598114 1 0 0
-13.9117002487 2.04051995277 5.99330997467 0 0 0
-2.7776831683547525 0.7287449506249404 12.526773311124748 0 0 0
-13.128799915350001 -2.16297507286 20.39505004885 0 1 0
-2.94744992256 -1.52103996277 14.5472002029 0 0 0
-3.56322491169 -1.424104988575 6.4112949371350005 0 1 0
-19.0615997314 8.61804962158 10.2853002548 0 0 0
1.7342319965360002 3.784773921968 0.8062412023544001 0 0 0
1.5801028353814286 3.8801014763957147 1.193522879055714 0 0 0
-27.315280151339998 -16.568059921259998 8.35171985626 0 1 0
-10.4910001755 -7.53494977951 8.68111038208 0 1 0
-12.118299802133334 -9.984306971233332 7.826956590016667 0 1 0
0.84378399699925 0.6137906312941249 1.1884487569350002 0 0 0
-19.92141660053333 -12.20916668575 11.265533129366666 0 0 0
-5.8647267023700005 7.20330842336 5.2240733305600004 0 0 0
1.518279969695 2.841609954835 0.8500280082225 0 0 0
-14.4114499092 -5.9381849765800006 18.610850334200002 0 0 0
-18.964066823333336 11.859333356233334 17.770266850766664 0 0 0
-19.03419971465 11.9142999649 17.8275499344 0 0 0
-28.360200882 -6.61476993561 9.03905010223 1 0 0
0.06608000025155 2.7522649765000002 2.5905250310900003 0 0 0
-28.305350303650002 -20.11525058745 8.803020000455 0 1 0
4.235779966628572 13.6480143411 5.922077110835714 0 0 0
0.9120427519082499 3.3362749815 7.690502524375001 0 0 0
-3.5477000077533334 1.23296002547 6.940450032549999 0 0 0
1.1137945218536363 2.168570930306364 1.6858927119854548 0 0 0
-24.6252002716 -6.48121023178 10.2814998627 0 0 0
-24.0522994995 -1.49679005146 10.4989995956 0 0 0
-31.20635986328 -16.11524009704 8.732214164732 0 1 0
-31.07814979555 -11.0842499733 1.03333002329 0 1 0
-6.1212400198 8.1473801136 3.1576674580575 0 0 0
1.50304996967 2.42993998528 0.705715000629 0 0 0
-7.948733329773333 4.04520003001 23.553633371999997 0 0 0
-29.366719818119996 -11.327320098860001 1.2333440303820002 1 0 0
-13.4521999359 -3.60116004944 21.5046005249 0 0 0
-23.8892002106 -16.9911994934 14.5397996902 0 1 0
-13.0963001251 6.70506000519 9.62613010406 0 0 0
-27.5606002808 -8.01980018616 7.28307008743 0 1 0
-29.92569923405 -16.05429935455 8.84818983078 0 1 0
1.529143333433333 3.1542000770566667 1.2561066548 0 0 0
-17.0606002808 -18.4431991577 12.6118001938 0 1 0
0.1782257345814 0.1000813345116 14.355466524766667 0 0 0
1.920289993285 5.043750047685 0.6950764954090001 0 0 0
-16.639133135483334 12.362791697191668 9.720899184544999 0 0 0
-0.401697993279 0.399706989527 7.97098016739 0 0 0
-5.588142514227501 10.458524704 5.2214925289175 0 0 0
-7.3466961567215385 -5.361760726341539 7.551386172954616 0 0 0
-14.0722999573 5.90361022949 12.1824998856 0 0 0
-10.3613996506 -1.47029995918 21.4312000275 0 0 0
-14.3163003922 -3.11467003822 18.0263996124 0 0 0
-16.049835429476474 12.3153411641 8.769261247972942 0 0 0
-19.7928009033 12.035200119 16.0331001282 0 0 0
-8.373835086820002 6.103385210035 1.606205046175 0 0 0
-16.462649345400003 -6.374180078509999 7.4461898803699995 0 0 0
-7.559223333993334 10.895716667183335 2.2335666815466664 0 0 0
-17.595500946 13.6905002594 15.5142002106 0 0 0
-16.75486691793333 12.329200108866667 10.225566546133335 0 0 0
-28.5121002197 8.42492961884 9.44268989563 1 0 0
-17.0340003967 1.93546998501 18.9657001495 0 0 0
0.6226087510585 3.8179049491874997 0.411498993635 0 0 0
-0.2286337473676559 0.7726044093861176 12.576852966752941 0 0 0
-27.596233367933333 -19.757566452 10.419266700766668 0 1 0
-27.58209991455 -19.601050376899998 10.725299835200001 0 1 0
-21.1597003937 -9.04039955139 5.97849988937 0 1 0
0.5963881731032 1.0978140115739998 6.792235946654 0 0 0
1.4459800322866665 8.225339889526667 2.4503866036766664 0 0 0
0.6760209997495 0.72971753776075 2.2775870859625003 0 0 0
-12.5811004639 -5.92082977295 5.14746999741 0 0 1
-9.40521001816 8.841885089875 5.65157008171 0 0 0
-24.66415023805 2.901994943615 11.479499816899999 1 0 0
-13.0037002563 -14.5187997818 8.03322982788 0 1 0
-3.35511994362 2.384159962336667 2.906986713406667 0 0 0
-4.189318389892 0.8076913928985602 12.524876060479999 0 0 0
-23.635933558166666 8.912033398946667 10.3707002004 0 0 0
1.61204004288 4.33997011185 12.4254999161 0 0 0
-2.7716100215916666 5.741683324178332 11.275699933366667 0 1 0
-2.3093170605460775 0.2090911113488479 12.469809775260781 0 0 0
-10.262441130252942 11.085935312158826 6.59634884666 0 0 0
-28.739499568950002 -15.088074922575 8.131982564925 1 0 0
-2.01465499401 -6.924504995345 16.817099571249997 0 0 0
-1.2350283265116666 6.67124168078 12.682116667416665 0 0 0
-4.49790000916 2.23416996002 6.32907009125 0 0 0
-19.9853000641 12.0033998489 15.9970998764 0 0 0
-7.352839946745 12.238049983949999 2.128324985505 0 0 0
-6.51601982117 8.45193004608 4.44447994232 0 0 0
1.7080899477 7.48818016052 1.56298005581 0 0 0
1.52025997639 8.44155979156 2.5529999733 0 0 0
1.319412946702353 7.214686505934704 4.792081776787647 0 0 0
1.5227333307266668 3.842556635536667 7.233736673989999 0 0 0
-11.1639331182 -13.6338335673 10.1832332611 0 1 0
-10.2571302680093 10.18338602642791 7.758099766663955 0 0 0
-21.9437007904 11.0029001236 10.7764997482 0 0 0
0.26603615470215 5.458534955975 11.23845005035 0 0 0
-16.416000366200002 3.8962650299100003 8.74429512024 0 0 0
-3.053194999695 0.86534050107 17.40279960635 0 0 0
2.2704123350284613 8.355545337384614 1.211891550283846 0 0 0
-23.4141998291 -9.38665962219 6.53704023361 1 0 0
-6.40705795288 8.252021980285999 4.206543922424001 0 0 0
-12.9579000473 -2.45130991936 19.1669006348 0 0 0
-21.803517023716665 -1.1208483378099998 6.755625089008333 1 0 0
-6.225100040435 -4.4571750164025 4.895027518272499 0 0 0
-17.5632991791 3.04173994064 19.0580005646 0 0 0
-2.19170974493 0.21238070706025575 12.519564986224998 0 0 0
-13.984000206 4.00570011139 15.1564998627 0 0 0
0.31386599370414286 5.652727058955714 12.366157259271429 0 0 0
-15.0401000977 3.74482011795 12.0087995529 0 0 0
-16.792710113520005 4.133249139784 10.621110057820001 1 0 0
2.05963993073 5.4840798378 0.745015978813 0 0 0
-4.251915386745143 1.7420991386685714 12.545874323162852 0 0 0
-23.903032938633334 -17.8098004659 12.035466512033333 0 1 0
-11.287471362528573 9.974618639264284 7.965641498565715 0 0 0
-27.708990097040004 -16.58892974852 8.801484012605002 0 1 0
-7.466558297475832 3.7160175045333337 11.922666788116667 1 0 0
-24.0743999481 -8.35727024078 9.33465003967 1 0 0
-13.2504997253 2.01858997345 18.0851993561 0 0 0
-9.09939002991 4.4867401123 23.0298995972 0 0 0
0.8831310073536668 0.289061670502 3.257166663805 0 0 1
-5.313089983804285 7.752102851867143 5.16242292949 0 0 0
1.1619364448971428 1.785709977149286 1.2498792920785713 0 0 0
-28.0279998779 -2.52568006516 11.4070997238 0 0 0
-2.700399009386333 0.7607111314932333 12.471090030663337 0 0 0
-24.7366008759 3.92822003365 11.4708003998 0 0 0
0.4474499970675 1.115960001945 14.93260002135 0 0 0
-16.307702626943588 -14.178571798866665 8.266567425849745 0 0 0
-3.14426994324 6.02043008804 0.615812003613 0 0 0
-10.315833409666668 -1.4538900057500002 21.623600006100002 0 0 0
-8.658480326333333 7.724856694536666 8.398680051166666 0 0 0
-5.258590030672001 8.211590003966 5.1154039382939995 0 0 0
1.097455024715 3.51504504681 7.674355030059999 0 0 0
-6.102929298694615 8.239493956932307 1.7297446177561537 0 0 0
-15.156056949057142 -5.645151478902856 20.37672860282857 0 0 0
0.07420719166603668 4.231635014216667 2.3480399847033335 0 0 0
-9.094196637473333 9.435613314309999 4.777149995169999 0 0 0
-6.82362985611 -5.96100997925 7.50345993042 0 0 0
-0.3547334439224444 -0.7466478745142223 7.315474298263333 0 0 0
1.4539116422316667 3.276500026386667 2.162104964255 0 0 0
-22.4999008179 -2.7092499733 11.5187997818 0 0 0
-21.920299530033333 -9.811463356016667 6.272726535796667 0 1 0
-28.4563999176 3.56838011742 10.0267000198 1 0 0
-4.148683565633827 1.3056443223249388 12.469348153949383 0 0 0
-12.3792500496 9.456280231474999 8.47672986984 0 0 0
-0.11617759739351667 3.1887316703799997 4.316369930903334 0 0 0
-1.377629995345 5.8172574043275 10.729000091549999 0 0 0
0.47832000255575 -3.41054749489 14.568975210175 0 0 0
-7.637574911114999 1.4625799655899998 12.58459997175 1 0 0
-1.837074713573889 -0.25271943893234394 12.457461118691667 0 0 0
-7.3979428155099995 10.838171277728573 2.1623785495728574 0 0 0
-14.75 -6.5020198822 5.00329017639 1 0 0
0.1060398022335 1.1782633463533334 10.7283331553 0 0 0
-5.89272022247 2.47597002983 6.71896982193 0 0 1
-28.2803249359 -15.33082485195 11.647825002674999 1 0 0
-0.03328750096265 4.26924991608 2.06856000423 0 0 0
-5.423289966584 5.736140060424001 33.32203979492 0 0 0
-6.2031199932075 9.214375019075 1.6946250200275 0 0 0
-28.0293998718 2.47563004494 9.98838996887 0 0 0
-29.15321124041111 4.225139635580556 6.208838710079075 1 0 0
-20.9407997131 2.40659999847 7.93608999252 0 0 0
-8.733530044555 10.84184980395 7.0539250373849995 0 0 0
-9.045985221865 6.076440095905 22.6703004837 0 0 0
-2.707547907244035 1.2469101809619296 12.56158599518246 0 0 0
-11.225454590518181 -10.73029084639091 7.919609113172727 0 1 0
0.8806667725246667 1.2660055690344443 1.838341116905556 0 0 0
-23.5463008881 -8.40375995636 10.6996002197 0 0 0
0.5562464892865 4.59387755394 3.208457529545 0 0 0
-16.8050246239 -15.0170750618 8.518174886705001 0 1 0
-43.7767505646 -19.855850219725 5.6654874086374996 1 0 1
-32.154543195457144 -16.363471439885714 9.291937146868571 0 1 0
-16.9577007294 11.0752000809 11.992600441 0 0 0
-8.91137981415 -7.67426013947 11.7643003464 0 0 0
-29.14391691035454 4.233372979350129 5.730555317618572 1 0 0
-22.940399805699997 -17.110233306866665 10.834600130733334 0 1 0
-14.3161001205 2.31662988663 9.64455032349 0 0 0
-11.415566762300001 7.3359834353133335 10.903800010700001 0 0 0
-17.634249687199997 -18.9144997597 12.910499811175 0 1 0
-2.919627952576 5.2441781044 2.1314620018 0 0 0
-1.2007483343295835 -0.6452400013804168 12.539254188533334 0 0 0
1.1426927284745454 7.175066427750909 2.291758190502727 0 0 0
1.1253333091766666 1.7000466982499998 3.632550001143333 0 0 0
-44.219799804699996 -19.23545989988 7.255863952638 1 0 0
-24.7880001068 6.4936299324 10.9229001999 0 0 0
-24.16743278503333 -8.24175008138 10.022533416766665 1 0 0
-2.2896841413835287 0.7057874728651764 12.529817805570586 0 0 0
-11.6781001091 0.1232248991728 21.3927497864 0 1 0
1.7622950077050001 4.242724895475 2.331555008885 0 0 0
-28.3173999786 -6.49549007416 8.99322032928 0 0 0
-32.26814547452727 1.3441554307945456 0.6734293645076364 1 1 0
-18.6546001434 7.50653982162 16.7691001892 0 0 0
0.7120169997215999 0.8094979882240001 2.7266680240639998 0 0 0
1.8903174797691669 8.699627637863333 15.663199901591668 0 0 0
-26.5512008667 7.06640005112 10.0204000473 1 0 0
-11.4644002914 -12.9160003662 10.7020998001 0 1 0
-13.1505002975 1.37706005573 9.82223987579 0 0 0
-32.5335006714 -1.35207998753 9.48151016235 1 0 0
1.126699984075 6.887929916385 2.476785063745 0 0 0
-0.7566700969872631 0.25086945288902757 12.550742149350002 0 0 0
-4.323612894328571 -4.252241475244285 33.08888517105714 0 0 0
-0.100758999586 2.54214000702 1.92272996902 0 0 0
-30.90139961245 3.3139300346400002 11.16000032425 0 0 0
-14.0461001396 -6.724570035935001 20.95855045315 0 0 0
-27.27932014465 -19.85438003541 10.26775007248 1 1 0
0.564043572970857 4.255118574415715 1.0944185597542855 0 0 0
-23.4547996521 -1.08844995499 10.1794996262 0 0 0
-7.30782008171 4.76093006134 8.124104976655001 0 1 0
-2.7516826202989475 1.1706594667942107 12.473068438078949 0 0 0
-6.02549982071 5.00107002258 12.3123998642 0 0 0
-10.717510965133334 0.3059231970044445 21.57546657987778 0 0 0
-28.548133214333333 9.633936564126666 10.2237666448 1 0 0
-17.055366834 13.853816668216668 9.923256715138335 0 0 0
1.1181514092857143 1.91670000553 1.7009642805357141 0 0 0
-31.060267130533333 -1.4100099802033332 9.685056686400001 1 0 0
-11.4603996277 -2.48624992371 4.95515012741 0 0 0
-13.7033996582 3.87805008888 15.5913000107 0 0 0
0.3668640106915 5.369684934615 12.4847502708 0 0 0
-5.582666662004445 2.922275569703333 9.44455326928111 0 0 0
-4.139460472833809 1.7048940431504758 12.458847681680956 0 0 0
-6.169075012205 10.9588499069 3.90445005894 0 0 0
-13.4678001404 0.825228989124 20.7838993073 0 0 0
1.15315997601 7.2172498703 1.95809996128 0 0 0
-5.671405474345555 2.8922155433233336 9.537385410732222 0 0 0
-1.7766720611475861 0.23265249646621022 12.473979358018964 0 0 0
-24.197599411 10.4085998535 13.4728002548 0 0 0
-2.84110657374 0.369505673647 16.855433781966667 0 0 0
-2.902641432625714 -1.6839657000142856 14.24698570795714 0 0 0
0.137247994542 3.62616991997 1.53064000607 0 0 0
-13.146133740766667 -0.6415179967883332 6.396716753643333 0 0 0
-22.234500885 5.99480009079 16.7982997894 0 0 0
-3.902716335498421 0.7319941583432632 12.430347442621054 0 0 0
0.3102559943996666 -0.5286509990693333 1.03394663334 0 0 0
-13.81859970095 7.202890157700001 10.4620499611 0 0 0
-19.8864002228 7.4998497963 11.8598003387 0 0 0
-23.103799819949998 6.193390130995001 10.9136500359 0 0 0
-13.645999908433332 10.870666503900003 10.396233558633332 0 0 0
-1.90590000153 -1.75652003288 15.4657001495 0 0 0
-16.718000412 11.9471998215 10.2355003357 0 0 0
-17.9008998871 -0.775090992451 7.37894010544 0 1 0
-14.114850044262498 -7.13353747129375 20.946812391275 0 0 0
-15.783053005435292 9.957894774044117 7.433901730706471 0 0 0
-2.2780696266107547 1.3181337657962264 12.558932088458485 0 0 0
-25.5415992737 9.79389953613 10.3009996414 1 0 0
-8.739172458647499 6.03596997261 22.7046251297 0 0 0
0.574969485402 5.7090798616425005 3.6017150282875 0 0 0
-11.641368806374999 -14.083799958224999 9.562267959118751 0 1 0
-2.1665811008886107 1.607028335332778 12.557913886175 0 0 0
-2.2755774557587496 1.18251998722625 12.479300022124999 0 0 0
0.864907707487 1.6406800065699998 2.2721685341428577 0 0 0
-12.1583003998 3.96352005005 11.7779998779 0 0 0
-14.064166386899998 1.25417335828 20.323132832866666 0 0 0
2.386071681975 8.685801664988334 1.158760011195 0 0 0
-0.6633015275 5.668295145035 10.92764997485 0 0 0
-12.2370996475 -4.32468986511 6.46671009064 0 0 0
-29.2000494003 1.3610399961500002 10.04524993895 1 0 0
0.9120976924896667 0.8141280015310001 0.9750543435416666 0 0 0
-6.8315200805675005 4.8797199726125005 8.140414953232499 0 0 0
-5.8936924934374995 13.109899997700001 8.0638475418075 0 0 0
-24.842666626 -10.614500045766667 8.86911646525 0 0 0
-6.38021993637 10.95470047 4.48960018158 0 0 0
-8.05727005005 4.52490997314 6.14373016357 0 0 0
-21.933833440166666 -15.931433359766666 12.7730331421 0 1 0
-6.5861180305480005 3.235306024552 6.631227970124 0 0 1
-8.17520014445 4.030403296153334 23.613166809066666 0 0 0
-1.792085826396667 0.7853395740191668 12.483200152716668 0 0 0
-4.12829017639 -0.845849990845 6.67668008804 0 0 1
-0.180459335446 -2.7982934316 6.807319959006667 0 0 0
-4.3400775194175 4.1355799436575 36.4073257446 0 0 0
-5.4751498699175 2.957984924315 9.4129550457 0 0 0
-29.130756935709233 4.783675384521845 6.208621531266459 1 0 0
1.0681549906725 7.7104400396325 4.4296075105675 0 0 0
-7.98512983322 5.22463989258 26.5825996399 0 0 0
-8.809824943545 -4.141289949415 11.920800209 1 0 0
1.467610001565 6.0349849462525 0.3723047450185 0 0 0
-3.075637459755 0.7577882409095 17.744900226600002 0 0 0
-26.3472995758 -15.9986000061 8.37835979462 1 1 0
0.40698042937685713 -2.690982886722857 13.61271435872857 0 0 0
1.25791335106 5.359219868976666 0.39305633306500004 0 0 0
-4.728897452355 3.2500900030137503 7.093467414378751 0 0 0
-24.090950012225 11.274674892424999 11.6169500351 0 0 0
0.138985627098025 6.9243398904775 12.381599903100001 0 0 0
-13.0343999863 3.92261004448 11.0507001877 0 0 0
-32.804901123 -12.576499939 9.07022953033 0 1 0
-2.145288569585714 1.7055471113771428 12.489928518042857 0 0 0
-1.7239859104168183 1.1107313632972724 12.475350076500005 0 0 0
-4.075055701392143 2.8346956968314285 12.480871336799998 0 0 0
-9.391593933106 9.866962242126 5.667317962647999 0 0 0
0.1381363980471 2.725579977035 8.394249916075001 0 0 1
-6.692949962616 -4.076410007476 8.535855865478 0 0 0
-5.977825164795 2.549965023995 2.362309932705 0 0 0
-17.145118019799998 -18.665218353281816 12.762890902436363 0 1 0
-6.58771878481 10.189049959175 0.2731830665143875 0 0 0
-9.173556645709999 5.314976692199999 24.647833506266664 0 0 0
-42.148560333259994 -13.389640235920002 7.815498065946 1 0 0
-7.36510515213 0.47613799572 12.873850345600001 0 0 0
-29.5601005554 1.06804001331 9.91864967346 1 0 0
-6.784097957612 10.69501991272 0.7326686024665999 0 0 0
-30.820933342000004 -16.078016599016667 8.652631600698333 0 1 0
-12.63849973675 -0.07359094917775 20.7747993469 0 1 0
1.01830005646 0.533042013645 3.13010001183 0 0 0
-11.300233523033333 -1.8643600145966666 20.817566553766667 0 1 0
1.8351125121099998 7.2177724838275 0.8950265049935 0 0 0
-6.221857833864 14.12112007144 7.637390041350001 0 0 0
0.20122651140100276 2.2483569383625004 12.626355515588891 0 0 0
1.4393114192157141 6.034498487201428 0.5201377272604286 0 0 0
1.66095498204 3.82121002674125 2.168415009975 0 0 0
-6.7515501976 10.6585998535 1.00809001923 0 0 0
2.294080019 8.43599033356 0.996647000313 0 0 0
-4.191849998281393 2.751459749438862 12.539281048350636 0 0 0
-4.25702263060024 2.3224988210769055 12.637471426100003 0 0 0
0.18878333270553335 5.749599933623333 12.5524667104 0 0 0
-27.393336382772723 9.167461828751819 6.795306335796363 1 0 0
1.382765455680909 5.844318259848182 0.3786915418777273 0 0 0
-7.53192996979 3.24741005898 11.2104997635 0 0 0
-17.2961997986 7.76301002502 12.02020025255 0 0 0
-6.763117492197501 9.83312618732375 0.729920491576125 0 0 0
-14.416200160999999 -1.61540997028 22.0444993973 0 0 0
-6.5867975950225 -5.38861000538 6.902199983595 0 1 0
2.24862003326 5.72888994217 0.861234009266 0 0 0
1.51278996468 6.01612997055 0.324333995581 0 0 0
-13.8850002289 -0.602598011494 21.0673007965 0 1 0
-1.7830030939800001 0.8164543292738726 12.538392743196365 0 0 0
-6.33228667577 8.148003578183333 3.8346500396733334 0 0 0
1.00187003613 7.69919013977 1.15077996254 0 0 0
-9.530469894405 4.9344151020049996 11.48834991455 0 0 0
1.28750002384 7.758232021332001 2.7415140152 0 0 0
-1.3541699647899998 -3.3268632888800003 8.879953384399998 0 0 0
-19.772083282466667 -12.698133150733334 24.122866630533334 0 1 0
-15.319599946316666 10.943566640216666 5.948498249053333 0 0 0
-25.268350601199998 -10.7177500725 8.708600044250002 0 0 0
-12.651866594933333 -0.8109313448273333 21.674966812133334 0 0 0
-16.10929965975 9.836030006405 8.846489906310001 0 0 1
-6.808315313779231 9.870845501239229 0.389795307929923 0 0 0
-13.34325027465 -11.50454998015 11.0230498314 0 1 0
-3.949508309363333 2.9109883705766664 12.470300197616666 0 0 0
-29.182326903703846 4.735010000375384 5.317356146298847 1 0 0
-14.3601999283 -1.48256003857 21.9892997742 0 0 0
2.31118011475 8.56709003448 0.999545991421 0 0 0
-6.31977510452 5.462424993515 24.412899971 0 0 0
-16.596299489299998 12.872433344500001 14.660733222933333 0 0 0
-11.060350179675 -1.8160399794575002 3.5426275134100003 0 0 0
-34.262285505028565 -5.126650060927143 8.767855780465714 1 0 0
-13.928342819228572 1.1892842905871428 20.30671446662857 0 0 0
-0.08200114965415 5.459490060805 11.19680023195 0 0 0
-14.8223217674 10.447791348339132 6.933749572090869 0 0 0
-10.384449958800001 9.102920055390001 12.0190000534 0 0 0
-6.326577118464286 8.696741376604285 1.7867656946185715 0 0 0
-41.799974441525 -12.20210027695 6.8955198526375 1 0 0
-4.618220090865 4.08896017075 36.23095130925 0 0 0
-8.720166524249999 5.929370085396667 23.155799865733332 0 0 0
-8.599309921265 5.908365011215 23.52595043185 0 0 0
-28.905759811400003 5.424020004274 8.256768035890001 1 0 0
-17.3719005585 -15.9017000198 11.4561004639 0 1 0
-33.4686012268 -14.0205001831 0.916701972485 0 1 0
-33.200675010675 -13.9438250065 0.8804119974375 0 1 0
1.5197150111200002 5.976824998855 0.4163479954 0 0 0
-3.162564992905 7.10322999954 4.7098448276500005 0 0 0
-5.98202991486 1.54683995247 3.00512003899 0 0 0
-3.0363800525649998 0.3166225031015 16.305600166349997 0 0 0
-6.28336273540091 -5.041568149220001 4.818523667074545 0 1 0
-20.785900116 -9.5054101944 9.98985004425 0 0 0
-0.1812602986706532 2.247465726306858 12.650371333528572 0 0 0
-19.058599472 5.40636014938 13.9847002029 0 0 0
-30.337233861283334 -17.850183486933336 7.323706706364999 0 1 0
-12.859824657425001 -14.565875053400001 8.0359625816325 0 1 0
-16.0974006653 12.8873996735 13.2062997818 0 0 0
-14.529999733 0.200660005212 21.2959003448 0 0 0
0.597306013107 1.00072002411 15.4776000977 0 0 0
-6.5360299348825 9.3570201396975 1.1878824830074999 0 0 0
0.593540012836 5.47938013077 11.4063997269 0 0 0
-14.9476995468 -5.52792978287 19.7949008942 0 1 0
-18.8395004272 11.9127998352 15.9572000504 0 0 0
-6.32399002711 5.441263198853332 25.3590672811 0 0 0
-4.690045118335 10.190249919900001 9.91245508194 0 0 0
1.3059900403 5.9273600578300005 0.5650435090065 0 0 0
-38.84867477415 -12.29290008545 7.7826673984525 1 0 1
1.4706333478266667 6.234480063123333 1.3212533394466666 0 0 0
-0.188581004739 -1.51613998413 18.6051998138 0 0 0
-6.709336598713333 10.180200258900001 0.6974253455800001 0 0 0
-2.9761300087 2.5038599968 1.12035000324 0 0 0
0.05464064888655 0.573759019375 9.60259485245 0 0 0
-3.212647782432222 1.2656499942133332 12.471199883344445 0 0 0
-7.106745004655 3.5850700140000002 7.524389982225 0 0 0
-5.901148257047826 -8.128615545189565 9.12605007835174 0 0 0
-0.2598216027024 1.289001989366 8.29486999512 0 0 0
-19.74654544483636 -12.757645606990907 23.831418297509092 0 1 0
-0.783980710166 7.159862858907144 11.319971357085715 0 0 0
-3.468834996225 5.11215496063 37.052600860599995 0 0 0
-16.09146995544 -15.285019969959999 7.377808046341 0 0 0
-11.896766980466666 -13.4674666723 8.34422683716 0 0 0
-17.8654994965 3.09185004234 8.49890995026 0 1 0
1.8102142810814286 4.778120040894286 0.443051142352 0 0 0
-13.196883201616666 -2.853376666706667 21.060616811116667 0 0 0
-6.64648660024 10.669933319100002 0.44889434178666665 0 0 0
-3.3773399889449998 2.7699350118637507 2.8725012242799997 0 0 0
-3.7354350365123086 0.6954120810213845 12.551873023696155 0 0 0
-9.284701919556 5.3909319877619994 24.3765197754 0 0 0
-30.6905994415 -12.0592002869 8.01723003387 1 0 0
1.2124371698942855 7.314728600638572 2.7374457291171432 0 0 0
-43.81569989523334 -18.736249923699997 4.725035031635 1 0 0
-4.7175325155275 10.243849992775 10.16457509995 0 0 0
-44.16507530210001 -19.710999965675 7.5785250663775 1 0 0
-1.4043666521733336 -3.6012966632833336 5.136406580606667 0 0 0
-10.713966740505557 -11.050422191622223 8.185160530939445 0 0 0
-1.02030003071 7.97860002518 10.4062995911 0 0 0
-21.5289993286 -9.11061000824 12.6838998795 0 1 0
-30.386833190933334 4.691469987236666 10.418899854033333 1 0 0
-4.0807666778566665 4.3471233050033335 1.68043669065 0 0 0
-3.1102399826 2.56574988365 5.00542020798 0 0 0
1.4919500351 3.5471599102 2.17171001434 0 0 0
-18.9773006439 12.032500267 17.7168006897 0 0 0
-2.76249063014875 7.6708568930625 4.227986872196249 0 0 0
-20.600266138666665 -15.268999735533335 10.816400210066666 0 1 0
1.93330001831 5.1410350799549995 0.39959049224849996 0 0 0
-41.86073732375 -12.759862542175 7.289762496947501 1 0 0
-41.944450378425 -13.194275140750001 7.2120749950425 1 0 0
-42.24489974977143 -12.3365285056 6.822328567504285 1 0 0
-14.9644002914 1.57061004639 20.3020992279 0 0 0
-2.5891225337974997 7.6980674266825 3.8630024790799995 0 0 0
-21.0095996857 8.93667030334 10.9931001663 0 0 0
0.614165484905 4.52694487572 12.46985006335 0 0 0
-6.728043937683999 11.83826007844 9.130331611632002 0 0 0
-7.51276016235 -3.8944299221 12.5150003433 0 0 0
-28.74268758296875 6.1548343896875 4.265275627375624 1 0 0
3.897120058535 13.367325067525002 5.7136075496675 0 0 0
-12.948359870900001 -13.469619941720001 9.934902000428 0 1 0
-13.8847498894 1.0578350424749998 20.57909965515 0 0 0
-3.6224833329533332 6.03253332774 12.580833117166668 0 0 0
-11.0207996368 -11.0495004654 8.45042037964 0 1 0
0.437395006418 5.52685022354 11.3386001587 0 0 0
-15.9849004745 11.5506000519 6.61113023758 0 0 0
-5.51769018173 5.56155014038 33.2694015503 0 0 0
-12.0408000946 -11.5254001617 5.27021980286 0 0 0
-23.1040992737 3.11040997505 9.48563957214 1 0 0
-2.3853924870475 7.7561749219925 3.753647506235 0 0 0
0.8583480119705 -1.22859495878 16.1433496475 0 0 0
-7.91482019424 5.63163995743 22.8955993652 0 0 0
-1.1307790040965 -0.241239302046545 12.583484935755 0 0 0
-27.4307003021 -15.2510995865 11.5600996017 0 1 0
-31.6280994415 -14.0256996155 0.983148992062 1 0 0
-20.478066762266668 -15.175366401666667 10.730066617333334 1 0 0
-23.07727479935 -17.143225193025 10.818224906925 0 1 0
-13.0146999359 11.0142002106 6.58695983887 0 0 0
-4.8012650012950004 1.2308350205399998 12.577499866450001 0 0 0
-28.92492822499744 4.645056137671538 5.752109246376153 1 0 0
-22.5484008789 6.56946992874 10.2820997238 0 0 0
-14.3620004654 -6.32405996323 5.00803995132 0 0 0
2.11535000801 7.72187995911 0.302758991718 0 0 0
-27.9328994751 -15.5045003891 11.3282003403 0 1 0
-27.6744333903 -15.3707002004 11.267399787899999 0 1 0
1.944415032865 7.535269975665 1.16703003645 0 0 0
-4.80017244816 -2.6584525108325003 32.100025177 0 0 0
-14.244400058467859 10.91439999852857 6.395972081593928 0 0 0
-5.970263481140001 1.35330001513 3.0054100354533335 0 0 0
-16.5496006012 -10.4588003159 11.1948003769 0 1 0
2.313695001602 8.274380016328 0.3812909007072 0 0 0
-7.36458015442 7.35155010223 7.02120018005 0 0 1
-0.6657810091972001 5.751693916322 12.73705997466 0 0 0
-6.758180809022 -10.113436088568 8.653701515197998 0 0 0
-20.1045335134 -12.649433135999999 23.153466542566665 0 1 0
-8.930935382845 8.88168954849 5.045539855955 0 0 0
-29.9624996185 4.87643003464 9.53127002716 1 0 0
-15.155340003960001 11.030280113220002 5.964251995086 0 0 0
-32.7199497223 -0.967198997736 9.925555229185 1 0 0
-0.288263901323 2.248927998543 9.25884819031 0 0 0
-21.853281888118183 11.35502737219091 10.196954467072727 0 0 0
-26.941466649366664 -17.029833475766665 12.285700162233333 0 1 0
-28.936585835042855 4.4470443725585715 5.681411402565715 1 0 0
-10.702199935900001 -2.11059999466 20.7964000702 0 1 0
-1.6957785443563413 3.1567958389829265 12.580104920919513 0 0 0
-11.0686497688 0.5407244861125 21.70385074615 0 0 0
-33.31693394976667 -12.761400222766667 9.110219955446667 0 1 0
-14.552066485066666 -16.2632668813 7.521610101066666 0 1 0
-6.59939002991 5.47204017639 25.3724994659 0 0 0
-14.10130023955 -7.30771994591 21.04540061955 0 0 0
4.233868667058571 13.62514277867143 6.088292803082858 0 0 0
-4.213945972385075 3.2051559597698516 12.5301044521 0 0 0
-14.9256000519 -5.443379879 16.3526000977 0 0 0
-14.7995004654 -0.566136002541 5.52277994156 0 1 0
-2.2495420074468 0.72949219942092 6.256596012115599 0 0 0
-29.5116004944 2.00741004944 8.50642967224 1 0 0
-8.24433784485 3.7539099693280003 23.661360549919998 0 0 0
0.56666947901275 3.3282199502 8.6193151474 0 0 0
-6.1113150119799995 2.411945044995 2.9527850151050004 0 0 0
-26.04890060425 -3.0799200534800004 10.821999549849998 1 0 0
1.46988999844 5.55302000046 12.355099678 0 0 0
-6.35664987564 5.5722899437 24.3246994019 0 0 0
-9.448969841 -0.753861010075 10.1295995712 0 0 1
-29.09242526688333 4.685730834802084 5.7373983263979165 1 0 0
-10.765385763971429 11.63081441605714 6.122571468352857 0 0 0
-2.7083950042725 -1.16773250699 14.274900197974999 0 0 0
-0.8122461719333772 -0.2532754384930089 12.580751023192454 0 0 0
-27.44543329873333 9.04968992869 3.5939099788699997 0 0 0
-13.8338003159 0.994122982025 20.4288005829 0 0 0
-4.387375036876667 6.0867816607166665 4.895015001296667 0 0 0
-16.1585752964125 10.932337522525 9.251811265945 0 0 0
-3.039229989055 5.823004961015 1.9363049864800002 0 0 0
-7.349990010260001 12.864399909949999 8.617632627487499 0 0 0
-20.7618999481 -3.888149976735 2.55149495602 1 0 0
-28.3199005127 1.60545003414 7.99024009705 1 1 0
-4.91394662857 4.931913375853333 3.44476334254 0 0 0
-2.97151994705 5.75763988495 2.03362011909 0 0 0
-10.0450000763 -2.72049999237 8.20421981812 0 0 1
-14.263716192802939 10.687563251047056 6.740266484372352 0 0 0
-7.438560009004999 3.1232575178150004 13.101400136925 0 0 0
-4.139288498806153 2.2062184994046152 12.448823048515386 0 0 0
-9.49938011169 9.85114002228 6.05540990829 0 0 0
-10.6465251446 6.426649928095001 26.2839245796 0 0 0
-8.12322044373 3.41878008842 23.6963996887 0 0 0
-3.2960240364080002 5.302134037018 12.606420135479999 0 0 0
-0.3487856586773333 7.080129941303333 11.418966929133333 0 0 0
-30.163466771433335 1.2606066465366668 9.574520111083334 1 0 0
2.8773650527 9.418314933775001 0.352973751724 0 0 0
-6.3072472485618185 -6.727474516087272 8.114310004493637 0 0 0
-6.360409975055 -3.9132000207899997 7.035940170290001 0 1 0
-3.287706653276667 4.817621628443333 4.835598230361668 0 0 0
-19.353628431071428 -12.194699832385714 23.604628426700003 0 0 0
-28.8066997528 -15.59735012055 8.451560020445001 0 1 0
-18.899600029 7.6846251487699995 12.306849956499999 0 0 0
-2.2169574059942105 0.6648210600801581 12.459957976089475 0 0 0
-4.340926647185556 6.743152141572223 34.122155083555555 0 0 0
-35.61680030825 -4.887622475625 10.1847999096 1 1 0
-3.40827989578 4.76003980637 12.494099617 0 0 0
-6.90705013275 5.13669013977 10.9486999512 0 0 0
-19.0289993286 2.48874998093 8.17893028259 1 0 0
-26.657928739285715 -18.868928364357142 10.310500008714286 0 1 0
3.270455002785 10.743750095349998 1.168990015985 0 0 0
-38.25427627565 -13.045074939725 8.3862249851225 0 1 0
-38.3643989563 -12.9217996597 8.42932987213 0 1 0
0.538370013237 -2.2079501152 13.4099998474 0 0 0
-4.263740970974762 0.2648754481758286 12.513533228904762 0 0 0
-30.5140991211 -16.0296993256 8.49639987946 0 1 0
-6.184887981412 7.286531925199999 1.7320499897019999 0 0 0
-3.271382570265 2.39915007353 2.0452150106425 0 0 0
4.6006421089180005 14.24027996062 5.774923992158 0 0 0
3.01628994942 9.7688999176 0.215520992875 0 0 0
-4.5619499683399996 7.1249625682825 34.238849639899996 0 0 0
-2.7951966921466664 6.23921664556 1.21841331323 0 0 0
-33.17134857175 -13.85840034485 1.062379956245 0 1 0
0.0045078699477 6.94220018387 12.5520000458 0 0 0
-30.254589804293097 3.639953087116207 4.274436227206206 1 0 0
-27.339624881725 -19.815175533275003 10.5670750141 0 1 0
2.8933499336239996 9.603926086424 0.3765193998814 0 0 0
-1.817693710327143 0.23480359177502338 12.515194238934281 0 0 0
3.2439699173 11.0039997101 1.10354995728 0 0 0
4.7151974439624995 14.201750040024999 6.1788300275825 0 0 0
-25.29472554740678 7.199574906947286 4.737329992197797 0 0 0
-21.7993993759 -4.650765180585 8.33237504959 0 0 0
-30.21039581299131 7.242911110753477 1.330729344616739 1 0 0
-5.61191987991 -4.47826004028 6.59803009033 0 0 1
-19.318775177025 -13.202800035449998 23.899949550625003 0 1 0
-29.181236114500006 5.166389217376801 5.2127066230771995 0 0 0
-7.835179964703333 3.39960336685 23.713266372666666 0 0 0
-17.010099411 -13.9556999207 9.4786195755 0 0 0
-8.111984729765 3.79623496532 26.40200042725 0 0 0
-14.719546171323078 11.089384592507693 6.090158499203847 0 0 0
-0.19699316471816666 -3.701376676558333 13.894850095116666 0 0 0
-13.25719976425 8.40822505951 11.790949821449999 0 0 0
-2.41075992584 -0.689586997032 14.4520998001 0 0 0
-14.598400115966667 -1.6911366780600001 22.0173327128 0 0 0
-14.6102499962 -1.783500015735 21.9912004471 0 0 0
3.824517965314 11.25774002076 0.21946275979281998 0 0 0
0.146540999413 4.9539899826 4.07465982437 0 0 0
-17.4375 -18.9326000214 15.1607999802 0 1 0
3.00289011002 9.72177028656 0.559037029743 0 0 0
-5.051414966579999 4.8219048976900005 3.3941550254850004 0 0 0
3.2646612823012497 10.6268124580375 0.324294500053 0 0 0
-28.62903531392943 4.712549602283726 6.728134744307254 1 0 0
-8.395300388334999 -8.974559783935 8.06554508209 0 0 0
-10.6957998276 0.179113999009 21.4988994598 0 0 0
-6.978806114196 8.210387992858 8.430693817138001 0 0 0
-7.142105783734286 8.195520128524285 8.433244160244286 0 0 0
-21.1560001373 -2.2982549667349996 2.03787004948 0 0 0
-8.32767963409 -3.24222993851 11.7781000137 0 0 0
-14.783638068609523 10.91169759205238 6.275023335502858 0 0 0
-10.7654666901 0.6026636560756667 21.696767171233333 0 0 0
-3.1329583326966666 2.686480005583333 3.7968849738433335 0 0 0
-4.68186998367 1.98619997501 7.78848981857 0 0 0
-6.295682430267499 14.088149785974998 8.2631547451025 0 0 0
-9.38719511032 0.5080915093425 12.20060014725 0 0 0
-19.7800006866 -12.3387002945 10.9090995789 0 0 0
-7.36121988297 -3.06832003593 12.5227003098 0 0 0
-25.0958995819 -2.54537010193 10.9785003662 0 0 0
-1.3572478578202385 3.1728690408523814 12.623607135947617 0 0 0
-21.0291996002 1.09309995174 9.7623796463 0 0 0
3.292577564715 10.830549716975 0.9037067443132499 0 0 0
-11.0479001999 -2.01205992699 9.16257953644 0 1 0
-20.208287165712818 -8.146657259036667 10.861902554828207 0 1 0
-1.7966117180624144 1.2435217232536209 12.550768950891381 0 0 0
-4.736062932897407 3.3008488725729626 12.591129620862963 0 0 0
-16.11100006105 11.869383176166666 7.226801713306666 0 0 0
-23.8754501343 -10.06385040285 9.628719806675 1 0 0
-27.337000528933334 -8.026453018186666 7.184390068053333 0 1 0
-24.0149993896 11.5115003586 11.5719003677 0 0 0
-42.70779072153636 -15.22073641690909 7.721089969980909 1 0 0
-4.811395168305 13.43074989315 6.745884895325 0 0 0
-0.6846486727396667 5.4717432657866665 2.0730733076733334 0 0 0
-28.198549747475 -7.707229971885001 1.32666000724 1 0 0
-2.2911225557350003 -6.27672994137 14.219275236125 0 0 0
-3.19220662117 2.21916659673 3.8131500085199996 0 0 0
-14.27349996565 -12.9903001785 9.854530334469999 0 0 0
-4.0568699836699995 -1.208334982395 11.88919973375 0 0 0
-0.6292275190355 -3.606259942055 8.868205070495 0 0 0
-31.248399734525 0.838028743863 9.623650074005 1 0 0
-8.089890003205 5.317587614060001 25.19777441025 0 0 0
-8.20969963074 5.50872993469 25.1119995117 0 0 0
-1.797610464549524 -0.6578743798391904 12.430380866647619 0 0 0
-11.0460996628 6.45554018021 24.5930995941 0 0 0
-28.86709634187586 4.766164171284483 6.407512467482414 1 0 0
-9.518070220950001 4.104269981385 21.709400177 0 0 0
-18.1131661733 2.8092433611533334 18.781599680566668 0 0 0
-17.0657997131 1.3328499794 5.38403987885 0 0 0
-4.733342647551999 2.8707833766926663 12.40037320456 0 0 0
-21.274287223825002 -1.88845749199375 2.076502501965 1 0 0
-11.823800087 1.06506001949 21.3125 0 1 0
-32.8697013855 -12.4921998978 9.10704994202 0 1 0
-18.9260997772 -13.1098003387 24.1124992371 0 1 0
-0.7823108604977144 0.5632507119860001 12.565342903142858 0 0 0
-3.57691669464 2.3535399436933333 2.1467300256099997 0 0 0
-3.271964025498 2.329733991622 0.19325467944154 0 0 0
-4.974509954449999 4.082585096355 7.052870035170001 0 0 0
-3.2627811937618176 1.7297209067778787 12.55567279006364 0 0 0
0.09219278528220001 3.8353556564885714 4.2265257835400005 0 0 0
-0.6805866559343334 -0.36849633852633334 8.268639882406667 0 0 0
-29.117099874158825 5.155038216534706 6.211727619170588 1 0 0
-12.0818996429 11.2482995987 5.98010015488 0 0 0
-5.19657993317 6.17932987213 10.8972997665 0 0 0
-6.1376225948325 7.671054959295001 1.72355002165 0 0 0
-4.863730112713333 13.535099983199999 6.593033313753334 0 0 0
-14.750436262645453 -7.174851807681818 20.602690783427274 0 1 0
-12.9686002731 -11.1148004532 8.89955997467 0 0 0
-6.85056018829 -3.82630991936 11.4153995514 0 0 0
-2.973973313968333 1.6260866522783333 12.546000003800001 0 0 0
-29.209321339932007 5.296252231597734 4.7315474764506655 0 0 0
-15.9746999741 12.6506004333 14.0759000778 0 0 0
-14.686966578166667 -5.886876742046667 20.59259986876667 0 0 0
-20.0727005005 11.6375999451 14.9054002762 0 0 0
-2.7886039733879997 2.2846580028520003 17.778559875480003 0 0 0
-1.3326199981911113 -0.2595742228959333 12.451677852177777 0 0 0
-10.86579990385 8.515220165255 11.98024988175 0 0 0
-20.949300766 7.67465019226 12.4527997971 0 0 0
-0.817987024784 7.4558300972 10.7009000778 0 0 0
-43.7739486694 -18.07810020445 7.59315991402 1 0 0
-43.7690010071 -17.92144966125 7.618094921115 1 0 0
-29.379288991288888 4.3394300142911115 4.871611065334445 1 0 0
-7.587760210035 -0.368639498949 11.8693499565 0 0 0
-31.4990997314 -2.53819990158 8.64743041992 1 0 0
-30.356577979188884 4.65797885259 8.848495695325555 1 0 0
-25.7966995239 2.02133989334 11.5684995651 0 0 0
-23.081250190749998 2.78768992424 9.396744728085 1 0 0
-14.36744976045 1.128610014915 22.10484981535 0 0 0
-0.8297225926071563 -0.7606510277838124 12.573540627959375 0 0 0
-24.0841007233 9.03341007233 10.9937000275 0 0 0
-10.789574861525 -13.6498000622 11.150249958025 0 0 0
-21.632800102250002 -5.021435022355 9.185635089875 0 0 0
-21.0494995117 -3.85509991646 9.51311016083 1 0 0
-27.285433451333333 -16.4621003469 8.556733449296667 0 1 0
-1.7628948419325803 -0.7414280329980966 12.540709772425808 0 0 0
-22.9741001129 6.66918992996 13.0593996048 0 0 0
-0.39701359868040004 2.378336000444 8.837446022032001 0 0 0
-26.2643995285 -7.93055987358 7.574515104295 0 0 0
-1.3066882350867648 0.2751029105308883 12.467879407544121 0 0 0
-27.388966878233333 -19.207466761266666 8.582513173423335 0 1 0
-0.7558411426015276 2.739531384573889 12.63406668769722 0 0 0
-14.751093235893187 10.656109072950002 6.684954307296137 0 0 0
-3.9082619825986664 2.704909976322 12.618700091040001 0 0 0
-18.0216999054 12.9004001617 17.0195007324 0 0 0
-15.308788935344445 -5.278862211438889 20.123033099700002 0 0 0
-11.709390987054546 -13.8781453913 9.693412694064547 0 1 0
-0.418413996696 5.87457990646 2.36455988884 0 0 0
-3.93708161513 2.3472783168166664 12.464099884016667 0 1 0
-2.5579699277900003 -6.873375177385 13.44379997255 0 0 0
-29.134408235543756 5.73239461580875 6.273929556210418 1 0 0
-21.201718156990907 10.433922724299999 10.30570004204091 0 0 0
-13.8094997406 -1.11510002613 21.0324993134 0 0 0
-29.72828775522244 5.215725139695919 4.688375687112042 1 0 0
-30.274221838980488 5.284735865709024 2.2660587938817076 0 0 0
-18.5722007751 0.197560995817 7.66960000992 0 1 0
-1.44556999207 10.7721996307 10.4605998993 0 0 0
-11.91765022275 9.45631980896 8.485179901125 0 0 0
-3.716255862136896 1.267875182218621 12.566520690924134 0 0 0
1.31189799309 7.24350605011 5.82838201523 0 0 0
-20.9298000336 -2.43484997749 1.91240000725 1 0 0
-10.739399909974999 -13.621725320849999 10.36167526245 0 1 0
-16.13149246803077 12.738122866692306 9.308156086847692 0 0 0
-21.227233250933335 -15.554900169366668 10.834333419766667 0 1 0
-16.7297000885 -11.883866945899998 11.297466595966666 0 0 0
-27.664454720245455 8.227165568959089 8.628309249878182 1 0 0
-17.1629009247 -18.4388999939 13.6351995468 0 1 0
-27.7961997986 2.53594994545 10.5909996033 0 0 0
-1.25227849483475 2.1805505037304997 12.608605027187503 0 0 0
-5.797640085219999 -2.79838001728 5.74042010307 0 1 0
-6.7721450328833335 3.36056335767 12.615349928533334 1 0 0
-30.114669684212117 1.2204878691472727 3.7395693750087893 1 0 0
-0.6723627396252173 1.8036504310108696 12.604373848947828 0 0 0
-6.65335988998 4.19184017181 12.5155000687 1 0 0
-6.039979934694999 -6.5775074958825 7.34141755104 0 0 0
-13.47895002365 13.00885009765 5.93719005585 0 0 0
-9.16252040863 9.60375976563 9.60212993622 0 1 0
-4.976410150525 12.15135002135 9.032869815824998 0 0 0
-4.93002486229 11.92035007475 8.94444513321 0 0 0
-22.6725997925 6.37760019302 16.4237003326 0 0 0
-2.98225998878 3.59975004196 0.783981978893 0 0 0
-1.59187332789 -2.249639987946667 10.63560009 0 0 0
-3.937689985548571 -1.3266500234599998 11.926800046657144 0 0 0
-2.040749907495 -3.36312997341 8.02423000336 0 0 0
-40.4505004883 -16.0590991974 5.49318981171 0 1 1
-28.400640296930003 1.6381199955940002 8.280432987213002 1 1 0
-6.110857486725 -7.859792351722501 9.067709922790002 0 0 0
-12.57259988785 -2.0697749853099996 20.2717008591 0 1 0
-28.931809997560002 5.102937030792001 6.325856018068 1 0 0
-3.180065830550834 1.6849350035183333 12.445708354316666 0 0 0
-15.979949951150001 12.2395000458 8.451495170594999 0 0 0
0.75392600894 6.89754486084 12.6305999756 0 0 0
-6.442804268427143 -9.384190014428572 8.63473578862 0 0 0
-29.769829926662958 5.676270767494445 4.124358512737406 0 0 0
-16.2683000564625 12.6420625448125 9.5394550561925 0 0 0
0.479618012905 -2.25689005852 13.6401996613 0 0 0
-20.2232246399 10.07897520065 16.13104963305 0 0 0
-13.579200108833332 -13.42051649095 10.642049948383333 0 1 0
-0.551578998566 2.42319989204 8.84200000763 0 0 0
-5.9876999855 6.93651008606 7.25990009308 0 0 0
-28.819449424749997 7.271092534065 3.2146050333974996 0 0 1
-42.853800455733335 -10.707022243077779 6.305544482337778 1 0 0
-28.117799758900002 -16.56346702573333 8.190746625263332 0 1 0
-8.11478042603 4.97794008255 22.9489002228 0 0 0
-25.1347999573 -3.96040010452 10.962100029 1 0 0
-12.3999248743125 -13.4670627117 10.22344994545 0 1 0
-0.24408402857747566 1.7594173018994594 12.627208091116213 0 0 0
-9.470555850437142 -10.07762868062857 8.299452781677143 0 0 0
-27.94952049254 6.313008022308 9.153502082826 1 0 0
-29.371800104766667 3.4779167175300003 7.078926722206667 0 0 0
-30.9797992706 2.09857010841 11.1160001755 0 0 0
-23.9182500839 -7.26455497742 6.45290517807 0 1 0
-28.895566112586796 5.3239679336552825 5.208735106125285 1 0 0
-4.96148490906 8.434819698335 24.776350021349998 0 0 0
-32.12653350830001 -14.661799748733335 0.925216992696 1 0 0
3.56023001671 11.0092000961 0.761103987694 0 0 0
-1.17016994953 -1.01954996586 12.4189996719 0 1 0
-26.136950492849998 -14.758899688700001 10.8762001991 0 1 0
0.3956405073405 -2.450540065765 13.313799858100001 0 0 0
-29.1157999039 5.97299003601 9.647085189815 0 0 0
-2.63292002678 -0.909914970398 14.1335000992 0 0 0
-0.7041179835795 6.096344947815 12.4496998787 0 1 0
-1.8395435249111765 1.632331160938235 12.568959011747054 0 0 0
-2.8928340449937497 1.6762215606868747 6.236547783016874 0 0 0
-3.54594993591 3.77947998047 2.11834001541 0 0 0
-28.720518915274734 6.761889497857056 6.253168311872212 1 0 0
-29.308085096648934 5.718341938992554 4.261448910895747 0 0 0
-19.28110027315 -12.844950199125002 24.131949901575 0 0 0
-28.43164920805 1.551944971085 8.520195007325 1 1 0
-15.1472997665 1.52994000912 21.4286003113 0 0 0
-30.25520024981429 5.226564339228572 9.802398545401429 0 0 0
-29.294476565188234 5.354935926549411 4.4040288083700005 0 0 0
-28.85843389374644 7.2225933671001785 5.757016454423751 1 0 0
-25.209700584449998 -7.2482750415799995 7.0636701583849995 0 1 0
-2.971105098725 4.49480986595 5.708195209505 0 0 0
-29.831425772781486 5.710496319665556 6.765394828938519 1 0 0
-23.758600235 9.77441501617 10.5036497116 1 0 0
-3.6695964476641176 2.1442464940682355 12.634247106658824 0 0 0
-4.696847915647999 3.29264099598 12.486119937889999 0 0 0
-27.95630073545 7.3878800869 7.535600185395 1 0 0
-29.435883283616665 6.206655840079168 2.8616675138470833 1 0 0
-30.772550106049998 6.8527650833125 0.9524479955434999 0 0 0
-17.162400245649998 -7.642755031585 7.736745119095 1 0 0
-28.77834925735088 5.403226835686316 4.7747887561203495 0 0 0
-0.21819200787242757 1.2981299920512124 12.576345385936362 0 0 0
-3.02173995972 3.58464002609 3.87973999977 0 0 0
-20.210899353 1.51314997673 11.9573001862 0 0 0
-2.04537010193 -5.44467020035 8.11048984528 0 0 1
-0.12117099762 3.28832006454 3.00482988358 0 0 0
-41.707183837900004 -13.406550089533333 8.150731563569998 1 0 0
-13.352399826 7.37868976593 9.5626001358 0 1 0
-15.579000473 9.53262042999 11.2161998749 0 0 0
-20.6591501236 -3.35241997242 2.555034995075 1 0 0
-14.8963499069 -5.5875101089450006 16.389749527 0 0 0
-2.1890950202950004 -2.934705019 7.82843518257 0 0 0
-3.952465343475333 1.3359353224440003 12.476080067953331 0 0 0
-4.756222284756154 2.717351546656154 12.646353868346154 0 0 0
-17.1098499298 -6.54433488846 4.48857998848 0 1 0
-15.0321998596 7.13233995438 21.662399292 0 0 0
-15.9226999283 11.3931999207 9.93743991852 0 0 0
-18.399475097675 -3.282360076905 8.974934816360001 0 0 0
-4.5158200264 6.13401985168 34.0354995728 0 0 0
-4.437753200533333 6.219746748606667 33.85683314006667 0 0 0
-0.23787885117726787 -1.253245943302432 12.601600157243242 0 0 0
-29.134742296646152 6.710886129966155 6.801595797904616 1 0 0
-13.7968249321 10.936308463425 6.4512615998574985 0 0 0
-1.3469310622473685 0.7965077412755261 12.538489542510526 0 0 0
-26.4081993103 -18.4297008514 10.0145998001 1 0 0
-26.4158992767 -18.3903007507 9.90297985077 1 0 0
-30.45689964295 0.249513998628 11.0143504143 0 0 0
-30.5755004883 0.242339000106 11.0614004135 0 0 0
-14.690845402799999 10.02334542708182 7.574091867968181 0 0 0
-12.4552001953 -7.64053010941 7.33477020264 0 0 0
-4.348973751067501 3.8221287429337503 5.82057380676125 0 0 0
-29.663898554718187 6.173203359950605 3.2731851375465135 1 0 0
-13.425300121349999 7.189934968945 23.2900505066 0 0 0
-29.733360411630155 3.169248724740158 6.269676480974764 0 0 0
-5.4846701622 3.11402988434 9.35321998596 0 0 0
-14.574924945824998 -6.67344123125 21.329387664775 0 0 0
-15.07899999615 1.467134952545 21.2910499573 0 0 0
-21.9792499542 -16.019200325 12.7203001976 0 1 0
-29.726278645646428 6.173253944940357 2.773106430257857 1 0 0
-35.5848999023 -13.296500206 9.46331977844 0 1 0
-8.117619991304998 5.00841498375 6.7024049758899995 0 0 0
-4.099116061863158 3.2902515812926327 12.455613111197366 0 0 0
-28.66155052185 -14.92255020145 8.06278514862 1 0 0
-15.187199974049998 -16.08766975403 7.262489032747 0 1 0
-1.3097383379933334 0.6950365006925 12.465183575950002 0 0 0
-0.470686495304 -0.14939950034045 9.22254514694 0 0 0
-3.052672004698 2.746259975434 4.27248401642 0 0 0
-14.696357045842857 -6.229331425258572 20.819699968614284 0 0 0
-20.7557001114 -15.4025502205 11.1018500328 0 1 0
-12.9028997421 -3.38621997833 21.7567005157 0 0 0
-7.95488977432 4.25217008591 23.2250995636 0 0 0
-19.0042991638 -12.0979003906 11.6261997223 0 0 0
-3.860302019118 1.758867979048 12.48481998444 0 0 0
-18.058599472 -19.0501003265 14.8676996231 0 1 0
-2.4920399188999998 7.74287009239 4.2713599205 0 0 0
-30.27886645 4.722439924876666 9.133166631063334 1 0 0
-1.27032005787 7.1477098465 11.0956001282 0 0 0
-29.300330927339505 3.697882101859753 5.77034222638173 1 0 0
-25.819750785849997 2.3860049247750004 10.184099674199999 0 0 0
-16.754895935068 14.1570080185 9.8403880310056 0 0 0
-4.4131398201 -4.50563001633 33.1208000183 0 0 0
-29.659158520580483 6.209941759342196 3.7433565884102435 1 0 0
-26.8873376846375 -6.31265002489125 -0.080405212007425 1 0 0
-20.6532993317 9.90178966522 10.9995002747 0 0 0
-13.666024923325 -3.05852752924 20.9495997429 0 0 0
-31.960100174 -2.98481988907 8.54197978973 1 0 0
-19.7071990967 -2.51627993584 9.97706985474 0 0 0
-16.075445348563637 12.390363519854548 8.294299992648181 0 0 0
-4.30181002617 3.941370010375 36.45870018005 0 0 0
-24.0097007751 10.9161996841 11.1929998398 1 0 0
-3.4017365773533332 1.3537500301999998 4.431293487546667 0 0 0
-8.22212028503 4.73635005951 11.4036998749 1 0 0
-25.1354007721 -8.38397026062 6.97559022903 0 1 0
-1.65305995941 7.092689991 11.0406999588 0 0 0
-3.850407981872999 4.149016952515 12.553820037840001 0 0 0
-10.83234977725 -10.4352002144 8.222640037535 0 0 0
-6.640173006057999 12.29875001906 9.272851181027999 0 0 0
-31.5140991211 3.98939990997 11.0553998947 1 0 0
-29.2872009277 -11.4984998703 2.25639009476 0 1 0
-29.418999671949997 -11.5184998512 2.3447650671 0 1 0
-19.2271995544 -10.2075996399 9.95637989044 0 0 0
-14.7390003204 1.4176299572 21.359500885 0 0 0
-13.553874969475 13.069424867625 6.24507009983 0 0 0
-21.658133188866667 10.4322668711 10.672333399433334 0 0 0
-6.55297994614 14.7024002075 7.7926402092 0 0 0
-28.761797865229173 5.71629859010375 4.305617729823126 0 0 0
-19.735800266275 -12.7883501053 24.66022491455 0 1 0
1.00865995884 3.80592989922 12.5383996964 0 0 0
0.2664672170172334 1.7636812022248485 12.578433296896968 0 0 0
-3.26675999165 5.065155029295 5.12827515602 0 0 0
-17.8248004913 7.42724990845 15.9504003525 0 0 0
-9.55311012268 1.68446004391 11.8648004532 1 0 0
-8.240284919735 5.920985221864999 23.70355033875 0 0 0
-5.37911987305 -3.03125 32.1632003784 0 0 0
-10.2246999741 5.43484020233 9.44423007965 0 1 0
-42.09255027771666 -13.275666554766666 7.382905006411666 1 0 0
-19.137875080125 -13.057325124725 24.0700249672 1 0 0
-1.51049995422 -1.84878003597 10.7912998199 0 0 0
-28.646538946372218 5.393466658062779 4.343627267414444 0 0 0
0.48489485042442865 4.307661328998571 3.263645683015714 0 0 0
-16.213300705 10.964799881 7.51936006546 0 0 0
-16.770366668713333 13.273259989413331 9.830011177063332 0 0 0
-28.344557353414285 -17.08602878024286 7.154871463775714 0 1 0
-10.872433344533334 6.26831992467 26.722766240433334 0 0 0
-19.924506187437505 -8.412358224392499 10.612181246268749 0 0 0
-12.620650155207143 13.166178498942857 6.1985542433621434 0 0 0
-32.16508026124001 2.784972047808 1.03703598976 1 0 0
-34.7747001648 -5.06644010544 10.064499855 0 1 0
-34.7853012085 -4.95267009735 10.1062002182 0 1 0
-42.59943771362501 -14.851899981475 6.770953774452501 1 0 0
-26.4811000824 -2.07326006889 10.9809999466 0 0 0
-2.131249952316 0.7672564029692001 5.89434194565 0 0 0
-3.9399166901916662 3.7069166898725 12.557583332083334 0 0 0
-43.754275321950004 -18.158050060249998 7.356012463570001 1 0 0
-13.792599678 8.84764003754 10.1520996094 0 0 0
-6.605949997900001 9.1963598728175 2.395044982435 0 0 0
-13.868580055239999 -5.307763957976 20.970699691759997 0 0 0
-2.05947995186 -2.0085299015 16.3511009216 0 0 0
-5.51421022415 -1.79877996445 32.5021018982 0 0 0
-13.3296625614 10.9592498540875 6.451834976673751 0 0 0
-14.34940004347857 -7.468600068772143 10.742528642928571 0 0 0
-7.343536694843333 5.112796624503333 5.881656646730001 0 0 0
-4.02518987656 0.797399997711 6.89202976227 0 1 0
-14.2339334488 10.592733065300001 11.538099924733332 0 0 0
-8.257880210876666 -9.84201335907 8.471623420716666 0 0 0
-7.20593976974 4.22176980972 11.4808998108 0 0 0
-3.277655005455 5.2818300724050005 12.46685028075 0 0 0
-29.865330123889997 -0.17599736796693602 7.616791009900998 1 1 0
-0.8624459902443333 -0.32183666030599994 12.4575665792 0 0 0
-4.2296967506400005 3.7525633176133333 36.75436655676666 0 0 0
-12.323333740233332 0.050006867696799996 21.893966674799998 0 0 0
-17.161975383749997 4.507952451705 10.8756248951 1 0 0
-16.74655421574583 13.750500043237501 9.854274153709582 0 0 0
-16.0733499527 11.5946998596 6.5968401432 0 0 1
-17.7206993103 7.87855005264 13.5034999847 0 0 0
-5.6596198082 7.59535980225 4.21545982361 0 0 1
-8.062789916995001 4.552950143815 26.7728500366 0 0 0
-5.3691701889 4.40164995193 5.24338006973 0 0 0
-42.18385124205 -14.33304977415 4.903830051425 1 0 0
-18.0202999115 7.00375986099 11.741399765 0 0 0
-28.624910100296656 5.686170140902335 4.791797192891833 1 0 0
-5.64189004898 3.7270150184600004 6.4726748466499995 0 0 0
-14.198800087 10.62169981005 10.321550369250001 0 0 0
-21.693884629476923 10.73373068296154 10.317469156715383 0 0 0
-19.7460002899 5.45463991165 14.0666999817 0 0 0
-19.6578006744 5.53881978989 14.0482997894 0 0 0
-20.872325102491665 10.296149969108333 10.213800112391667 0 0 0
-5.391293207803333 3.0853199958766666 35.453765869133335 0 0 0
-6.50247001648 15.2292995453 7.65354013443 0 0 0
-38.90065002445 -15.134349823 5.746985197064999 0 1 0
-18.9468994141 -10.4681997299 12.4460000992 0 1 0
-6.371616983414 12.79108009339 8.211679935455 0 0 0
-28.455653381359998 5.769606653846668 4.341805362700667 1 0 0
-10.8415503502 -1.846785008905 20.77099990845 0 1 0
-0.025136781103356 3.6576550006849997 2.64869999885375 0 0 0
-28.44301117791111 5.3915500640888885 4.371581077576668 0 0 0
-16.175282197823527 12.339200019835296 7.814171791076469 0 0 0
-6.031385183335 7.747430086135 1.37797498703 0 0 0
-42.648479461659996 -15.223339843759998 6.78628396988 1 0 0
0.16268822364500002 3.2232774496075 2.5933474898325 0 0 0
-8.45570373535125 -10.06147503855 8.5904163122175 0 0 0
-28.070400238 -2.50483989716 11.5214996338 0 0 0
-13.2637500763 4.4729650020600005 11.9673995972 0 0 0
-42.78638000488 -12.30876026156 6.730587959288 0 0 0
0.16555493995568 1.405062007902 12.601119995120001 0 0 0
-27.4309005737 -7.97347021103 9.21891021729 1 0 0
-31.3152999878 -0.2995226656398334 11.235883394866667 0 0 0
-29.4584007263 6.227585077285 9.42864513397 0 0 0
-29.5424995422 6.23431015015 9.44429969788 0 0 0
-4.74437999725 -8.73085021973 9.01904010773 0 0 0
-28.27427978516 1.424280023574 8.283361816408 1 1 0
-24.3244991302 -2.15950989723 10.9569997787 1 0 0
-4.868804428313334 12.27029996448889 8.726263417137224 0 0 0
-13.212060165419999 2.89931998253 33.339279174779996 0 0 0
-12.0031003952 8.91796016693 9.502409935 0 0 1
-16.183256694257143 12.590542793285715 8.287941523959999 0 0 0
-16.13274021148 12.21469993592 9.325249004363 0 0 0
-0.24669477567085002 0.7822980999945999 12.477969932540002 0 0 0
-17.24964644269756 -7.444890231619754 10.764699982436584 0 0 0
-28.6652666728 1.84833999475 8.416529973346668 1 1 0
-28.726223062589817 5.723236388630649 5.7528757519188884 1 0 0
-11.6225004196 -2.2559800148 11.4077997208 1 0 1
-3.09746003151 3.4568400383 2.10996007919 0 0 0
-28.65065158310754 5.713538933826343 5.257641720514837 1 0 0
-24.7712993622 -10.51060009 9.00362014771 0 0 0
-31.5333003998 2.84463000298 11.0163002014 1 0 0
-1.2071535892979488 2.8421702629482044 12.629958984184617 0 0 0
-7.42283010483 0.895745992661 12.6263999939 0 1 0
-7.256223126463158 5.145390033722106 12.177515833010526 0 0 0
-25.4557991028 -8.62882041931 7.42141008377 0 0 0
-21.0018005371 -8.55093955994 15.8055000305 0 1 0
3.00904989243 10.4167003632 0.889716982841 0 0 0
-16.458999633766666 13.780633290599999 9.771149953206667 0 0 0
-21.3586997986 -8.32703971863 15.4474000931 0 1 0
-9.56754016876 7.77145004272 8.44773960114 0 0 1
1.18532001972 0.66657102108 16.3470993042 0 0 1
-2.92243003845 0.893629014492 17.6809997559 0 0 0
-5.6745800972 -2.7358733813 32.10920079553333 0 0 0
-7.87912988663 6.1253900528 2.45333003998 0 0 0
-17.740181207650004 -7.433056294917502 10.787762492890623 0 0 0
-24.3934993744 -8.42862987518 7.01012992859 1 1 0
-4.703707695006667 -4.810057852002221 33.217033386211114 0 0 0
-36.0937004089 -12.9147996902 8.17961025238 0 1 0
-42.0946998596 -13.4246997833 8.03209018707 1 0 0
-21.34762477875 10.647333304083334 10.265933354699998 0 0 0
-30.072666803999997 4.435373306273333 10.286933263133333 1 0 0
-4.87292003632 1.98611998558 6.18639993668 0 0 0
-5.432057499885 4.022994995114999 12.4242248535 0 0 0
-0.17194132614678317 -1.6626084290052632 12.612731481857898 0 0 0
-32.71767870585416 -3.73020457228 4.262562513351249 1 0 0
-5.713535070420001 4.3975601196300005 11.9909501076 0 0 0
-6.68262004852 -6.75152015686 7.36364984512 0 0 0
-1.53245997429 -1.02906000614 5.18822002411 0 0 1
-5.652948583874286 12.649600028985715 8.712906428746427 0 0 0
0.03858530055735 3.6085048913950004 2.5792249441150004 0 0 0
-31.15649986265 0.570428490639 9.42385005951 0 0 0
-16.327853139246667 12.263533465053332 9.597322591147334 0 0 0
-29.611562490487497 6.6288712024675 3.3114862143975 1 0 0
-14.4014997482 1.27497005463 21.8304004669 0 0 0
-29.2709007263 2.40863990784 9.84543037415 0 0 0
-0.8111292421817501 0.29030648991475 12.476874828324998 0 0 0
-30.142343485130187 7.146790747372265 1.730082835790566 0 0 0
-14.4274997711 6.41005992889 10.5149002075 0 1 0
-8.75708007813 2.01433992386 11.366900444 0 0 0
-6.833622455595 6.6230274438875 6.7216175794575 0 0 1
-29.078739929200005 5.587335968018 5.963070106506 1 0 0
-29.90455236889286 3.779690004530477 3.6956861984166665 1 0 0
-23.6385498047 10.550549984 13.81414985655 0 0 0
-0.2539312323697692 3.207640005991538 4.646857701814615 0 0 0
-1.196080040928 -0.8565860033034 12.436240005479998 0 0 0
0.419281989336 6.05923986435 3.43605995178 0 0 0
-9.02499961853 4.31820011139 25.4785003662 0 0 0
-8.98262023926 4.23080015182 25.5597000122 0 0 0
-16.56869951883333 11.692500114433335 9.485676765443333 0 0 0
-28.177642822257145 5.376480034418571 9.149321283614285 1 0 0
-1.95253002644 -6.45736980438 17.2570991516 0 0 0
-6.34829998016 8.86553955078 7.19723987579 0 0 0
-14.5471997261 -13.5096001625 9.013440132145 0 1 0
0.578821003437 2.19852995872 8.00650024414 0 0 0
-1.46589994431 -0.623593986034 5.50179004669 0 0 0
-20.0620002747 2.99967002869 8.51630973816 0 0 0
-29.278810705460717 6.234423194613213 4.186331067765714 1 0 0
0.498113006353 0.384992986917 14.6415996552 0 0 0
-13.4954004288 13.021900177 6.20650005341 0 0 0
-10.4986000061 6.55270004272 26.1403999329 0 0 0
-14.6409497261 0.7809050083160001 22.341150283799998 0 0 0
0.0122576002032 2.16351008415 12.2084999084 0 1 0
-2.87321996689 3.47924995422 3.97231006622 0 0 0
-11.5585002899 -12.8346996307 10.4666004181 0 1 0
-3.00335001945 3.88785004616 4.46669006348 0 0 0
-28.797791105324244 5.808133313149697 6.151658795096664 0 0 0
-17.0282001495 13.1613998413 9.79143047333 0 0 0
-12.923899968466666 12.897699991866666 5.9181699752800005 1 0 0
1.45936000347 15.3346004486 5.02294015884 0 0 0
0.467441998422 6.7307125329975 3.83182501793 0 0 0
-6.19722986221 15.1717996597 7.42816019058 0 0 0
-5.50011014938 7.41340017319 4.91702985764 0 0 0
-29.72542334222208 3.313569734622597 5.74238609958039 0 0 0
-29.4879999161 3.304650068285 7.979749917985 1 0 0
-29.87619993422406 5.793110211690928 3.227362411994073 1 0 0
-24.2016605377 8.881181907652001 10.22067985534 0 0 0
-6.303746700288333 7.749056657154999 3.6349767049133335 0 0 0
-9.21057033539 7.8928399086 5.9246301651 0 0 0
-28.837766011533336 4.6337965329466675 8.13668982188 1 0 1
-14.6610503197 7.346085071565 10.3769001961 0 0 0
-13.5143003464 -6.9290099144 11.7489995956 1 0 0
-20.03680038455 -13.549099922149999 11.30544996265 0 1 0
-30.7635002136 2.01413011551 10.8447999954 0 0 1
1.435119986535 15.30619955065 4.90607500076 0 0 0
-20.68629964193333 -8.46783987681 16.252500534066666 0 1 0
1.7990339994439999 15.672979927059998 4.971881961824001 0 0 0
-6.443638038634001 -4.212841987608 7.186655902862 0 0 0
-15.9495000839 9.77155017853 8.92325019836 0 0 1
-25.031999588 -16.8064002991 15.4285001755 0 1 0
-14.6651251316 7.13286745548 23.834250450124998 0 0 0
-8.82189512253 4.648154973985 11.408649921399999 0 0 0
-42.312449455275 -14.1262497902 7.763122558595 1 0 0
-14.4741997719 8.866925239565 8.41170501709 0 0 0
-31.600670735037497 0.679613413910125 1.7023595919216667 1 0 0
-28.357036590573177 6.639271689624145 5.212123184669023 1 0 0
-7.27324008942 6.48466014862 6.76836013794 0 0 1
-14.5728998184 2.74556994438 9.4776802063 0 0 0
-9.74707984924 5.43834018707 24.2338008881 0 0 0
-0.12286749854699999 3.280640006065 2.7088899612399997 0 0 0
1.0588824748999999 1.294807493685 1.1812950074675 0 0 0
-29.0813498497 5.8759500980375 6.609822511672499 1 0 0
-12.2322428567 11.018742833814285 6.522728647504286 0 0 0
1.77641376853125 15.667099952700001 5.1191286444649995 0 0 0
-16.8751001358 -18.7530002594 14.665299892450001 0 1 0
-8.22710990906 6.06934976578 24.2901992798 0 0 0
-29.26790990985574 6.2476306274281965 6.72652918393574 1 0 0
-8.553306897479999 5.597640037536667 26.263999938966666 0 0 0
-8.4691400528 5.65048980713 26.1420001984 0 0 0
-0.22546506512769907 3.193260463801364 12.685090801931818 0 0 0
-28.46608395729355 5.80367097546968 4.720344220439032 1 0 0
-6.58255596161 11.24919986726 4.321455955506 0 0 0
-5.333209991455 14.322499751999999 7.520625114445 0 0 0
-9.440975856781 -9.923324012756 8.330081844328001 0 0 0
-19.413231372825003 -9.159869432450002 10.7315375208875 1 1 0
-12.0108003616 -6.38164997101 7.22371006012 0 0 1
-5.85800981522 -8.27245998383 8.97801017761 0 0 0
-6.79152011871 5.38768005371 5.94084978104 0 0 0
-28.611197496074357 6.249608198801795 4.680904901944361 1 0 0
-28.87106808749545 6.832215916027272 3.773582263426363 1 0 0
-29.179131148293436 6.324251448522132 3.277915571556393 0 0 0
-29.169385910042852 6.24766431536 6.220430033547143 0 0 1
-12.5980248451 -13.532799959199998 10.029074907325 0 1 0
-28.76275239672022 6.857462973821663 6.729748436382617 0 0 0
-7.875153223673333 6.6176533699033335 3.260173320766667 0 0 0
-22.9127006531 2.57434010506 9.37749958038 1 0 1
-7.46831989288 5.51329994202 11.0881996155 1 0 0
1.46322000027 15.5635004044 4.91803979874 0 0 0
2.1400899887079996 4.317350006101999 12.8075401306 0 0 0
-0.9280676643053334 7.816253503163334 10.3578335444 0 0 0
-21.4087495804 -3.7032200098050003 7.90152001381 0 0 0
-5.34200334549 3.59943668048 6.539669990539999 0 0 0
-28.409752140882603 6.394867399464784 5.224918717923914 1 0 0
-29.751800219216666 5.174076636631667 5.117881615958334 1 0 0
-25.9589500427 5.188580036165 10.92605018615 0 0 0
-12.4612998962 -11.2158002853 7.88075017929 1 1 0
-30.817499946147056 1.2304394034782353 3.226040643804706 1 0 0
-0.2992324307561 -0.10372671818669998 12.640200138083335 0 0 0
-9.654449939725001 7.94589495659 5.57508993149 0 0 0
-17.822900136333335 -13.200666745500001 11.530633290633332 0 0 0
-26.45009994505 4.32269001007 10.372300148 0 0 0
-30.7782001495 -10.9785003662 1.04833996296 0 1 0
-27.9397497177 5.93425011635 9.58433008194 0 0 0
-16.442733446766663 14.128866672500001 9.726673444111666 0 0 0
-36.6980667114 -4.714426676433334 10.355732917766668 1 1 0
-29.808599472 6.46820020676 10.5142002106 0 0 0
-4.174067762163333 4.153929975297777 12.482222239177778 0 0 0
-28.633260059355003 6.698201179504668 4.70966783364583 1 0 0
-23.32344913485 -9.443564891815 6.35791492462 0 1 0
-27.950799942 5.072555065155 9.12630033493 0 0 0
-29.821546321953658 5.249282453118779 4.264584901856585 1 0 0
1.8125730037699999 8.751885032655 15.38655986787 0 0 0
-29.369099983807693 5.6999488427088485 2.690954235884616 1 0 0
-30.29002263468387 3.406914195706775 2.1945725871661295 1 0 0
-28.4310780763625 6.813780352473437 4.7800837606187505 1 0 0
-15.9972000122 12.5419998169 8.92632007599 0 0 0
-26.86529362200625 -6.733616232871251 -0.10094873746863751 1 0 0
-3.02080988884 7.22060012817 4.36305999756 0 0 0
-6.95985984802 5.57149982452 7.21529006958 0 0 0
-15.70744991305 0.9137489795685 19.734000206 0 0 0
-9.49495029449 1.90217995644 12.1307001114 0 0 0
-14.229960060099998 -4.92235403061 21.3682193756 0 1 0
-29.886859328655557 6.87702182487111 2.358134463981482 1 0 0
-3.986766004562 3.2661619663240002 12.448279953 0 0 0
-10.5586996078 -7.68346977234 9.6224899292 0 1 1
1.40417003632 2.95711994171 2.00639009476 0 0 0
0.523788005114 0.187407501042 14.59119987485 0 0 0
-16.8703994751 2.0120949745149996 19.030900001550002 0 0 0
-26.7084007263 6.600675106044999 11.1507000923 0 0 0
-2.7045693556473327 2.3729686578126663 5.804472668965333 0 0 0
-17.12870025633333 4.521186669666666 11.813599904366667 1 0 0
-12.552749633800001 0.129482500255 21.70385074615 0 0 0
-28.440766864366665 5.837758858997778 5.3471689754066665 1 0 0
-27.078199386599998 -17.200399398800002 7.809610128405 0 1 0
-3.454006671906667 2.1273299853 12.523566563933334 0 1 0
-29.605843842025 7.133205622434375 2.702746860683437 1 0 0
-28.718132715961545 6.816389826628461 4.271593048022116 1 0 0
-30.0604000092 4.94571018219 9.58586025238 1 0 0
-9.5930650234225 8.921662330625 6.3237650394425 0 0 0
-8.520994981131667 -9.816166559854999 8.639556566875 0 0 0
-29.35718287592609 5.746410432067828 7.340010477148698 1 0 0
-13.0825004578 3.86284995079 10.8423995972 0 1 0
-18.635099411 -14.8406000137 10.1006002426 0 1 0
-4.578179836275 -4.384794950485 33.2407512665 0 0 0
-3.02203989029 3.61908006668 6.19926023483 0 0 1
-28.962840270999997 5.799775886534 6.855542087554001 1 0 0
-8.51249980927 5.87300014496 22.4433994293 0 0 0
-2.03836011887 5.86347007751 10.932100296 0 0 0
-4.9657075405125 -8.374972581862501 9.0400075912475 0 0 0
-29.669396996506254 6.8713968843224995 2.728570006787813 1 0 0
-6.39831018448 5.6101398468 25.8647003174 0 0 0
-21.096766153966666 -3.24820335706 1.3765166600533334 1 0 0
-10.639574766150002 6.1672999858874995 27.161575317375004 0 0 0
-29.696582503936973 3.7324447890993486 5.324822405109782 0 0 0
-29.271463054498625 7.264696976909863 2.744215334931644 1 0 0
-6.03359985352 5.61986017227 26.4132995605 0 0 0
-5.85135348638 5.53889322281 26.28923352556667 0 0 0
-29.751069560193937 3.377770293842121 5.348682100121516 0 0 0
-14.5613002777 3.5819299221 11.4675998688 0 0 0
-29.05037498475 7.1115349531200005 5.2387299537650005 1 0 0
-26.27575988768 -15.123520088200001 11.70302009584 0 1 0
-28.943317749923526 6.345372901243529 3.654332343269412 1 0 0
-15.74976716935625 -7.359509199857814 10.746282756331247 0 0 0
-17.0170993805 8.05383014679 12.0560998917 0 0 0
-29.0718002319 6.06754016876 7.65079021454 0 0 0
-29.191310295700003 6.20510205244436 7.216729983305642 1 0 0
-26.4423999786 5.31034994125 10.3210000992 0 0 0
-42.93471031189 -15.710880088810004 7.719700956345001 1 0 0
-29.241428647728572 6.803948538644285 2.8364371572214284 1 0 0
-5.83151006699 9.97093009949 9.4986000061 0 0 0
-6.284249941506666 7.6313867569000005 5.085223356883333 0 0 0
-28.65191682178333 1.787516673405 8.643788337708335 1 1 0
-0.400858998299 -3.51510000229 9.38300991058 0 0 0
-7.039611736933334 -6.1866482098899995 7.4735216299683325 0 0 0
2.02852988243 15.8591003418 5.37872982025 0 0 0
-6.365030129753333 10.808933258066668 4.70301993688 0 0 0
-28.614923934948003 6.191249198914002 5.777134838104801 1 0 0
-12.358300209 -0.154891997576 21.8572006226 0 0 0
-16.9997005463 13.8807001114 10.0411996841 0 0 0
0.7242220044137999 4.688107967376 1.189791989328 0 0 0
-16.414550145458335 -7.542647480965002 10.274425029775 0 0 0
-11.0094995499 -11.0767002106 8.53252983093 0 1 0
-31.353494644172965 0.7693628974864055 4.782454619536488 1 0 0
-29.059437394137493 6.594343751668751 3.7186981141568753 1 0 0
-43.0691986084 -12.5756998062 6.35025978088 1 0 0
1.238557457925 2.1441224813449997 2.1015049815174995 0 0 0
-18.4542999268 -13.956700325 11.5022001266 1 0 0
-10.9839000702 -6.51477003098 8.70897960663 0 1 0
-28.75398979186 6.307509946823 6.158632946014 1 0 0
-29.1778748035375 6.93730002641625 5.30473494529625 1 0 0
-11.954549789400001 12.8235502243 6.19633984566 0 0 0
-28.571123256232564 6.2210700123806975 5.206373713736977 1 0 0
-11.1538000107 -11.5426998138 5.04804992676 0 0 0
-20.7698001862 -4.20708990097 2.58132004738 1 0 0
0.281366661191 -2.253293355306667 6.9122066497766665 0 0 0
-6.327205726078572 14.807899883814285 7.6395242554785705 0 0 0
-30.237407468398118 0.7792526033689247 6.696747554922453 1 0 0
-6.70169019699 4.40704011917 8.12555980682 0 0 0
-31.33226810802272 -2.3015808950768184 4.269430875777728 1 0 0
-0.007230436856243333 4.3866001764933324 4.393543243406667 0 0 0
-28.768077850337495 6.31504293945139 7.311603221628889 0 0 0
-35.31040064496667 -4.849869887033333 9.611900011696667 0 1 0
-35.20613352456667 -4.88258663813 9.381713231406666 1 1 0
-7.97816991806 3.11070990562 12.6773004532 0 0 0
-17.193599700933333 -13.1844336192 10.205666859933332 0 1 0
-32.29307428995926 2.7153329760937037 0.7301273301796298 1 0 0
-1.4344300031650001 -3.41740000248 4.459594964985 0 0 0
-3.655380010605 10.319349765750001 9.92417001724 0 0 0
0.155065998435 7.79645013809 0.44002699852 0 0 0
-30.4811992645 -0.0443071015179 10.9104995728 1 0 0
-13.544560050940001 12.841040039040001 6.161652088166 0 0 0
-11.9996995926 -0.988097012043 9.40511989594 0 1 0
-28.458004226672003 6.164318809508801 4.7879575920108 1 0 0
-30.72918052674 -2.0863160610220004 8.26567993164 0 0 0
-0.813628017902 7.18330001831 11.5548000336 0 0 0
-3.47876000404 2.05518007278 12.477399826 0 1 0
-6.6642786661786655 3.833547989528 6.776901944479333 0 0 0
0.862815976143 3.48218011856 12.4724998474 0 0 0
1.94163000584 8.42535018921 15.439499855 0 0 0
-28.963700430728572 6.811237062725715 2.8721899645671427 1 0 0
-18.8493499756 -0.8047175109389999 7.252384901045 0 0 0
-5.97594976425 5.638879776 26.5345001221 0 0 0
-12.0183000565 6.73829984665 25.3658008575 0 0 0
-9.00601959229 4.69492006302 11.456700325 0 0 0
1.50157999992 2.99235010147 1.85464000702 0 0 0
-12.5117998123 -3.72639989853 21.9456996918 0 0 0
-4.116124357494285 3.6387642792299997 12.465228353242859 0 0 0
-17.9629001617 -1.78991997242 6.99531984329 0 1 0
-29.6320991516 0.682704985142 9.96312046051 0 0 0
-29.418983395900007 3.386785650253334 5.8357643286386685 1 0 0
-6.0407824516325 1.1076650023474999 2.2231950163849996 0 0 0
0.508274018764 6.98982000351 11.945599556 0 0 0
0.5915469924610001 6.89492670695 12.207266489666667 0 0 0
-1.23836246133 10.799550294875 -0.187361471588 0 0 0
-30.635938497692305 4.329276194937693 4.330503793861538 0 0 0
-0.579572975636 -1.43508005142 6.94587993622 0 0 0
-28.671575875117245 7.186643781333102 6.219847564038968 1 0 0
-10.765200138099999 5.940137505532499 27.238149642975 0 0 0
0.430332005024 0.381857007742 2.65055990219 0 0 1
-30.297021389014287 3.2148946268214287 9.671100003378928 1 0 0
-3.761049985885714 7.220555646079999 34.19407163347143 0 0 0
0.751344025135 -2.03168988228 6.32735013962 0 0 0
-29.706070137030004 3.604519033431 5.526005983351999 0 0 0
-12.6899995804 0.918497025967 20.8866996765 0 0 0
-4.52168989182 5.75130987167 33.9578018188 0 0 0
-10.6255998611 1.43080997467 6.44624996185 0 0 0
-0.342819988728 2.84701991081 5.0605301857 0 0 0
-30.128373397015785 3.2180647222615786 3.7270094595452634 1 0 0
-6.676652510960833 12.788450082133332 8.606024185815835 0 0 0
-26.2303009033 -15.6435003281 7.53226995468 0 1 0
-26.190233230566665 -15.579566955566667 7.338006496426666 0 1 0
-29.931750297549996 1.128856658935 3.96132171154 1 0 0
-4.853149032592 14.71920995713 6.8914220333100005 0 0 0
-16.9053993225 -3.12855005264 5.27812004089 1 0 0
-30.5972003937 5.02715015411 9.36371994019 1 0 1
0.26746603265416025 0.26812068111191073 12.665227065216218 0 0 0
-4.68356990814 2.00572991371 12.4870004654 0 0 0
-11.718000412 6.49527978897 25.0387992859 0 0 0
-7.84894990921 6.241710186 1.14689004421 0 0 0
-11.0586004257 -0.888473987579 21.9887008667 0 0 0
-23.6492996216 10.2662000656 12.9287004471 0 0 0
0.1544201249876889 4.572217782336667 2.1422310935111115 0 0 0
-30.12128882937223 1.2466044492194444 6.615891695022223 1 0 0
-0.114478997886 -0.964568018913 18.5683002472 0 0 0
-26.0303001404 2.52517008781 9.95995044708 0 0 0
-2.95864009857 1.14205002785 16.4594993591 0 0 0
-26.4932003021 -18.9340991974 10.5402002335 0 1 0
-28.936494154088237 5.364450594957646 5.675992348614118 1 0 0
-8.516587787205557 -10.089833365566667 8.621493445503333 0 0 0
-29.84910767033396 7.316630210517167 1.7815722631958488 1 0 0
-1.29638004303 -2.12375998497 5.69642019272 0 0 1
-17.798835618154758 -7.430360237757855 9.228512377966192 0 0 0
-30.3715000153 0.28108599782 10.923500061 0 0 0
-30.678322699754844 4.7360196575038715 9.759897355110644 1 0 0
-29.727425575275 -11.151625394825 1.091952472925 1 0 0
-5.683650016786667 6.453593413033333 5.2488500277200005 0 0 0
-26.719733556133335 -19.833966573066668 10.233900070166667 0 1 0
-26.6902008057 -19.7537002563 9.98647975922 0 1 0
-43.477350234949995 -18.376950264 5.179460048675 1 0 0
-1.470574975015 1.054000020025 12.4895501137 0 0 0
-19.20915031435 -11.9253001213 23.489850044249998 0 0 0
-29.4566001892 3.4906001091 5.40879011154 1 0 0
-32.2719001769875 -1.6893400102849998 2.6597799956787496 1 0 0
-4.73954510689 12.31570005415 8.244430065155 0 0 0
-28.824550151825 0.7353955060245001 7.3849525451649995 0 1 0
0.449064493179 4.17060494423 0.08744526933855999 0 0 0
-17.317899704 13.3959999084 15.0010995865 0 0 0
-30.106192725049997 2.2804921524857145 7.245154993874286 1 0 0
-10.479233423866665 -11.272733052566664 5.161230087283333 0 1 0
-12.4067001343 -12.8733997345 9.13893032074 0 0 0
-19.68707466125 -13.325624942774999 23.6547498703 0 0 0
-29.68984096700682 4.167565887624774 5.222678422927271 0 0 0
-11.3928003311 -3.27450990677 22.3470001221 0 1 0
-8.301445007322501 4.74145746231 23.0756249428 0 0 0
-5.07522010803 2.39667010307 8.21183013916 0 0 0
-43.101800918600006 -11.179800033549999 7.10595488548 1 0 0
-43.09660034177999 -11.2755399704 6.823498058318 1 0 0
-14.225120643082754 -7.541474473887933 11.237779354213789 0 0 0
-42.29893302916667 -14.302383422850001 5.229308366773333 1 0 0
1.302832007408 6.767574024198 4.81812391281 0 0 0
-4.6954500675199995 3.860734939575 36.221048355099995 0 0 0
-28.8482999802 4.461959838865 8.021715164185 0 0 0
-28.4605998993 9.58497047424 10.3452997208 1 0 0
0.50934651494 1.063055038455 7.643194913865 0 0 0
-30.7253104762 1.7403861388824564 5.258516654633332 1 0 0
-4.8315900166866665 12.545999844866666 8.551906903586667 0 0 0
-6.867389917375 7.57932496071 7.36035513878 0 0 0
-6.822989940639999 7.459889888765 7.362474918365 0 0 1
2.5701400041599998 11.910200118999999 22.55805015565 0 0 0
-29.88027858734286 2.1762085471835713 7.251514230455 1 0 0
-7.7851101160075 2.67646998167 12.558650016775001 1 0 0
0.560380995274 2.018419981 12.5762996674 0 0 0
-10.4939002991 -13.0652999878 9.91699981689 0 1 0
-28.349624633775 4.3440499305725 7.82527256012 1 0 1
-6.717101437704287 9.155265535627143 2.6304257256657144 0 0 0
-29.351799646999996 5.88922993342 3.865446647006667 0 0 0
-5.981059869133333 -6.71765343348 7.912799994149999 0 0 0
1.82005000114 4.26745986938 2.8507900238 0 0 0
-6.404091596601667 4.67060828209 5.627808411916667 0 0 0
1.8411100081028573 15.192271505099999 5.178208623615714 0 0 0
0.682170987129 -1.61098998785 15.676099777200001 0 0 0
-14.1092669169 -6.389696598053334 20.967599232999998 0 0 0
-32.24427509305 -12.634024858475 8.7011601924875 0 1 0
-0.45083250105399997 -0.7918654978274999 0.305302500725 0 0 0
-6.15434980392 6.8020401001 2.4964799881 0 0 0
-29.894858042383333 1.6255250076466667 6.7446574767425 1 0 0
-16.76720047 -4.56379985809 14.7539997101 0 0 0
-30.29179637772501 3.7377023100850004 2.8074646464412503 1 0 0
-28.452075243 6.193996250630001 5.7711638212187495 1 0 0
-5.217926025390667 12.369833374013334 8.878554725646666 0 0 0
-13.9737997055 -5.14265012741 21.120300293 0 1 0
-29.10809993745 5.857620000840001 9.42140007019 0 0 1
-30.639232953383328 7.085408290228333 1.3676250179633334 0 0 0
0.927097022533 6.72997999191 4.55565977097 0 0 0
-5.99189996719 0.838217973709 2.33122992516 0 0 0
-29.64372847421714 7.670486872536284 1.7336160012645712 1 0 0
-42.7751750946 -15.210050106050002 7.328434944152501 1 0 0
-25.168800354 -16.81070041655 15.5853996277 0 1 0
-17.317899704 13.3990001678 14.8594999313 0 0 0
-19.617066065466663 -8.38532002767 17.029266357433333 0 0 0
-22.7297000885 5.99490022659 16.4503993988 0 0 0
-2.91073989868 1.51092004776 12.4982004166 0 1 0
-17.0823993683 0.140362992883 5.48186016083 0 1 0
-3.711187934874 4.749122047424001 37.244980621340005 0 0 0
-3.6931899786 4.43923997879 37.2986507416 0 0 0
0.25129329860210003 4.653059053421 2.741777992248 0 0 0
-9.13756752014 9.28364992142 5.123094916345 0 0 0
-30.590862512575 0.18753643543451254 6.7252874970425 1 0 0
-28.0072994232 1.40097999573 7.75668001175 1 0 1
-43.04539998373334 -16.290566762266664 6.902173360190001 1 0 0
-43.10368565148572 -16.247957229614286 7.147459983824285 1 0 0
-30.125012636175 1.6386612653737498 7.691548705101249 0 0 0
-32.58363342286666 -16.3416665395 9.344063440956667 0 1 0
-9.53347682953 8.723556518556665 5.946393330893334 0 0 0
-8.13195514679 8.177674770355 3.2920349836350002 0 0 0
-31.673233667999998 -13.635399818399998 1.1369632879899998 1 0 0
-7.09551000595 1.43861997128 11.144900322 1 0 0
-30.860757010314284 4.28548867362 10.11350005012857 1 0 0
-1.8005024790775 3.3005375266075 12.4248998165 0 0 0
-4.70799016953 -3.05393004417 31.9216003418 0 0 0
-17.179542541500002 -18.70754296437143 14.622943060742857 0 1 0
-42.946024894725 -15.7042748928 7.3227300643925 1 0 0
-29.707293192559995 5.74626865387 7.170616722106667 1 0 0
-4.85183000565 -2.35983991623 31.8759002686 0 0 0
-4.87408018112 -2.36823010445 32.0166015625 0 0 0
-28.443412065525 6.1605763435375005 4.4354787468925005 1 0 0
-0.505277991295 -0.723294019699 0.267547011375 0 0 0
1.6113464321414281 6.2949478626257145 1.2810771295007142 0 0 0
-29.25086288452286 7.295507172175143 2.3155302865174288 0 0 0
-23.86915016175 -16.383600235 14.80839967725 0 1 0
-29.529033025133334 3.5179899533566665 6.789966742196666 1 0 0
-3.944514989855 3.528584957125 12.4579000473 0 1 0
-31.60474967955 -16.2607002258 9.07335996628 0 1 0
-13.252799797059998 14.753400039679999 6.710844039916 0 0 0
-4.902886708576666 2.7344866593700003 35.396732330300004 0 1 0
-21.764333724966665 -2.2838867505400002 9.347190221149999 0 0 0
-6.36265341441 8.683479944866667 4.19607337316 0 0 0
-42.3689796448 -14.27195987702 6.396679973602 1 0 0
-0.7281449764966499 2.2190279901027496 12.623995041845 0 0 0
-17.0809001923 12.7693996429 13.8350000381 0 0 0
-32.31816101076 -7.8085240364079995 7.080417919158 1 0 1
-28.62330030358695 4.685023017551739 7.252473064090869 1 0 0
-0.647855490446 4.302785158155 12.715700149549999 0 1 0
-29.754473736410528 7.709068900661579 1.3881178906100002 1 0 0
-5.08124017715 4.31604003906 3.23826003075 0 0 0
-0.599446028471 -1.0755050182349999 8.897900104525 0 0 0
-28.21867980956 -6.337979984282001 0.9760895967484 1 0 0
-43.04193242389999 -10.850066820766665 6.863303343453334 1 0 0
-19.4676990509 -8.4691696167 17.0926990509 0 0 0
0.02518349932505 2.474290013315 2.371455073355 0 0 0
-28.313975048064997 6.608940958977 8.744810390471502 1 0 0
-6.25558996201 7.27301979065 4.9568400383 0 0 0
-30.64877931001724 -0.7437080761481725 6.268796230184829 1 0 0
-5.145215034485 12.5324997902 8.750870227815 0 0 0
-25.9078998566 -14.390399932866666 11.322866439833334 0 1 0
-15.0921001434 6.99307012558 11.1512002945 0 0 0
1.74949002266 3.32856988907 3.0410399437 0 0 0
0.7360969952175714 14.182014329071427 7.645502839770001 0 0 0
-5.976130008695 2.627435088155 2.81154501438 0 0 0
-12.6280002594 8.8982000351 8.60278987885 0 0 1
-17.7237663269 -14.349433263133335 11.5087331136 0 0 0
-26.676433563233335 -15.182266871166666 11.8528331121 0 1 0
-6.1181634267166665 -7.805386649236667 8.887994342379999 0 0 0
-28.71875579268148 6.62907298406074 7.094923672853332 0 0 0
-28.84207019805 6.896725034715 5.872138023375 1 0 0
-19.0617008209 -15.5083999634 11.3807001114 0 1 0
-17.8598995209 -3.88678002357 7.99750995636 0 0 0
-21.0543994904 -2.594810009 2.02225995064 1 0 0
1.78047001362 3.56871008873 3.04342007637 0 0 0
3.6254850626 17.693400383 26.248999595649998 0 0 0
-7.86326980591 1.11673498154 11.474549770349999 0 0 0
-9.77256965637 11.5048999786 6.40827989578 0 0 0
-23.4225997925 -16.5284004211 14.2292003632 0 1 0
-32.33702214558889 -0.31076763239173333 0.8161183330747778 1 0 0
-28.40635013585 7.100199937819999 5.084625005725 1 0 0
-30.586088292735294 -0.2440735902636647 6.68742471582647 1 0 0
-0.11448452412152801 2.805662059782 2.756167984008 0 0 0
-13.3853427342 -26.782757077899998 20.1669859205 0 0 0
-2.7772866884866665 4.335966746013333 7.079250017803333 0 0 0
-42.1211344401 -13.802333196 6.4317099253366665 1 0 0
1.04931998253 0.981812000275 1.07919001579 0 0 0
-27.864725589724998 -16.84982538225 6.839640021325 0 1 0
-20.061804771425 -8.21727051735 11.095749998085 1 1 0
-4.41369509697 7.39557504654 33.989950180099996 0 0 0
-18.2775993347 3.9236600399 8.61378955841 0 0 0
-28.127090627500003 -6.215479113838183 1.0700581724 1 0 0
-27.811025142675 5.7608776092525 9.0952949523925 1 0 0
0.802860021591 0.150230005383 1.513890028 0 0 0
-28.287105139202595 6.757263536577144 7.261963652325971 1 0 0
0.6000769019126 0.17343358770002 12.666029930130001 0 0 0
-18.5044002533 -3.76724004745 7.77194976807 0 1 0
-0.961328983307 -3.12140989304 12.9503002167 0 0 0
-28.364562749875002 6.412046253682499 7.336669921875 0 0 0
-6.3845000267 10.2768001556 8.88901996613 0 0 0
-30.8770355497 4.388177803583571 8.789058480944998 0 0 0
-18.2602005005 -9.79932022095 9.9593000412 0 0 0
-28.207258085776367 7.18217290531527 7.235608716444364 1 0 0
-4.4519200325 7.50061988831 34.2032012939 0 0 0
-32.6581993103 -13.9829998016 0.780641019344 1 1 0
-32.66562461855 -14.24840021135 0.71787951886675 1 1 0
-30.833537459368756 -1.2004781365393746 6.199715018272499 1 0 0
2.68293800354 12.35930004118 22.30895996092 0 0 0
-2.83540010452 2.48725008965 4.51085996628 0 1 0
-6.215023077451539 13.776453971876926 8.150074518643846 0 0 0
-32.237750053400006 -14.144575119025 0.863348245621 1 0 0
-29.9780006409 5.32718992233 9.67387008667 0 0 0
-17.9527997971 -2.6659899950000003 6.974735021595 0 0 0
-29.714799881 7.54180002213 2.07709002495 1 0 0
-15.0285997391 7.2136797905 22.7089996338 0 0 0
-2.047680020335 -5.97740483284 7.981270074845 0 0 0
-27.269875049575 -15.245650053 11.379100084300001 0 1 0
-5.46633005142 5.46484994888 33.3684997559 0 0 0
-0.10829500109 4.8027100563 3.74378991127 0 0 0
-28.574500015814284 7.199669616562859 4.757853235516786 1 0 0
-12.5234003067 7.56830978394 10.130399704 0 0 1
-28.94895248413752 6.6820884704587495 3.2679285109044995 1 0 0
-0.228095006198 1.091645002365 12.4920501709 0 0 0
0.454989999533 -1.98260998726 11.6932001114 0 0 0
-31.0423498154 4.345579862595001 8.91069984436 1 0 0
-17.8509998322 -14.2136001587 8.98081016541 0 1 0
-29.87172985077 0.9184238970279999 7.195603084564 1 0 0
-19.824300766 -0.747985005379 5.74525022507 0 0 1
-30.165576463861726 4.734245682939753 4.739876311502471 1 0 0
-16.9988994598 8.02552986145 12.0120000839 0 0 0
-29.868806838986362 0.8754411827434317 6.794163172895225 1 0 0
0.460137993097 0.0780092030764 2.13565993309 0 0 0
-4.53435516357 3.7208999395399998 12.4180998802 0 1 0
-42.8660329183 -16.36379941306667 7.68848991394 1 0 0
-43.088675498949996 -16.228700160975 7.6636749506 1 0 0
-17.5561008453 3.63785004616 19.0058994293 0 1 0
-17.4452991486 3.54957008362 19.0508003235 0 0 0
1.23459005356 6.44680023193 4.49977016449 0 0 0
-9.4949798584 9.85186958313 8.39696979523 0 0 0
-14.3646001816 -2.51649999619 19.998500824 0 0 0
-30.398441314703444 0.2611337517034472 6.236421387771033 1 0 0
-17.3843002319 -9.91238021851 8.32699012756 0 1 0
0.9662673274673333 -0.2954396605493333 16.1514670054 0 0 0
-20.019779968279998 -8.839047813416 11.0826997757 1 1 0
-30.308050019399996 6.811376043728928 2.223177858761428 0 0 0
-26.7283992767 -18.9050006866 10.5283002853 0 1 0
-28.4477996826 -7.5903301239 9.63397979736 1 0 0
-31.834029253800008 -2.7762199990899994 7.754338769351176 1 0 0
0.5724103252089999 7.267263412480001 1.2404333353066668 0 0 0
-28.834476598096668 7.312751293182 5.360337670643665 1 0 0
-28.355683975228004 6.890471611024001 6.827151584625201 0 0 0
-43.81376584371666 -18.804333368949997 7.781958262125001 1 0 0
-1.48122000694 3.23975992203 12.4998998642 0 0 0
2.666995954516 13.255059814460001 22.313399887080003 0 0 0
-6.88670015335 10.3432998657 8.85299968719 0 0 0
-12.4201002121 -1.51331996918 22.6464996338 0 0 0
-30.111216651072223 3.177516659101111 5.304044988419999 1 0 0
-0.471159994602 -0.00856645964086 12.494799614 0 0 0
-6.63693499565 8.923474788665 2.1696100234999998 0 0 0
-10.4468002319 6.50729990005 25.9906997681 0 0 0
-6.7331199646 -3.98112010956 8.50852966309 0 0 0
-2.730325937272 5.659984016418 35.740380859359995 0 0 0
0.24976371079695997 -0.3423791021109 12.3085700035 0 0 0
-6.019790013630001 0.8617149988809999 2.6212266286233334 0 0 0
0.0207559503615 0.4393049925565 9.673035144804999 0 0 0
-30.07425994874 2.774921011926 8.274537849427002 1 0 0
-22.4106502533 7.7226748466499995 17.06075000765 0 0 0
-1.855069994925 1.5673649907099998 12.48849964145 0 0 0
-42.78664970395 -10.4249000549 6.649079799655 1 0 0
-10.526500225100001 -3.233190059665 5.46297001839 0 0 1
-29.101321249296973 6.674113894953939 3.2285887833793936 1 0 0
-28.378149986275 -6.599424958227499 0.9565732628107501 1 0 0
-11.3386001587 -13.0335497856 10.72049999235 0 1 0
-30.24214977026562 3.2608168572184364 4.2709084153178125 1 0 0
-29.220671635752836 7.786749434920377 1.7618473588296222 0 0 0
-28.6788005829 -0.209350004792 9.40344047546 0 0 0
-4.67590999603 6.31684017181 11.9993000031 0 0 0
-28.573308944709087 7.122477358038182 6.590499054302728 1 0 0
-38.1668993632 -13.049333254499999 8.729071617126666 0 1 0
-29.321462631237498 7.8344737291349995 1.4489475041637498 0 0 0
-29.32835006715 7.3882924318325 1.83075249195 0 0 0
-20.413199833457146 -8.16647543226 10.268985612042858 0 1 0
-30.08544540405454 2.7538527358654545 7.698453686453636 1 0 0
-15.2157001495 7.63622999191 10.4654998779 0 0 0
-28.863356465878265 7.380946055702174 2.3261147478352173 1 0 0
-42.747824668875 -16.735950469975 7.5956798791875 1 0 0
-1.150405979156 1.94553000927 12.609539985640001 0 0 0
-15.387899716733335 -4.922633330026667 20.0711994171 0 0 0
-30.618378689415792 4.66387685976579 9.23180685545263 1 0 0
-10.9914999008 6.40297985077 24.7959003448 0 0 0
-27.69139957425 -5.921674966815001 1.1121399998700001 1 0 0
-0.403679504991 1.43915998936 8.57045507431 0 0 0
-16.632133483900002 -14.339100201900001 8.319396654763333 0 0 0
-21.6566143036 -0.7665535637309999 6.869087219238573 0 0 0
-5.08805990219 4.92083978653 4.96308994293 0 0 0
-8.13834249973375 5.3078799843775 25.752275228512502 0 0 0
-23.7241001129 5.48365020752 12.0108003616 0 0 0
-33.5269508362 -5.36357498169 8.46298980713 1 1 0
-1.63758003712 5.3085398674 12.4626998901 0 1 0
-12.3436002731 6.33598995209 9.49201011658 0 0 0
0.569576501846 1.174894988535 7.250634908675 0 0 0
-15.45395040515 -4.920034885405 19.8559503555 0 0 0
-6.869867854647778 5.676543394723334 6.086207760706667 0 0 0
-28.58107986452 6.860389995574001 8.578180122378 1 0 0
-29.28863840836154 7.286641102570382 3.164899991109616 1 0 0
-5.56806993484 3.09715008736 35.3905982971 0 1 0
-6.5906080245959995 12.67681999208 9.322264099121998 0 0 0
-28.84541355479545 7.342783602801362 2.621181813153637 1 0 0
-30.32024720137058 3.635212954352353 9.285517524270588 1 0 0
-28.48880004885 -9.230504989625 9.43347978592 1 0 0
-5.271844387053333 12.355644226077777 9.085735427008888 0 0 0
-30.17703550002352 1.6742817584199998 6.7818464110864705 1 0 0
-7.83379983902 6.54096984863 2.82630991936 0 0 0
3.02308988571 9.19176006317 0.0865830034018 0 0 0
-28.598328454171426 -6.613228525431429 0.9316409996578573 1 0 0
-30.533455742733338 2.7132222652433335 6.7124944263033335 1 0 0
-30.622529792789997 -0.25652612084531995 6.3255350112920015 1 0 0
-5.27377986908 2.80130004883 35.525100708 0 0 0
-11.4560003281 -4.84467983246 20.0041999817 0 0 0
0.059654164221135335 -1.6594653367999999 12.612366676326667 0 0 0
-31.852120208740004 -1.2121419906612 3.7964728069308 1 0 0
-29.096492033730776 7.762557726641538 2.0727584362023075 1 0 0
-12.6589002609 -4.43234014511 19.6173000336 0 0 0
-4.19773483276 9.276424884795 25.3668003082 0 0 0
-25.3609008789 7.54168987274 9.72002029419 0 0 1
-20.4356002808 -3.40041995049 2.27060008049 1 0 0
-32.092491467791675 -2.3137625058491667 3.2348191340766674 1 0 0
-29.86260713850714 5.6915335655221435 6.40551863398 1 0 0
-2.450984954835 -0.6791425049305 14.60129976275 0 0 0
-29.05662197537778 8.254815419516666 1.856862240366667 1 0 0
-8.23567485809 1.2009699940699998 11.39804983135 0 0 0
-27.83861961366 -6.107323932648 1.091066026688 1 0 0
-30.338952382400002 3.2289204824528563 9.32235944838762 1 0 0
-30.436787605275 0.30635337159049997 6.571621358396249 1 0 0
-28.242879446817653 7.2337691082666185 6.747433676439412 1 0 0
-3.07609510422 1.928020000455 18.7035999298 0 0 0
-33.8169751167125 -13.846312522887498 7.8919762969025005 0 1 0
-30.7658996582 4.39087998867 9.78497505188 1 0 0
-42.875699361166674 -10.7456334432 6.727530002593333 1 0 0
-43.1535511017 -12.38105010985 6.455229997635 1 0 0
3.704933404923333 17.630966186533332 25.370732625299997 0 0 0
-9.23756027222 9.57917022705 5.164629936215 0 0 0
-31.2107936143875 0.6891965605318748 4.223648130894375 1 0 0
-11.580499649 -11.3070001602 12.0003004074 0 0 0
0.573537000588 -0.06445257864620857 12.619171551285715 0 0 0
-30.13689994811111 4.238393306732223 5.208728896246667 0 0 0
-29.7761001587 -15.8999331792 8.70407327016 0 1 0
-19.63379497528 -9.1049641132355 10.766004991534999 1 1 0
-11.884733200066668 -13.0991668701 6.276743253069999 0 1 0
-44.0972003937 -20.17350006105 6.215230226515 1 0 0
-6.420788288118334 11.131333351133334 4.338943401971666 0 0 0
-31.03704977035 -1.3756999671475003 6.2494724988925 1 0 0
-28.6170005798 2.5391600132 9.48715019226 0 1 0
-3.2082024812674996 1.7421849966025 6.708317399025 0 0 0
-0.961869984865 -3.109235048295 13.3638997078 0 0 0
-18.5137996674 -6.72557020187 9.71426010132 0 0 0
-3.42155992985 0.3556205034255 7.05239987373 0 0 0
1.3240400155399998 1.4058233102133333 2.7472132841733337 0 0 0
-28.316654245056252 7.226929167906667 4.2159500022725 1 0 0
-8.0516500473 3.4999101162 6.7435297966 0 0 0
-13.3083000183 11.4617004395 10.0454998016 0 0 0
-10.27030010224 6.1309679985039995 27.240399932859997 0 0 0
-0.13108120337132 -1.73456799984 18.22555999756 0 0 0
-5.857629776 7.17467021942 3.44025993347 0 0 1
1.08326995373 2.94809007645 12.6877002716 0 0 0
-43.8969993591 -18.4979000092 6.05926990509 1 0 0
-5.35340976715 10.9897003174 5.52205991745 0 0 0
-30.134500026725 0.9330469965935001 3.4034949541075 1 0 0
0.355679005384 8.30342006683 1.01743996143 0 0 0
2.48062992096 13.7270002365 21.8356990814 0 0 0
-33.3129005432 -12.6765003204 8.90596008301 0 1 0
-15.685999870300002 10.905499776200001 5.970846494036667 0 0 0
-28.366062941381482 7.244244451876667 6.394505924648887 1 0 0
-29.63956364719091 6.144212722779091 4.123944585972726 0 0 0
-3.46810007095 4.95918989182 37.1141014099 0 0 0
-28.743717754588232 7.650124718162941 2.3520552971770594 1 0 0
0.508403003216 3.69057011604 -0.244497999549 0 0 0
-12.269933382666666 -26.920399983733333 18.604132970166663 0 1 0
-42.57209968565 -14.936950206750002 5.872630119325 1 0 0
-31.067525068899997 -0.32074166461833337 5.6279484033575 1 0 0
-30.43780008953333 2.96066991488 9.657270113626666 1 0 0
-28.0550003052 -16.8866996765 7.03497982025 0 1 0
-30.850141684216663 2.8728692134225002 1.6967866520100001 1 0 0
-17.0990009308 -6.93344020844 7.2336602211 0 0 0
-43.85741370064285 -19.25521469115714 5.339545658657143 1 0 0
-6.0783200264 -7.02906990051 7.89258003235 0 0 0
-31.6402997971 -2.08850491047 7.760095119475 0 1 0
-15.9457998276 -5.20775985718 15.9617004395 0 0 0
-29.659099578899998 0.9623889923095 7.5677299499499995 1 1 0
-9.912150383 6.20421981812 26.8353996277 0 0 0
-32.3226216634 -3.6188810931299997 5.7456866900122225 1 0 0
-10.25234985355 11.551199913000001 5.9202549457549996 0 0 0
-25.63469982145 4.28696990013 10.83700037005 0 0 0
-27.7998008728 -0.916942000389 9.94464969635 1 0 0
-0.109449997544 4.02167987823 1.89998996258 0 0 0
-13.593800067916668 5.954420010248334 11.27968327205 1 0 0
-10.7412004471 -13.4822998047 10.95470047 0 0 0
-28.366374969495002 6.881141543388 4.2556570291525 1 0 0
-6.29610991478 7.05404996872 5.54690480232 0 0 0
-29.108939933760002 7.668615961076002 3.604789018632 0 0 0
-29.220900217700002 2.5835533142066667 8.749553362526667 0 0 0
-44.1869010925 -18.9339008331 6.94049978256 0 1 0
-5.37744998932 4.0297999382 12.5030002594 0 0 0
-6.51473999023 8.21446037292 4.68379020691 0 0 0
-6.55351018906 5.61588001251 25.5256004333 0 0 0
-30.220309563405664 5.310271128169056 3.749065858013773 1 0 0
-43.68759918213333 -17.866733551033334 7.3811100324 1 0 0
-30.21147489547083 2.406675845384584 4.257727444172084 1 0 0
-27.9967002869 8.5613899231 10.7341995239 0 0 0
-3.51570010185 2.28607988358 2.78241991997 0 0 0
-30.0614500046 2.4587349891650003 7.60158991814 1 1 0
-28.97050031026667 7.922933419546666 1.6209866603233332 1 0 0
-30.779423657582356 -0.20482502692816473 5.789902967566471 1 0 0
-1.50777995586 -3.4279999733 9.12631034851 0 0 0
-27.94351185068823 7.389198780060589 7.270935872022353 1 0 0
-18.6352005005 -4.67442989349 10.8606996536 0 0 0
2.59646010399 14.1038999557 21.6590003967 0 0 0
-30.219179916389994 1.58678598404 6.361994981765 0 0 0
-7.86170005798 4.4434299469 5.69865989685 0 0 1
-12.095700264 -10.432299614 6.24390983582 0 0 0
-17.7949008942 -15.801199913 9.99485969543 0 1 0
-30.67596876621875 4.138584971428124 4.646513104439999 1 0 0
-3.321798364321667 2.6859917243316667 3.14457833767 0 0 0
-17.4850997925 -15.5517997742 10.9119997025 0 0 0
-30.253310945299997 0.6810928914281668 5.790451129277223 1 0 0
-14.5703001022 1.06640994549 22.1082992554 0 0 0
-15.3756999969 5.50726985931 18.3668003082 0 0 0
0.9700469970702 1.6708139896399998 1.7554600000379998 0 0 0
-5.99004983902 7.6915102005 2.59089994431 0 0 0
-0.12054074928155 -1.55309998989 12.35644960405 0 0 0
-17.7490005493 -14.5396995544 11.6400995255 0 0 0
0.96198649704475 2.138987481595 1.71089500189 0 0 0
-30.749148025516007 2.2600227928148002 2.741742401124 1 0 0
-28.0972003937 -15.4954004288 11.2708997726 1 1 0
-10.6152000427 -11.0961999893 6.11354017258 1 0 0
-2.6241457121714284 0.9533421482359999 6.279321466174286 0 0 0
-30.137025356275004 6.701852440834999 2.6259325146675 1 0 0
-27.3654003143 -17.1912002563 13.0071001053 0 1 0
0.45681650936600005 0.8522664904595 3.09400010109 0 0 0
-14.3517999649 -6.39804506302 19.04065036775 0 0 0
-30.351437800637836 0.7666503207103242 6.2982918765089195 1 0 0
-25.34336297171428 4.810592569623431 4.310229955401716 1 0 0
-42.70839945473333 -10.6193666458 5.856799920396667 1 0 1
-6.40739011765 6.52718019485 5.50118017197 0 0 0
1.2074099779149998 6.628849983215 4.4992201328300006 0 0 0
-25.709914234702858 7.171076856340571 5.246442277090284 0 0 0
-14.0749998093 7.21402978897 24.3379993439 0 0 0
-28.863433202133333 2.078310012816667 8.70926698049 0 1 0
3.7229179859159998 17.76842002866 25.724219894420003 0 0 0
-9.96018981934 9.98711013794 7.61842012405 0 0 0
-4.15698003769 6.53044986725 11.882399559 0 0 0
-11.308000087749999 -13.108549594900001 6.09514498711 0 1 0
-17.809999942775 -7.571238756178749 10.291299819950002 0 0 0
0.10898996568792223 -1.2160744468383333 12.628933217800002 0 0 0
-5.966770013176667 -7.873226642606667 8.908766746523334 0 0 0
-28.72443122863111 7.757568624283776 2.7784035576715556 0 0 0
-30.297060012823337 4.308464336395 4.7624676863349995 1 0 0
-17.28015132283488 -7.429916514906509 9.834484011628605 0 0 0
-28.14598668416667 7.806275399526666 7.838834698995334 1 0 0
-31.9335002899 -1.99172997475 7.63136005402 1 1 0
1.281974971295 13.73559999465 6.77461004257 0 0 0
-7.19283986092 11.1304497719 2.06544494629 0 0 0
-6.2986998558 13.0355997086 9.99440002441 0 0 0
-20.4598999023 3.91933989525 9.3937702179 1 0 0
-9.27315044403 -6.30465984344 8.32353019714 0 0 1
-14.1859998703 -5.54225254059 21.150525093074997 0 0 0
0.5790760070085 2.71845251322 7.797225117685 0 0 0
-29.79396922771154 1.2300961521961542 4.19763460526077 1 0 0
-29.952025413525 -5.5378674268725 0.2916380017995 1 0 0
-31.705522113377768 -1.7541585101014814 5.268330379768519 1 0 0
-26.8467006683 -17.1942996979 7.49476003647 0 1 0
-29.973744498355554 4.937047746446667 4.275676674312222 1 0 0
-28.9368000031 7.97270011902 1.46618998051 1 0 0
-34.92499923705 -4.947545051575 9.80082464218 0 1 0
-28.429711914064 7.2293931198128 4.6770484161372 1 0 0
-43.66950035095 -18.386750221249997 4.832999944685 1 0 0
-18.1653003693 11.7108001709 15.4302997589 0 0 0
-26.7916498184 -15.187749862699999 12.12704992295 0 1 0
-19.5118999481 6.29659986496 12.04529953 0 0 0
-30.056700297771425 7.145861421314287 2.0916613851271433 0 0 0
-0.27431899805866666 5.26207002004 13.091166496266666 0 0 0
-28.8997001648 7.78704977036 10.5900001526 0 0 0
-4.758379936218001 4.812692070006 3.7174919605239998 0 0 0
-0.28229699270540004 -0.9400257170199285 12.628864220214286 0 0 0
-30.11854684353438 3.1818552985781245 5.719427838920938 1 0 0
-28.36822509765 7.2122573852550005 3.94471746683 1 0 0
-28.877747762766663 7.864248616354762 3.742242381686667 1 0 0
0.536599000295 2.3783833185833334 7.81274652481 0 0 0
-12.264233271283333 -26.807583491033338 18.291083653766666 0 1 0
-6.03533983231 6.96077013016 3.06187009811 0 0 0
-2.90431499481 0.436186999083 17.186200141900002 0 0 0
-23.4922008514 -17.0205001831 14.3152999878 0 1 0
-13.397433280933333 -27.074266433700004 20.0481001536 0 0 0
-25.410733222966666 4.848341623941667 4.620960076649999 1 0 0
-30.18440646509677 5.237711967960646 4.163533518392257 1 0 0
0.859628021717 6.36448001862 4.2609500885 0 0 0
0.422560989857 6.23972988129 4.04897022247 0 0 1
-42.9734992981 -11.210100174 6.5897898674 1 0 0
-42.9768009186 -11.11734962465 6.4373550415050005 1 0 0
-30.17846771978065 5.303092571998064 3.2208428998138707 1 0 0
-30.131569862365 2.687478494643 4.2894260883325 1 0 0
-7.20143485069 10.4835500717 8.702754974365 0 0 0
-31.77150026956667 -15.960933367400001 8.798403422036666 0 1 0
2.45893001556 14.0622997284 21.8348999023 0 0 0
-29.841514587385713 4.890991483417143 5.138958590370001 0 0 0
-18.5534000397 -2.80208992958 6.77750015259 0 1 0
-7.93589019775 3.52776002884 26.8155002594 0 0 0
-4.1648625135425 5.3657225370375 5.263527393342501 0 0 0
-28.470314298342853 6.909845624651429 6.343224252972857 1 0 0
-31.712910515925 -2.247026400908214 3.754969988550716 1 0 0
-28.930884581338468 8.302547674911539 1.6390699973484613 1 0 0
2.45603990555 8.64214038849 0.215509995818 0 0 0
-1.92681002617 -3.50615000725 8.15859985352 0 0 0
-30.77267628623809 -0.7259003292946667 5.816067604791428 1 0 0
2.00008010864 7.64986991882 1.33006000519 0 0 0
-28.6476993561 -17.4603004456 13.4416999817 0 1 0
-0.535576492548 -2.933194994925 8.841639995575001 0 0 0
-28.542280006410003 6.828944158554999 8.280237960816 1 0 0
-27.864899982104546 7.787423177198181 6.807242306795908 1 0 0
1.60306251049 3.25611746311 2.5576300024975 0 0 0
0.550795018673 0.900785982609 6.44954013824 0 0 0
-4.866729974745 2.9142000675200004 35.5798492432 0 0 0
-6.69259977341 7.98907995224 8.53748035431 0 0 0
0.3673898577690714 -0.091997750917418 12.603207111364284 0 0 0
-14.835627209045457 -16.610127188936364 6.783674586902726 0 1 0
-4.66651010513 6.99424982071 34.3391990662 0 0 0
-30.41687965392 2.98037199974 9.228992080687998 1 0 0
-14.254600022978948 -7.478036328365261 11.198347342647367 0 0 0
-30.820246934890623 1.2652459330853123 5.738980650902812 1 0 0
-30.139873891636245 4.7328518922770995 3.822805798572463 1 0 0
-28.5706005096 2.46004009247 9.51171970367 0 1 0
-30.845472996057694 0.25880811735986925 5.290432654894231 1 0 0
-5.0928514344342855 -8.334614345005715 9.057958602905714 0 0 0
0.18702172674227271 -0.8212326385758183 12.602463635536362 0 0 0
-30.582188712233332 0.684547887908111 6.873029973772223 1 0 0
1.28515005112 5.474629879 12.5030002594 0 0 0
1.13911998272 5.50126981735 12.5762996674 0 0 0
-32.252133687333334 -1.9565099875133332 7.66862010956 1 1 0
-3.03550505638 1.106900036335 16.961350441 0 0 0
-30.121626402205266 4.70176950254 5.081888926657368 1 0 0
2.58816003799 8.25177001953 0.102389998734 0 0 0
-3.41343998909 -0.43127900362 7.39440011978 0 1 0
-29.057406306268753 7.76656624674875 3.280252501368125 1 0 0
1.03689002991 0.904134988785 0.978990972042 0 0 0
-31.2029750347 5.05668371915875 1.8722637593725002 0 0 0
0.312391012907 2.00021004677 5.41798019409 0 0 0
-13.9672800064 -6.20862789154 21.06595993042 0 0 0
-7.713661757383636 23.143009185781818 6.648779132149091 0 0 0
1.52498501539 1.2552749514600001 2.698100090025 0 0 0
-29.200119876865 6.6620860099785 4.28285446167 1 0 0
-2.93534994125 2.5107998848 4.59541988373 0 1 0
-17.554599762 -9.95296955109 8.3348197937 0 1 0
-7.20166015625 7.36453008652 6.99126005173 0 0 0
-28.774266140805363 7.865653719221248 3.2347344585828575 0 0 0
-6.31157016754 -5.04800987244 5.04343986511 0 1 0
-29.916064126157146 5.379422869000713 3.090348584312857 1 0 0
-29.838049888649998 5.07736992836 7.7837600708 1 1 0
-30.05042505265 3.0439450144775 7.6516025066374995 1 0 0
-17.53840065 -13.7609996796 10.0304002762 0 1 0
-42.78601989746001 -15.674979972820001 6.256723880768 1 0 0
-42.4170513153 -14.3232998848 5.536939859389999 1 0 1
-25.3374004364 4.9329199791 3.94288992882 1 0 0
-6.24266796112 5.075194072724 5.4071540832539995 0 0 0
-23.9867992401 -10.1120996475 7.86740016937 0 0 0
-30.147632190164284 3.2728689227789287 4.758487871714642 1 0 0
-29.6754007339 6.01141500473 7.02971506119 0 0 0
0.7874045024315833 -0.7252649590374581 12.643879135454165 0 0 0
-30.292998183009807 2.8334231516890203 5.772078626296273 1 0 0
-11.1366996765 5.43763017654 10.8763999939 1 0 0
1.7706020355219998 14.257159805319997 36.76177978516 0 0 0
-16.2170495987 -15.516650199899999 7.58830499649 0 1 0
-4.901319980623334 3.19479004542 35.745001475 0 1 0
-27.81494701610588 7.762745857237648 8.319553711834114 1 0 0
-27.807809136127275 9.71246623993 8.737793575632727 1 0 0
0.418715506792 -0.538863003254 12.1371498108 0 0 0
-13.554585865571429 -26.817043031957137 20.279371261585712 0 0 0
-3.697390019895 0.53150677680975 7.0340650081625 0 0 0
-2.94195997715 1.24353504181 18.060299873349997 0 0 0
-30.926389393052634 1.2867321152436844 5.330850551004737 1 0 0
-13.108500242224999 -8.10216999054 8.78364253044 0 0 0
-29.162330055239998 7.256056880951999 3.6867899894690006 1 0 0
-28.0351009369 5.45118999481 9.75809955597 1 0 0
-44.4345493317 -20.1531496048 7.299054861069999 1 1 0
0.08348564803615 0.5834560096265 12.660850048050001 0 0 0
-3.5054500103 3.05922007561 2.80500006676 0 0 0
-3.58527994156 7.59813976288 33.988899231 0 0 0
-28.364088494437155 8.227293477738858 2.771601138796286 1 0 0
-15.0415000916 0.217108994722 20.3045005798 0 0 0
-32.77230021159333 -2.234871355692 1.742433333396667 1 0 0
-16.0912504196 -15.53590011595 7.4360799789400005 0 1 0
-5.46781015396 6.58268022537 3.63808989525 0 0 1
-31.41910001966667 -0.6913226710425556 4.423914485507778 1 0 0
-27.8314990997 -7.59614992142 1.48248004913 1 0 0
-13.8599500656 -7.217625141145 20.979300499 0 1 0
-30.72287617558695 2.245925017025435 6.225416504818476 1 0 0
-42.362866719533336 -13.226533571866668 5.2113466262833334 0 0 1
-29.92345418156487 2.27543676866081 5.240825137576759 1 0 0
-3.634315013885 5.10501480103 37.143899917599995 0 0 0
-27.681039953229998 8.301740455627499 8.219687700272 1 0 0
-31.813100337999998 1.73186251521 2.6451199650749997 0 0 0
-30.367673537302935 2.843742644086471 6.714108551249708 1 0 0
-16.8540000916 -5.56869983673 2.14249992371 1 0 0
-2.06885248422625 0.2851064489224062 6.229629397392499 0 0 0
-28.461666742966667 7.8621382713333325 2.790381630261667 1 0 0
-14.4923000336 -10.3334999084 10.184800148 0 0 0
-31.173166783653336 1.1245746612553333 4.794409338632667 1 0 0
-26.562691688524996 7.135615785918334 6.2009233633675 0 0 0
-30.615534380871047 2.7142463232344745 6.210017869347105 1 0 0
-10.3396997452 -6.65337991714 7.09387016296 0 0 0
-6.735199928284 8.162193870544 8.605185890198 0 0 0
-16.1713008881 -5.35691976547 16.0428009033 0 0 0
-14.267266670849997 -6.719390034676667 19.056516647333332 0 0 0
-28.23449993135 -15.59490013125 11.71234989165 0 1 0
0.5427476763726666 2.242623408636667 7.363816738130001 0 0 0
-32.685798645 -17.0380992889 8.23342037201 0 1 0
-16.1236991882 10.7283000946 8.41777992249 0 0 0
2.57292342186 14.211766878766667 22.247933069866665 0 0 0
-14.5936002731 -7.24002981186 20.4239997864 0 1 0
-0.684364020824 -0.056050401181 7.52063989639 0 0 0
-41.3321990967 -16.59425067905 5.406584978105 0 1 0
-28.1590003967 3.44485998154 0.914862990379 0 0 0
-14.4060001373 -0.510218024254 6.37983989716 0 0 0
-6.8998298645 5.67981004715 7.78835010529 0 0 0
-29.9190741645037 2.755342580655556 5.227943349766666 1 0 0
-31.830045993507692 -2.173264631859231 5.304284609281538 1 0 0
0.946604013443 6.06541013718 2.63119006157 0 0 0
0.624696016312 10.335100174 32.7746009827 0 0 0
-18.204827732505553 -7.342547204759445 10.25706672667778 0 0 0
-12.3064002991 -2.5337998867 21.5347995758 0 0 0
-30.6326007843 -15.9856996536 8.38300991058 0 1 0
-5.92609977722 12.9748001099 8.10513973236 0 0 0
-39.39509963985 -15.40435028075 5.721839904785 0 1 0
-6.107034274509999 13.190142767771428 8.139502934047144 0 0 0
-42.8223991394 -10.4132995605 6.14520978928 1 0 0
-30.57984145481666 0.8626735011734997 5.7062583367025 1 0 0
-30.37761001588 1.6560759901990003 4.174419975281 1 0 0
-32.0523509979 -1.044340014455 7.3221800327299995 1 0 0
-30.611407143728574 1.843415004865714 4.73808707509643 1 0 0
-10.8846998215 -13.2368001938 10.1919002533 0 1 1
-25.512949943525 4.971432328225 4.728987574574999 1 0 0
-24.184557506028572 5.645870072501428 7.67585849762 1 0 0
-29.9302936061742 4.93504839558613 4.7839651723051615 1 0 0
2.191522870745714 -0.8251408508844286 13.147271292557145 0 0 0
-26.7010002136 -6.96474981308 0.00560763990507 1 0 0
-4.05341005325 3.69046998024 37.0946006775 0 1 0
0.74998500943185 -0.5900280475615501 12.260314989094999 0 0 0
-28.5237007141 -15.4535999298 8.57116985321 0 1 0
-30.09709482193 3.6612024903295 3.762097012995999 1 0 0
-30.45487733322273 2.24119727178 2.272218162362273 1 0 0
1.1746100187300001 13.16494989395 35.19580078125 0 0 0
-17.5527992249 2.78125 19.0266990662 0 0 0
-12.2677998543 -27.09060001375 18.86925029755 0 1 0
-42.12959925333333 -13.855400085433333 6.7540799776733325 1 0 0
-5.807106574376667 13.353300094600002 7.937833309173334 0 0 0
-13.61511974332 -27.041620254519994 20.21324043272 0 0 0
1.03766000271 0.45516499877 3.20216989517 0 0 0
-29.923036976868417 4.719300972787894 3.6749036939526323 1 0 0
-17.0732002258 14.2124004364 9.93879032135 0 0 0
0.677250981331 10.3134002686 33.0755004883 0 0 0
-2.3767233689633334 -1.2570933500933332 5.610919952393334 0 0 0
-29.0802993774 0.159624993801 7.11379003525 1 1 0
2.38147997856 13.1546001434 21.79340076445 0 0 0
-44.03099823 -18.5314998627 4.51243019104 1 0 0
-29.0380496979 6.777780056 6.013779878615 1 0 0
-31.2336006165 3.08159995079 9.27896022797 1 0 0
-5.521529992423333 12.465400060033332 9.125733375546666 0 0 0
-30.354534478017243 0.28860195562373625 5.815455880657931 1 0 0
-6.618497943878 12.626719856240001 9.669217872618 0 0 0
-5.98913002014 7.77054977417 4.97381019592 1 0 0
-29.7808269154 4.070908243006365 3.660105488518182 1 0 0
-41.4850997925 -12.1925001144 7.50041007996 1 0 0
-41.37890052795 -12.1547999382 7.238734960555 1 0 0
0.452057003975 6.77660989761 11.9959001541 0 0 0
-43.1257019043 -12.2188997269 6.57043981552 0 0 0
-30.105644226077775 5.693083895577223 3.3286538918811113 1 0 0
-43.817850112900004 -19.07885074615 4.657294988635 1 0 0
1.03543996811 11.6321001053 34.7459983826 0 0 0
-30.733735058743243 2.2194805467459457 5.809395184387567 1 0 0
-7.143643379213333 13.079799652099998 8.710153261819999 0 0 0
1.074887779023333 -0.7814387811555555 12.61782222322222 0 0 0
-10.9983997345 5.50339984894 11.681599617 0 0 0
-1.54570996761 2.99817991257 12.692899704 0 0 0
-6.829289913175 5.61722493172 24.5825996399 0 0 0
-31.042966842633334 4.134359995523333 10.1957998276 0 0 0
-27.0780000687 -9.653490066525 9.642850399015 0 0 0
-5.038855075835 4.19289016724 3.770975112915 0 0 0
-33.0065994263 4.58137989044 1.40596997738 0 0 0
-32.2408991727091 -7.753903649070001 6.906350916082727 1 0 0
-30.090566423211115 2.875958919525556 4.7191566361333335 1 0 0
-19.93498357135 -8.730656782785 10.782933553083332 1 1 0
2.0504666964216667 8.610693295795 15.7690498034 0 0 0
-31.740704536436365 -0.7645199109207728 3.207565871152728 1 0 0
-31.759056015016004 -0.259257237985736 3.7307588195808012 1 0 0
-29.3188495636 1.416425049305 8.335150241855 1 0 0
-31.822283109027776 3.0795733398872223 0.8352604971992225 0 0 0
-28.670843839650004 7.1217706203456235 8.688830018043749 1 0 0
0.51697999239 -3.56990003586 14.5733003616 0 0 0
-16.1739006042 11.0354995728 7.5942401886 0 0 0
-1.69278001785 5.79718017578 11.0115003586 0 0 0
-41.4832000732 -12.2128000259 6.98261976242 1 0 0
-17.573450565325 -7.515847444535 9.608772516250001 0 0 0
-17.0034999847 13.9483995438 17.8554000854 0 0 0
-29.733536402374604 5.332912240710161 2.8017320708623825 0 0 0
-5.58613014221 13.6105003357 8.00358009338 0 0 0
-44.146232604999994 -19.858066558833332 6.0946299235 1 0 0
-8.42348957062 9.4503698349 3.95413994789 0 0 0
-11.11962509155 -7.711837410927499 6.7652050256725005 0 0 0
-42.211766560866664 -14.0986668269 8.133220036826668 1 0 0
-28.263399817736364 7.7697600017890895 4.2548826824527275 1 0 0
-17.0818004608 -11.6145000458 11.0719995499 0 0 0
-42.9180984497 -15.6904501915 8.050975322725 1 0 0
-15.121299743649999 6.9710249900850005 12.105700016050001 0 0 0
-31.019238251907687 0.1325773289068823 5.224769262166924 1 0 0
-0.442515999079 1.9742000103 9.07938957214 0 0 0
1.2498575150975 12.668325185775 34.70860004425 0 0 0
-28.686302266221283 8.157029801225956 3.7625791519251073 1 0 0
-30.138630651656467 5.725828539940322 2.237439990043548 1 0 0
-27.629699707 7.75996017456 10.2258996964 1 0 0
-28.7958507538 4.646655082700001 7.547204971315001 1 0 0
-10.3972997665 -9.99238967896 6.2985701561 0 1 0
-42.04529953 -13.4965000153 6.99426984787 1 0 0
-29.94147788154073 6.265443660594445 2.290869615697037 1 0 0
-3.02265000343 3.182760000225 4.44067001343 0 0 0
-3.06118011475 0.855652987957 18.1509990692 0 0 0
-29.575333277400002 3.5838900009783328 8.287171522776667 1 0 0
-31.28820539776316 -0.6532645790201053 4.766440040186317 1 0 0
-31.4587001801 -13.7972002029 0.792595982552 0 1 0
-12.9043998718 2.9940700531 33.0615005493 0 0 0
-30.196683247883332 -5.798063278198334 0.20551800231133333 1 0 0
-12.3269996643 -3.96586990356 19.5673999786 0 0 0
-31.739799499500002 3.66663992405 10.80259990695 1 0 0
-12.4965000153 5.65312004089 10.3097000122 0 0 0
-28.4552001953 -8.84438991547 10.0345001221 1 0 0
-31.41152477265 -1.2212812453500002 4.443408727646251 1 0 0
-31.35237564912162 -2.2165551443362164 6.245789721205133 1 0 0
-43.767681121820004 -18.731359481800002 5.3738900184639995 1 0 0
-28.3285999298 1.45034003258 8.52136993408 1 1 0
-31.38634999593333 1.8987933198616667 1.8637016415600003 1 0 0
-28.69296339081463 8.690409730120491 2.283928778113415 1 0 0
-24.25709915165 6.63405013084 7.9488098621350005 1 0 0
-7.41394996643 1.50225996971 10.8440999985 1 0 0
-31.155473200479996 0.28152901451107365 4.737758668264999 1 0 0
-28.68851280212821 8.656292499639232 1.732314100633077 1 0 0
-29.540719985939994 7.190717983246 3.0908940315259996 1 0 0
-1.75260996819 2.87410998344 12.4470996857 0 0 0
-32.137499809275 -1.6018124818825 7.336964964869999 1 1 0
-42.9567985535 -12.4519996643 6.29362010956 1 0 0
-19.3185005188 -12.9518003464 23.9701004028 0 0 0
-33.18761758242942 -3.7234999993264704 3.208632342955882 1 0 0
-28.973299980150003 3.941110014915 6.356914997105 1 0 0
-9.36361980438 2.17161011696 11.9963998795 0 0 0
-30.133814403000002 5.593674319131428 4.077252864835715 0 0 0
-13.9474000931 3.42145991325 14.8675003052 0 0 0
-29.69922572544572 5.658056027548571 2.7775359903057146 1 0 0
-28.907011032099994 6.356998867457778 3.2249511347877777 0 0 0
-12.728975057608332 15.835516611725 6.240046699841667 0 0 0
-29.382331252087504 5.372208088636875 2.697884991765625 0 0 0
-29.872931122768748 2.372977189720312 4.724828749895 1 0 0
-14.7873001099 0.122795000672 20.8346004486 0 0 0
-29.05046358974546 8.594756473194547 2.171198173003636 1 0 0
-30.124334778895346 5.62601280212372 3.7815881496251165 1 0 0
-29.682499694833332 6.357516002655999 6.359864679972001 1 0 0
-6.94191980362 1.77831995487 2.02608990669 0 0 0
-0.517014026642 1.64763998985 9.04047966003 0 0 0
-30.21661509002308 2.289561546766154 5.557909231920001 1 0 0
-28.74888251809412 8.361881873187057 2.418439991334706 1 0 0
-30.5546498298625 0.9326030090452501 6.193177521226249 1 0 0
-29.79186693826667 -11.6595665614 2.1067465941133334 0 1 0
-32.78969955445 7.452157497405 -0.40472799539575 0 0 1
-28.428471429014287 7.983485630582858 3.2270628384185716 1 0 0
-43.0208015442 -15.942199707 7.53740978241 1 0 0
-29.31838035584 3.4321939945240003 0.6719376087188 0 0 0
-28.527925014475002 8.0112023353575 3.2750725150099997 1 0 0
-27.926125049600003 8.485412359237499 4.0538750886925 1 0 0
-28.192092895514286 7.761569295611194 6.2602885791235705 1 0 0
-26.9155006409 4.72425985336 8.9686498642 1 1 0
-44.0703010559 -18.5053005219 6.20944976807 1 1 0
-16.5069999695 8.80301952362 10.3473997116 0 0 0
-13.505200386 -8.06375026703 10.2188997269 0 0 0
-24.7490005493 -4.0996799469 10.9121999741 0 0 0
-30.15005683898571 2.7793950012757143 5.336798531667857 1 0 0
-31.345444361377776 -1.109687791931111 4.705561002094445 1 0 0
1.75300002098 -0.92026001215 12.7767000198 0 0 0
-13.84020996093 -7.5286500215535 10.314250087729999 0 0 0
-33.77503331503333 -16.881100336733336 6.306433359783334 0 1 0
-33.295500183120005 -16.89574012756 6.3429539680480005 0 1 0
-1.47339999676 1.04565000534 12.5474004745 0 0 0
-30.0034008026 6.07312011719 3.22042989731 1 0 0
-32.829019927980006 -1.815525984766 7.807373905179999 1 1 0
0.468053013086 2.19312000275 6.97584009171 0 0 0
-0.13087763223373336 2.4115800062833332 9.602691014607778 0 0 0
-31.341530036929992 -2.6158820152280002 6.7364099025729995 1 0 0
-30.10740576850555 2.6178272035394445 3.7643422153261117 1 0 0
-44.0661010742 -18.786699295 4.48537015915 1 0 0
-21.1529006958 -15.4951000214 10.7060003281 0 1 0
-28.5875501633 8.174884796145001 4.005615234375 1 0 0
-6.42660999298 -3.83060002327 8.51432037354 0 0 0
-4.36897993088 3.13111996651 6.31176996231 0 0 1
-7.43510007858 3.53684997559 27.6355991364 0 0 0
-30.4493999481 2.62178993225 8.59099006653 1 0 1
-29.864639313495072 3.8387803406009837 3.2491547475095084 1 0 0
-17.262438307414897 -7.443757909410424 11.27600428398085 0 0 0
-27.8606502533 7.672036027908 7.238217020035 1 0 0
1.04001998901 4.41085004807 7.98495006561 0 0 0
-19.9101009369 5.48324012756 14.9848003387 0 0 0
-31.209250041392856 0.2894487854625428 3.2113299880699997 1 0 0
3.682924985885 19.1947994232 26.81424999235 0 0 0
-28.066777759122218 7.6417593956 6.720000028609999 1 0 0
-1.88586497307 5.6898200511949995 36.57299995425 0 0 0
-31.91733879513334 -0.6689451667996109 7.3218855592955565 1 0 0
-28.283840179434996 8.166313600539999 3.2140290141119996 1 0 0
-27.645500183099998 9.52835035324 8.358964920045 1 0 0
-9.417570114135 10.0422000885 5.58737516403 0 0 0
-2.40714001656 3.84886002541 4.75427007675 0 0 0
-27.87629985805 7.47793507576 6.9670250415799995 0 0 0
-31.40910894220909 -2.331136356699091 4.654465545306363 1 0 0
3.66555992762 18.349266688033335 28.26746622723333 0 0 0
-30.1202715465 5.659137828009286 2.593927877288571 1 0 0
-31.648628779814292 -1.748860001562857 7.143830095018571 1 1 0
-29.051830585169228 5.410449981689231 5.741373062135384 1 0 0
-27.9029998779 7.18345022202 8.3098897934 0 0 1
-7.67353510857 3.386550068855 27.86410045625 0 0 0
1.320006000996 14.16990995406 6.879752016067 0 0 0
-29.93118879528889 3.1603244145711114 3.6940955585911106 1 0 0
-31.273462414743747 1.213951878249375 1.6290687471643748 1 0 1
-17.737374181334786 -7.424893918244783 10.244560780721738 0 0 0
2.40992999077 8.77859973907 1.67662000656 0 0 0
-27.5280990601 -3.28316998482 11.0761995316 0 0 0
-31.7863006592 -3.0675098896 5.36288976669 1 0 0
0.0566308014095 -4.54436016083 13.5087003708 0 0 0
-30.42445023853333 1.7530549764633332 4.744046688081666 1 0 0
-0.477899998426 -2.95444989204 13.9264001846 0 0 0
-30.181407111028573 3.6695414440964282 4.755628585814286 1 0 0
-18.8456001282 -12.6753997803 10.9378995895 0 1 0
-33.8385009766 8.0150604248 -0.542231976986 0 0 0
-31.751166979466664 -12.2625166575 1.9216150045399998 0 1 0
-34.2929000854 -5.07227993011 9.09801006317 0 1 0
-30.756133397400003 -12.073333104433333 1.8893700043366666 0 1 0
-5.9516248703 10.44810009 3.063125014305 0 0 0
-29.945984620315382 5.827204520886154 2.2512076818015383 1 0 0
-30.31012848096154 2.8048971677446155 2.824230010691796 1 0 0
-29.489900589 3.42409992218 4.9463300705 1 0 0
-10.9610996246 -1.58794999123 21.2910003662 0 1 0
-26.604916572566665 7.242736657461666 8.193665027618335 0 0 0
-28.5861749649 7.723634958265 5.20171010494 1 0 0
-8.16088962555 4.80353021622 8.04314041138 0 1 0
-29.0557598114 8.677025985719999 1.91948196888 1 0 0
1.51472002268 2.66574501991 2.3758600950249997 0 0 0
-9.056859970095 9.650604724885 4.42138504982 0 0 0
0.442611008883 2.18528008461 7.64857006073 0 0 0
-30.179567337033333 -6.137356599173333 0.17567866543933333 1 0 0
-6.970834970475 6.54216504097 7.33830499649 0 0 0
-31.68093663995455 -0.8469807343049092 5.257369084790909 1 0 0
-21.5655002594 -15.9493999481 11.0829000473 0 1 0
-30.668661411000002 1.8339938292138467 6.675550754253846 1 0 0
-12.760760116579998 -7.711762046813999 9.682232093809999 0 0 0
-7.10630989075 5.63233995438 24.489900589 0 0 0
-13.237825155274999 -26.906449794750003 19.895874500275003 0 0 0
-3.0674886362900002 1.2593628679014286 6.408437047685715 0 0 0
-28.4104995728 9.09889030457 9.80541992188 1 0 0
-6.379347642263332 3.2686822414411107 6.827940146128888 0 0 0
-30.668100357066663 -0.07817196535573333 7.122476736703334 0 0 0
-13.9763002396 -0.255214005709 22.3411998749 0 0 0
-28.7278003693 -6.481569767 0.865328013897 0 1 0
-29.73157841817857 5.326537813457857 6.836150680269285 1 1 0
-14.302150058750001 -7.6526390075684985 10.710775089265002 0 0 0
-2.78004002571 5.38009023666 11.1789999008 0 1 0
-13.264245466745455 -27.650645516127273 19.6146363345 0 0 0
-1.9795166651400002 0.335485001405 6.196479956306667 0 0 0
0.272751003504 4.34740018845 13.2927999496 0 0 0
-5.07670021057 -8.04366970062 8.49260997772 0 0 0
-3.55995988846 7.4088602066 33.9746017456 0 0 0
1.808270037175 14.3094496727 5.4289250373849995 0 0 0
-10.897566477466667 -15.600233395866667 33.90033340456667 0 0 0
-30.292262554174997 2.3837374746787505 6.712659955025 1 0 0
-33.248449325600006 7.64208984375 -0.44396999478300003 0 0 0
-30.12579476205263 3.6080315865968418 3.145997361132105 1 0 0
-5.95618009567 1.18721997738 1.99718999863 0 0 0
3.8132100105275 18.81434965135 26.850074768075 0 0 0
-31.6406917572 -1.8043074905874998 5.652058323224167 1 0 0
-8.76099491119 10.338350296000002 7.128769874575 0 0 0
-32.04463450113334 -1.36629331112 3.73837995529 1 0 0
-14.797100067133334 -6.971899986266666 20.609900156633334 0 0 0
-28.7373008728 5.78879976273 9.51702022552 1 0 1
-31.786612629893753 -1.7523975074287501 4.304027467965625 1 0 0
-29.802111095855555 2.4067344135699997 4.415523423088889 1 0 0
-17.913400014233332 -7.523979981739999 9.435246785483335 0 0 0
-32.06822395325 -7.395597577097499 6.929807543752499 1 0 1
1.19375002384 15.3383998871 7.53389978409 0 0 0
-31.31073849016923 -0.614497615740846 5.235526084898462 1 0 0
-31.7877750397 -7.2266299724600005 6.8365975618375 1 0 0
-11.486649990099998 -7.389559984207501 9.895747423175 0 0 0
-30.86771678925 0.6476683318611668 2.394350012143333 1 0 0
-0.882983028889 7.9205698967 10.515999794 0 0 0
-3.57590007782 -2.94065999985 33.0050010681 0 0 0
3.7596250375099998 18.811699867250002 27.2745335897 0 0 0
-29.89663327534667 2.7545753161126667 3.378696695964666 1 0 0
-27.323699633266667 4.727660020193333 8.950146675108334 0 0 0
-13.1255998611 3.02202010155 33.239200592 0 0 0
-28.687124967575002 7.854272425175 4.0361024737375 0 0 0
-28.540199470519998 7.792364025117 6.118013095855 1 0 0
-26.582181930545456 7.244129094210001 7.760334535079091 0 0 0
-13.0108003616 -1.96048998833 21.0372009277 0 1 0
-15.6239995956 -5.78659009933 16.6100997925 0 0 0
-31.733710439578946 -2.753871039340526 6.184602611943683 1 0 0
-26.40626674227778 6.94284333123 5.760521650313888 1 0 0
-5.57511520386 12.453249931350001 8.883769989015 0 0 0
3.8438249826449997 18.4202003479 26.27484989165 0 0 0
-31.6486124992375 -1.68768252432375 6.3270787000675 1 0 0
-1.51013994217 -2.9775800705 8.9936504364 0 0 0
-6.697438580647143 21.361028671257145 6.7569600514 0 0 0
-28.394866590144442 8.213509948165186 5.743979612985926 1 0 0
-4.397783438366667 -5.287710030873334 33.2753651937 0 0 0
-29.084800084433336 7.641553243 2.8948566913633336 1 0 0
-32.1507987976 -7.30939006805 7.02430009842 1 0 0
-11.126819864906667 -7.433960628510666 11.120059967039998 0 0 0
-27.5513000488 -17.3180007935 12.9809999466 0 1 0
1.0819024741675 3.179980039595 12.6874001026 0 0 0
-31.28473334841111 3.3255422115333335 0.8345384995143335 0 0 0
-43.3721008301 -13.8493995667 5.25721979141 1 0 0
-28.5417113834 8.118967798022222 2.6392233106822216 1 0 0
-32.02121963500001 -0.795433807373 7.256727886198 1 0 0
-5.057999849314999 6.8395349979399995 34.0400505066 0 0 0
-28.62995052335 7.149895191195 7.87353992462 1 1 0
-13.59728012084 -27.64098014832 19.70758018492 0 0 0
-8.45596027374 5.86354017258 23.263299942 0 0 0
-3.57038998604 5.79630994797 4.76882982254 0 0 0
-10.922160053259999 -7.350097990037 10.77132987975 0 0 0
-5.69961977005 6.34346008301 3.1042599678 0 0 0
-27.769005719355885 8.26453032213088 6.737905600492059 1 0 0
1.1954112350925 -0.739434748888 12.3950625657875 0 0 0
-3.125424981115 5.10435986519 2.270529985425 0 0 0
-29.22893301645 7.221354961396667 9.164095083871667 1 0 0
-28.300900141399996 7.962673346203334 5.89574988683 0 0 0
-32.14156036376001 -1.1826719880109997 5.312494945526001 1 0 0
-28.421639823910006 8.911592006684 2.091604948044 1 0 0
-33.0159988403 -1.76276004314 8.0129699707 1 1 0
-11.6403999329 8.11845016479 8.48348999023 0 0 0
-32.020259857179994 -1.880447983742 3.261241960524 1 0 0
-26.334038580625812 6.879050270203549 4.236522551505485 1 0 0
-2.22195005417 0.238462001085 15.0333995819 0 0 0
-28.0806903839 8.113124847412 7.674733972549001 0 0 0
-27.875 -15.274600029 12.0707998276 0 1 0
-27.8740491867 7.90797996521 6.44743990898 1 0 0
-26.242327299984098 7.255283648316816 6.232002030720454 1 0 0
-14.5909004211 -5.80555009842 18.4325008392 0 0 0
-11.2529001236 -8.09539031982 10.6711997986 0 0 0
-32.7868003845 -8.25885009766 6.99914979935 1 0 0
-5.6604024171825 14.589562535299999 7.197251319884999 0 0 0
-7.296628634135333 13.26956666311333 8.373026784261334 0 0 0
-0.19911579787740002 3.7400899887099994 4.731951999664 0 0 0
-43.894849777199994 -18.8454504013 5.77084994316 1 0 0
-6.300444960595 3.0688874721525 2.6345950365075 0 0 0
1.0770650207999999 6.4411875009525 2.6906225085275 0 0 0
-29.046200275424997 6.88095510006 5.74712252617 1 0 0
-22.3579492569 -16.11430072785 13.54955005645 0 1 0
-26.243276962861536 7.286156140841154 7.236680782758847 0 0 0
-29.5435009003 6.51225996017 6.51507997513 1 0 0
-28.410699732170592 7.691242947298237 4.698596477507646 1 0 0
-31.306180381780003 -1.2857250094419999 5.850848960877 0 0 0
-29.9127998352 0.948058009148 4.22395992279 1 0 0
-4.09093999863 9.1071395874 25.6037998199 0 0 0
-3.90406990051 9.09393024445 25.5786991119 0 0 0
-2.81766009331 5.401404857635001 35.6902999878 0 0 0
-30.799097061155884 6.761259373495882 1.2582367623547062 0 0 0
-13.607138560361541 -27.277369132407685 19.87396900470769 0 1 0
-14.6350624561125 -7.52284371853 9.315838813781248 0 0 0
-11.9963998795 8.56729030609 9.576379776 0 0 0
-4.86750984192 5.60366010666 3.81315994263 0 0 0
-31.632714475910714 -2.7779360668989286 4.251316802842857 1 0 0
-33.30805892946 -5.443146038052001 8.443562126158001 1 0 0
-32.670033772766665 -1.6348199844333333 5.11305999756 1 0 0
-33.7250995636 -12.73600006105 9.53047466278 0 0 0
-32.743477041086365 -4.224486307665 4.2978172519 1 0 0
-1.714636107285 1.201552225485 5.659067233402777 0 0 0
-32.837900161774996 -1.7058124840275 4.946942448614999 1 0 0
-31.9855995178 -4.93127012253 9.43293952942 0 1 0
-32.2526512146 -4.819314956665 9.421585083010001 0 1 0
-41.7849998474 -13.1540002823 6.94215011597 1 0 1
-32.3297872543375 -12.31040000915 -0.8151715062558127 1 0 0
-26.563124656650004 7.321567535402499 6.7054724693325 0 0 0
-4.764556725818333 14.223983446766667 6.8155483404799995 0 0 0
-11.921688821600002 -7.078176604377777 9.11127450731 0 0 0
-12.70107507705 -27.115674972525003 18.8147497177 0 1 0
-30.525699996950003 2.721225976943 7.179313039781 1 0 0
-6.49211001396 12.5609498024 9.147980213165 0 0 0
-14.4468625784125 -7.5313000679 8.65349602699375 0 0 0
-31.313249587999998 2.66339993477 0.0355009995401 1 1 0
-32.860006205240005 -4.140069961548 3.802172644932667 1 0 0
-19.309299469 6.81440019608 11.3986997604 0 0 0
-30.43127536775 4.4531874656675 3.7671200036999997 0 0 0
-5.38757991791 7.53846979141 4.79619979858 0 0 0
-12.5718002319 2.78845000267 34.1507987976 0 0 0
-30.26667158944286 4.310814312524286 3.1241314411157144 1 0 0
-27.974899292 7.99472999573 7.92609977722 0 0 0
-12.3474998474 0.0965814962983 20.8145999908 0 1 0
-27.748609454137206 8.19815955051186 7.777944886406978 0 0 0
-26.203988592974287 7.250703443800285 6.7553874288280005 0 0 0
-26.432167053233332 7.556843280793334 2.37807337443 0 0 0
-30.66086167556154 1.2167584437576922 6.1309976577769225 1 0 0
-2.31284999847 1.50326001644 5.47629976273 0 0 0
-38.78746668496667 -15.695100148499998 7.76280673345 0 1 0
-39.1762008667 -15.9048500061 7.700875043865 0 1 0
-29.0464000702 7.77943992615 11.0099000931 0 0 0
-29.1786994934 7.80350017548 10.8738002777 0 0 0
-16.248497702856813 -7.4286290949043154 10.76980920271136 0 0 0
-3.822055101395 -2.7107024788875003 32.80450057985 0 0 0
-31.163344489211113 6.850984361436667 1.9262199931688886 0 0 0
-10.5328998566 -12.1836996078 11.1016998291 0 0 0
-28.70865011215 6.8281098604175 5.334554910657499 1 0 0
-4.51441001892 0.513701975346 7.55768013 0 0 0
-30.584549903875 5.592487454412499 6.1576824188225 1 0 0
-14.635999997466667 -7.521869977313334 9.671539942423333 0 0 0
-26.19483422070244 7.256821202069267 5.768402157761709 1 0 0
-16.7553501129 -1.129504978655 5.770740032195 0 1 0
-2.9280399481466666 1.755463322003333 6.546840031943333 0 0 0
-10.30039978025 3.623180031775 11.890950202900001 0 1 0
3.01518011093 15.5641002655 23.914899826 0 0 0
-30.30926678974 2.751245339712 7.323236020406001 1 0 0
-29.835466702783336 5.236126661301667 5.873863299688334 1 0 0
-29.80773837749231 4.13063456462 3.18208384513923 1 0 0
-0.209258005023 -0.579931020737 13.9714002609 0 0 0
-28.31110960244375 8.349507212638748 5.260303139685313 1 0 0
-27.931205448352635 8.271522070232631 6.345453688972631 1 0 0
-31.0462996165 1.8588933282422222 6.18094004525111 1 0 0
-31.586299896266667 -2.4385333855966667 4.882719993593334 1 0 1
-30.246796443544827 1.2400293226893104 6.407779298978274 0 0 0
-30.179881702759086 0.9130624939095 3.7578608989709084 1 0 0
-30.79613329568667 1.7572999954239998 3.4135093371086667 1 0 0
-19.1536998749 -11.92304992675 23.6465997696 0 0 0
-26.4803504944 6.985820055005 6.11364507675 1 0 0
-16.850893656420002 -7.637885316212666 8.370087242126 0 0 0
-32.33759975435 -3.5766575336475 5.405864953997501 1 0 0
-2.1277443000242857 1.4635757037585715 5.388634204864284 0 0 0
-16.606060028079998 -7.654527950286 8.797276115416 0 0 0
-7.504834890365 11.93195009235 2.2175350189199996 0 0 0
-30.60028881496111 2.7617238892449993 2.253637181388333 1 0 0
-31.07370058696667 -11.566633224466665 1.97114332517 1 0 0
-31.3291492462 -11.800549984 2.0526700019849997 1 0 0
-9.70046043396 0.514352023602 12.5490999222 1 0 0
-30.93614959715 -11.4444999695 1.90117996931 1 0 0
-29.186599731450002 -15.70549964905 7.679960012435 0 1 0
2.44772005081 14.2481002808 22.1382007599 0 0 0
-32.8410511017 -5.456290006635 8.329575061795 1 1 0
-3.06999993324 1.04296004772 17.4839992523 0 0 0
-30.837424993525 2.1895541946095833 4.2446299990025 1 0 0
-31.40043306351666 -1.9017016688983333 6.231300036113333 1 1 0
-6.36109018326 3.06283998489 2.39897990227 0 0 0
-27.7740001678 -19.5301990509 11.0072002411 0 1 0
-6.431766668956667 9.175263404846667 4.6930400530466665 0 0 0
-28.62052140916429 8.12881776264643 5.311372859136428 0 0 0
2.69071251154 14.270299911525 22.670525074 0 0 0
-14.718470573423534 -7.449285899891765 10.230188238852941 0 0 0
-32.19495037622143 -1.3154757193157143 2.2806135586335716 1 0 0
-42.66243362426666 -14.869766553233333 6.366963386533333 1 0 0
2.866965055465 14.8734998703 23.1728000641 0 0 0
-6.4872651100150005 -4.39706516266 5.182314872745 0 0 0
-28.298006488438713 8.786347758385158 2.778091299918065 1 0 0
-31.71408659616334 -1.2045283317550002 2.7517363548273335 1 0 0
-31.90258344018333 -1.652015010515 4.590446710586667 1 0 0
-26.5907001495 -9.07065963745 8.08493995667 1 0 0
-3.676940011978 0.47845200300220003 7.050050163270001 0 0 0
-17.0935001373 -13.5713996887 11.5535001755 0 0 0
-31.5470504761 -1.36468499899 9.042050361635 1 0 0
-32.321422153044445 -3.164742231368889 7.40263001124 1 0 0
-30.693599700918185 2.136528166858182 6.716656294738183 1 0 0
-28.5885334015 8.0783367157 5.537259896596666 0 0 0
-14.073899587 -7.646896680196666 9.65487353007 0 0 0
-29.3157501221 -15.7824997902 12.2784500122 0 1 0
-8.76721954346 6.01556015015 23.6683998108 0 0 0
-5.7186999321 11.2126498222 3.21349489689 0 0 0
-23.4573993683 -5.10340976715 10.792599678 1 0 0
-30.919560241700005 0.33411550074807994 2.358130025864 1 0 0
-31.728024768835002 -1.2953299999225003 4.2161230087265 1 0 0
-41.9298992157 -13.11609983445 7.7738599777249995 1 0 0
-3.029899978637 1.753460001946 6.298271989822 0 0 0
-42.750699996950004 -15.208375215525 6.27453494072 1 0 1
-30.6280994415 3.60668992996 9.10785007477 1 1 0
-14.598068594925003 -7.456030040979376 11.257781326775 0 0 0
-32.6101989746 -7.80104017258 7.20521020889 1 0 0
-31.305716832475 0.29367458820349995 2.2867792050058333 1 0 0
-5.4109999338799994 14.7864665985 7.179613431296667 0 0 0
-29.814733505233335 6.148776690163333 1.9378733634966665 1 0 0
-32.902037143724996 -4.250793755055001 3.3253499567525 1 0 0
-31.244540512568754 -0.22766671655701218 4.275271862745 1 0 0
-14.6046125888875 -7.4792787432675 11.607937455187502 0 0 0
-3.247970024746667 1.4227666854833334 7.05288330714 0 0 0
-28.76070995329 -4.749845933913 0.6251831948758 1 0 0
-25.6991004944 6.98905992508 9.19445991516 0 0 0
-30.184104453186663 2.677611557642 3.2368724558079993 1 0 0
-15.215915195016947 -7.340023703494576 10.24065252078305 0 0 0
-31.139058430991668 0.57882342239225 3.7528141736991665 1 0 0
-30.56328749656875 4.289510011673124 2.6352918744075002 1 0 0
-18.9090003967 11.8927001953 18.025100708 0 0 0
-32.800201416 -5.51236009598 8.47931003571 1 0 1
-3.06359004974 5.52166986465 2.17617988586 0 0 0
-25.44360001880833 7.341770052911667 7.748856703439999 1 0 0
-27.0914993286 4.75926017761 9.02262020111 1 1 0
-14.640675067899998 -7.333410024645 21.105274677300002 0 1 0
-28.348278999325 8.865285436312083 1.7468187610304169 1 0 0
-30.12007168362857 1.4533442769728573 4.18087707247 1 1 0
-27.327481375803707 8.369679980807408 7.680486308204075 1 0 0
-16.674504852305 -7.536902976035499 11.111749982835 0 0 0
-42.86686579386666 -16.2568664551 6.687050024666667 1 0 1
2.50166010857 9.1784696579 1.69491004944 0 0 0
-28.28334512711 8.3872639179225 4.849657535552998 1 0 0
-16.2726285117 -7.735178538731428 10.645828792042858 0 0 0
-27.702191997218918 8.355273040565132 7.258563518524594 0 0 0
-17.1631996631375 -7.56705880165 10.672749996187498 0 0 0
-16.370099544525 -7.5195200443275 11.1351251602 0 0 0
-26.8752994537 6.96747016907 9.2381696701 1 0 0
0.22316050529499998 -0.58221000433 18.59220027925 0 0 0
-1.59779495001 1.541644990445 5.274415016175 0 0 0
-32.819609832750004 -3.193823003768 3.747852015496 1 0 0
-30.689568877225 2.1285412460556254 3.7936331331737496 1 0 0
-0.628253996372 5.47855997086 10.7621002197 0 0 0
-28.96609973905 -7.10451006889 0.9661950170995 1 0 0
-28.129634783819224 8.622133805201155 5.679513050960768 1 0 0
-28.348953022676472 8.379231172451178 3.789997647788824 1 0 0
-28.08568689098696 8.58845860025087 5.212146510249999 1 0 0
-15.253026309764909 -7.345276824214911 9.816914407830176 0 0 0
-26.178211212166662 7.262691073947778 1.8568688829744444 0 0 0
-30.42816047668 2.27751803398 6.388869953156 1 0 0
-32.36569404602223 -2.2754050095866662 2.282323850527222 1 0 0
-19.6159000397 -1.05399000645 7.92523002625 0 0 0
-25.427556991578573 7.20238007818 7.187619345528573 1 0 0
-3.6540849804875 5.785412430765 5.0728750228875 0 0 0
-15.704299926733334 -7.644446849826667 8.704646428426665 0 0 0
-5.90727329254 10.534366607666668 10.015500386566666 0 0 0
-32.15558892327027 -3.239886193661891 7.764367000476757 1 0 0
-15.732889133952174 -7.353652425434133 10.28503262478261 0 0 0
-43.93325042725 -19.3559999466 5.76695013046 1 0 1
-15.138300180449999 -7.6655049324 9.610370159147498 0 0 0
-17.281566747026666 -7.391655381521334 9.126703198749999 0 0 0
-30.189316311394602 3.662207307042162 2.242690814507297 1 0 0
-17.20115966798 -7.5224679946899995 11.187580108640002 0 0 0
-31.796133313857144 -1.2035481021519043 4.835274310338096 1 0 0
-32.65352058412 -3.827121973036 5.784268903731001 1 0 0
-21.45450019835 0.39302900433550003 6.79916501045 0 0 0
-12.9300003052 14.0536003113 5.87266016006 0 0 1
-15.7991666794 -7.576519966123333 11.400133450833332 0 0 0
-36.0190010071 -14.59875011445 8.228585243225 0 1 0
2.6159225106225 12.670525074025 22.227300643899998 0 0 0
-30.188819885250002 5.206689977645 6.133925056459 1 0 0
-5.55700993538 -5.57883000374 32.10305023195 0 1 0
-31.55345010755 1.36240249872 1.630250006915 1 0 0
-32.34552001953333 -0.6593297362328666 0.7276016036669334 1 0 0
-30.726716677349998 1.8872625033074997 4.294368346531667 1 0 0
-16.1201000214 -7.63285017014 9.64029026031 0 0 0
-8.23149013519 5.82958984375 22.8300991058 0 0 0
-13.2980003357 -12.6929998398 7.4041800499 0 0 0
-15.155533154799999 -7.614889939623333 8.759903271993332 0 0 1
1.49088001251 14.5185003281 5.94168996811 0 0 0
-30.92029953 -12.1014995575 2.00594997406 0 1 0
-32.3521003723 -8.0936498642 6.97017002106 1 0 1
-32.81938603718666 -4.219369983672666 4.668842697142666 1 0 0
-30.031539916959996 5.599936008454 6.316541957855999 1 0 0
-15.756398267914038 -7.3776659463582455 11.250036791747368 0 0 0
-9.80321025848 -10.0971002579 8.51850986481 0 1 0
-15.70300006864 -7.704931926727999 9.735441970824 0 0 0
-6.4601099491100005 -9.688654899595 8.67855978012 0 0 0
-28.186887264237498 8.10212755203125 6.15487247705375 1 0 0
-31.293181419368757 1.1416062563662501 1.2445775046937497 1 0 0
-26.248693381413336 7.196716001299332 4.699629349178001 1 0 0
-32.60005393396154 -3.281851566753846 5.075815420884616 1 0 0
-17.205537557604163 -7.457686682541666 11.555162509283335 0 0 0
-25.385639858245 7.292827534675501 6.778846001625 1 0 0
-22.9123001099 -16.9510002136 10.5366001129 0 1 0
-29.391874790225 5.4127924442275 7.3958650827425 0 0 0
-15.592247360626315 -7.366354164324211 8.736183166504212 0 0 0
-25.4395999908 3.12027001381 10.4646997452 1 0 0
-28.27929365634375 9.275959432124376 1.8561143800625002 1 0 0
-26.19818136428149 7.278990780865926 2.2204763006274075 0 0 0
-33.36027090888571 -2.6416956697200003 1.353134274482857 1 0 0
-27.73694173495416 9.221308350562918 4.266478300094582 1 0 0
-28.531583150216665 8.598768234253333 3.7092467149116666 1 0 0
-30.847775459275 4.404124975205001 9.22611999511875 0 0 0
-7.55459022522 3.43951010704 8.56305980682 0 0 0
-18.15973968508 -7.587864017486 9.34580593109 0 0 0
-31.343838903633337 2.2095128430255557 3.233578907118888 1 0 0
-28.5177001953 9.03252983093 2.57942008972 1 0 0
-31.389400005325 -12.2853999138 1.96900752187 0 1 0
-31.321316719050003 1.8432983358700001 3.308709979058334 1 0 0
-27.27812626051739 8.385607802349128 7.311754786449564 0 0 0
-25.795106671075004 7.23241726918659 1.7457568130709091 0 0 0
-31.60139369965 -1.655815631150625 6.758076280355626 1 0 0
-17.220500946 -7.8545498848 9.43585968018 1 0 0
-27.9664001465 8.91847038269 1.55955994129 0 0 0
-17.78342553681765 -7.45231317071314 9.80499622868588 0 0 0
-5.193368571145713 13.588471412657142 7.776969909667144 0 0 0
-28.49056752523333 5.373376687366666 4.602230072023333 1 0 0
-25.274553120137497 7.274914383888753 6.246351242065314 0 0 0
-5.42734003067 3.28795003891 35.6978988647 0 1 0
-26.36670017245 6.961444854735 4.793384790419999 1 0 0
-30.628763892445455 3.9137017943636363 4.725044553930001 1 0 0
-34.46900177 -4.99968004227 9.33372974396 0 1 0
-26.305392946507148 7.1443436486400005 4.1805728844242855 0 0 0
-31.284738177357138 1.8317756993442855 2.3152204695204763 1 0 0
-25.314233462000004 7.554161628088333 8.070751667023332 1 0 0
-11.21535015105 6.437455177305 26.290849685650002 0 0 0
-31.841477817961113 -2.6945283280488894 5.782091087766112 1 0 0
-17.414899826 -7.64928007126 9.57172966003 0 0 0
-14.716533343 11.143033451511112 5.951062202454445 0 0 0
-19.7994995117 5.4093298912 15.1528997421 0 0 0
-16.7021331787 -7.614271640778333 10.616466522216667 0 0 0
-33.2965011597 -5.49154996872 8.52923965454 1 1 0
-30.28377666472666 6.822409963608001 1.762572332224 1 0 0
-17.6543006897 -10.3164997101 9.99040031433 0 0 0
-27.87384235496667 8.784760272864244 5.793513630375757 0 0 0
-12.5200996399 -3.76465988159 22.155500412 0 0 0
-28.1721000671 -6.72648000717 1.05943000317 1 0 0
-42.5068016052 -14.9682998657 7.88785982132 1 0 0
-13.734250068649999 -6.990669965745 9.393459796904999 0 0 0
-25.28156121571111 7.608255518808335 7.842192755805 1 0 0
-30.608633168553332 2.176482661564667 2.2224246660873335 1 0 0
-26.269496972217144 7.277016517095143 3.7082880020134286 0 0 0
-30.99104995727 -0.14919266887004 5.1778120040890006 1 0 0
-11.1139001846 -7.66261005402 10.140999794 0 0 0
-15.4749002457 -7.5286898613 10.0657997131 0 0 0
-32.169193267814286 -3.2911057301928572 5.783980642045001 1 0 0
-30.8465995789 2.69165992737 0.199915006757 0 1 1
-29.080649375900002 4.9406499862699995 6.548295021055 1 1 0
-29.882806062703125 2.7172734364874995 3.686272494494375 1 0 0
-27.910320091249996 9.811780071259001 2.585708975791 1 0 0
-12.3971996307 2.70848989487 34.2191009521 0 0 0
-27.1065006256 -15.7600002289 7.71019983292 0 1 0
-27.57798094976667 8.619055339267618 6.697900976453811 1 0 0
-26.19250685593104 7.251876189791035 5.264960321886897 0 0 0
-27.838959993628574 8.692212540762858 6.252466310774001 1 0 0
-27.565460205069996 8.625181007383999 8.31550693512 1 0 0
-3.80760002136 6.8288397789 34.3209991455 0 0 0
-30.764800071718756 1.724968113005 6.291909396648752 0 0 0
-26.593709252109093 7.6917209191763645 2.733144565061818 1 0 0
-26.331871441432146 7.343017867632499 3.2935542804860716 0 0 0
-30.595415115346157 2.6385377003607693 2.655003822767692 1 0 0
-4.7534599304175 12.551975250225 8.3351750373875 0 0 0
-32.0229988098 -1.72219002247 4.02418994904 1 1 0
-28.22035996572857 8.700473131452283 3.696332563673429 0 0 0
-27.54775047305 4.9282250404350005 9.06246995926 0 0 0
-39.615398407 -13.2926998138 8.5282201767 0 1 0
-39.7668991089 -13.4253997803 8.49211025238 0 1 0
-28.232773462939992 8.307941309610666 4.089211304983333 1 0 0
-30.963674545274998 4.91182744503 1.656247496605 1 0 0
-5.78754997253 6.60644006729 33.3774986267 0 0 0
2.79293990135 14.8575000763 22.8579998016 0 0 0
-9.1442198753375 9.63961005211 4.67359006405 0 0 0
-4.78512001038 8.95448970795 24.6653995514 0 0 0
-17.3416004181 -12.8927001953 9.22249984741 0 0 0
-31.096959200781818 3.7903145443309083 1.202766814015 1 0 0
-32.25586542589999 -3.1935048267751727 5.349415516031033 1 0 0
-13.7377500534 -26.84904956815 20.6028995514 0 1 0
-5.613730072975 8.12320494652 5.0753924846625 0 0 0
1.66163667043 14.204600016266667 6.05084657669 0 0 0
-1.28313994408 11.005399704 10.4605998993 0 1 0
-0.2628404945135 -2.4412150382949998 9.40482997894 0 0 0
-25.33462700476923 7.192056509164999 5.7588953971857695 0 0 0
-26.8950500488 8.1374950408925 7.320692539215 0 0 0
-27.5835835139 8.560654799141668 7.120854934054999 1 0 0
-32.80603027343078 -3.1507031000561536 2.280326934959231 1 0 0
-33.1396999359 -11.732299804699998 -0.3974154889585 1 0 0
-6.04062986374 8.22070026398 1.42190003395 0 0 0
-31.4041310548875 -2.227769374846875 5.857214361428749 1 0 0
-10.5790996552 -0.692633986473 22.2502994537 0 1 0
-27.261264528535715 8.582619939532858 7.783633606773571 1 0 0
-10.187557220457142 -11.8019428253 5.064394269671429 0 0 0
-33.73948351541667 -17.34798304241667 9.162333488463334 0 1 0
-29.2269992828 5.2530798912 3.95050001144 0 0 0
-1.42707002163 -3.573980093 4.44601011276 0 0 0
-29.5268001556 -12.8003997803 0.902234017849 0 1 0
-32.16492165458888 -3.1884710788744446 6.080370055304444 1 0 0
-25.38519954685 7.52204012871 7.101029872894999 1 0 0
-29.91689981734286 5.378458568028571 2.2792713982714288 1 0 0
-28.216423852099997 8.877169518243809 3.307913791565714 0 0 0
-31.397349834449997 -2.618729948995 6.4279973506925 1 0 0
-9.26524972916 -5.734200000765 6.43347001076 0 0 0
-27.729838202982357 8.757167928359411 3.2868417852067644 0 0 0
-3.39600992203 5.49372005463 35.5078010559 0 0 0
-3.23234009743 5.60637998581 35.4496994019 0 0 0
-28.18777145658928 8.63595754759643 4.334392479488215 0 0 0
-29.268149852775004 4.76751744747 7.64674758911 1 0 0
-30.9321994781 2.19489002228 7.0110001564 1 1 0
-31.86487240261111 -1.698272784552778 3.2499244213116665 1 0 0
-31.255666732776188 1.2543504749019045 2.2632519063499994 1 0 0
-4.4964799881 2.56893992424 6.95635986328 0 0 0
-31.0344247818 2.1010324954975 6.177262425425001 1 0 0
-29.560875415799998 3.53720998764 0.54014223814025 0 0 0
-30.764800071716667 4.587841669716666 8.928865114846667 1 0 0
-17.5585002899 -7.54324007034 8.69797039032 1 0 0
-30.19400920289999 3.1103394248275755 6.246051817229698 0 0 0
-27.201433181733336 8.524770100913335 7.197226683299999 0 0 0
-25.727732563012506 7.194867765902751 6.241996753216251 0 0 0
-8.74324035645 5.74075984955 12.0813999176 0 0 0
-30.837887287150004 0.3562505012378125 2.77913936972625 1 0 0
-31.807612578074995 -0.27579222914454166 1.7261541783799996 1 0 0
-31.281784791207688 4.916440817025384 1.7245246080246157 1 0 0
-27.8234996796 7.1660399437 8.82933044434 0 0 1
-30.379017290869566 4.748054317806522 2.819039127100435 1 0 0
-31.42301093207778 0.8341834478907777 1.654107795822222 1 0 0
-10.224933306366667 -12.060299873366667 5.0343132019066665 0 0 0
-26.5998001099 7.52060985565 7.11813020706 0 0 1
-9.84976959229 6.31553983688 27 0 0 0
-27.3726997375 -3.53277993202 10.9639997482 0 0 0
-19.8297996521 -12.7707996368 23.3934993744 0 1 0
-30.844037532825 -1.1391424834725 5.9480286836625 1 0 0
-26.6699008942 -14.9872999191 11.171500206 0 1 0
-32.8911018372 -5.54200983047 8.53684997559 1 0 1
-28.709037303924998 7.134083747863749 4.253876328468749 1 0 0
-30.338891983039467 4.21959422764079 2.8125057910610525 1 0 0
-28.54451451984286 9.202011380878572 2.4101542745314286 1 0 0
-6.7837200846000005 13.275642803728571 8.367027282714286 0 0 0
3.61548995972 19.4144001007 28.1359996796 0 0 0
-26.248938151761905 7.368600958870475 2.8440614427847617 0 0 0
-25.9834003448 -9.54856014252 7.75674009323 1 0 0
-33.9692001343 -5.70978021622 8.714220047 0 1 0
-4.8199801445 14.5531997681 7.03599023819 0 0 0
-24.1686992645 -17.9253997803 12.1087999344 0 1 0
-12.126999855 -7.72239017487 11.5293998718 0 0 0
-32.74954071046 7.431233978269999 0.5454396128654 0 0 0
-28.220371427985718 9.333397547404047 2.23155618281619 1 0 0
-29.8231496811 5.3346074819575 6.3993350267425 1 0 0
-31.5189990997 -2.05643010139 7.44699001312 1 1 0
-28.135743307032612 8.671827834585219 4.723431525023696 1 0 0
-29.0447006226 -7.1536397934 0.901028990746 1 0 0
-32.0714988708 -2.95693993568 4.82729005814 1 0 0
-31.732594701977778 -2.762902749908888 4.773144457074445 1 0 0
-11.3819003105 -8.08256483078 11.984600067150001 0 0 0
-26.42793273926667 7.5224733352666675 2.8162000179299995 0 0 0
-25.71719686447419 7.190189330807741 5.783278065343227 0 0 0
-30.142146110542306 6.212631922501155 2.181451540726923 1 0 0
-4.42308998108 6.60200023651 33.8568992615 0 0 0
-28.3029003143 9.03458023071 3.4454600811 0 0 0
-27.843933336669693 8.815028017217879 3.7422815163921204 1 0 0
-33.297100067133336 -4.43394668897 5.154679934185 1 0 0
1.54592001438 14.632399559 36.5144996643 0 0 0
-3.93671989441 3.4598801136 37.035900116 0 1 0
-27.95229911805 8.482659816744999 3.920439958575 0 0 0
-29.6877994537 -10.9375 1.20852994919 1 1 0
-2.99046993256 2.22732996941 4.3014497757 0 0 0
-30.889961304206448 0.7080598069775483 3.1842519160235474 1 0 0
-10.84990024565 -15.24300003055 33.753950118999995 0 0 0
-31.049949645999998 1.58933749795 4.9698349237425 1 0 0
-25.842735608421435 7.280859288715238 2.2444414184214287 0 0 0
-30.7942504883 -11.83354997635 2.116249918935 1 0 0
-29.0247993469 6.70937013626 7.00402021408 0 0 0
-32.87747319540667 -3.7478586673726664 3.874939346312 1 0 0
-31.108277850677773 6.3478611310333335 1.577683342827778 1 0 0
1.32828998566 4.95887994766 12.6325998306 0 0 0
-31.0538468360875 -0.2823914693071984 5.245708137750626 1 0 0
-27.706766764333334 9.29539680481 8.547563552853333 1 0 0
0.39449301362 -0.374042987823 18.5557994843 0 0 0
-17.225999832150002 -9.101085186005001 10.696799755099999 0 1 0
-30.756020863862503 4.2343383630112506 2.278354158004167 1 0 0
-29.1989002228 5.05658006668 6.5410900116 0 0 0
-28.55437965396 6.680413818364 7.701011943816001 1 0 0
-23.412774562825 9.8751897811875 9.912487506865 0 0 0
-6.604807345072666 12.762846501673332 8.395350074767999 0 0 0
-13.3354001045 -7.707744836805 11.429100036649999 0 0 0
-15.5642995834 -4.57850980759 19.9445991516 0 0 0
-32.13708038332 -1.7619480133060001 4.683235931394 1 0 0
-30.757596192540746 0.7490684412144445 5.334722589563703 1 0 0
-29.649874687175 -11.640624999975 1.76560997963 0 1 0
-25.77244005203 7.2492830276490015 2.7495142459877497 0 0 0
-28.5265007019 0.90489000082 10.8963003159 1 0 0
-12.5013999939 5.69720983505 10.3496999741 1 0 0
-29.080900192263638 6.61964087052909 4.603171782057273 1 0 0
-19.9722995758 -12.2391004562 23.8435001373 1 0 0
-2.91293001175 3.35476994514 4.28438997269 0 0 0
-32.04665985106 -2.910661983488 7.610033893584 1 0 0
-30.245833079033336 -11.747500260683333 0.8305088380971667 1 0 0
-27.9841003418 10.195099830633334 9.695996602376667 0 0 0
-23.8055992126 9.1502199173 11.085100174 0 0 0
-25.815031404855556 7.241437011295182 3.2373226086296305 0 0 0
-44.13313293456667 -19.330533345566668 6.116569995879999 1 0 0
-28.23697727748572 9.364096314565716 2.6534368378774285 1 0 0
-30.371215152740007 4.735644531249999 3.2878265023225 1 0 0
0.0179201997817 3.67632007599 2.41433000565 0 0 0
-29.86021084255556 2.6258511543266665 4.255597856311111 1 0 0
-27.9283504486 8.560874938965 9.01164007187 1 0 0
-25.335015027030195 7.1669448906524496 5.217964703181886 1 0 0
-31.0338001251 1.6660900115950001 5.900065183640001 1 0 0
-15.035099983233332 -4.7919999758400005 16.1568997701 0 0 0
-31.5522751808125 4.366984963415 0.560548245906875 1 1 0
-28.036049842849998 9.745389938355 2.022405028345 0 0 0
-6.23998022079 11.005200386 3.95473003387 0 0 0
-5.40691995621 11.3751001358 3.26625990868 0 0 0
-25.73124633516429 7.198553902761785 4.739372508866429 0 0 0
-0.589335024357 -1.04004001617 12.5375995636 0 1 0
-3.02776002884 3.39242005348 3.80852007866 0 0 1
1.41389000416 14.0915002823 7.02685022354 0 0 0
-32.3473014832 -1.50864994526 10.4792995453 0 0 1
-30.184743336285717 -5.394232886177143 0.1792294308542857 1 0 0
-29.9632997513 5.4255523681649995 1.84657999873 1 0 0
-28.341899871839995 -4.856101989746 0.7406293988228001 1 0 0
-42.5135993958 -14.2510004044 6.66874980927 1 0 0
-34.2762985229 -4.23888015747 2.65763998032 1 0 0
-25.724671840668748 7.21413435041875 3.720522820949688 0 0 0
-30.695457678576926 1.7898184565392303 3.70680117607077 1 0 0
-16.665450096100002 -18.494000434900002 13.72224998475 0 0 0
-33.209919929520005 -1.2879249930385002 1.338053494693 1 0 0
-30.303956985485716 4.3070543152928575 4.369851384844286 1 0 0
-16.0778503418 13.206950187699999 13.65574979785 0 0 0
5.20377016068 14.980099678 5.74001979828 0 0 0
-31.9167995453 -12.5747003555 -0.697769999504 1 0 0
-16.566600799550002 -13.36364984515 8.290150165555001 0 0 0
-30.064599990866668 6.130934953690001 2.6157633463550005 1 0 0
-31.448159790039995 -2.6006720066059996 4.666613960266 1 0 0
-31.621116638183334 4.69798175494 2.231949965156667 0 0 0
-12.2931499481 -4.6318099498750005 19.844799995400003 0 0 0
-31.4291000366 -12.0474996567 2.05403995514 0 1 0
-15.9653997421 12.1553001404 7.70107984543 0 0 1
-31.7860666911 -10.885799884783333 0.3645501633483333 1 0 0
-13.42245006565 -8.05555486679 10.76704978945 0 0 0
-25.86915016175 -14.7389998436 11.3025999069 0 1 0
-39.60390014648 -15.844719886759998 7.640324020388 0 1 0
-31.07882995606 1.297565984727 2.7832489967330005 1 0 0
-30.94935035705 1.164137512445 2.79659497738 1 0 0
-9.9395263195025 -14.3313001394375 11.623262524612501 0 1 0
-8.23593997955 5.4038901329 24.7968006134 0 0 0
-13.4989995956 -7.68664979935 9.73429012299 1 0 0
-25.36038151493704 7.079134852799259 2.2142988840733335 0 0 0
-31.0592002869 -16.4253997803 7.91631984711 0 1 0
-29.2406005859 -7.7117099762 0.976305007935 0 1 0
-25.68008295695833 7.1805975039800005 4.3027108112975005 0 0 0
1.649619996545 14.31645011905 36.4750995636 0 0 0
-27.910034926052173 8.78919219970739 5.271764775980435 1 0 0
-32.18789863585 -11.07835006715 0.290402002633 1 1 0
5.153710047403334 14.668466885866666 6.599566618603333 0 0 1
-0.646436989307 -2.10535001755 6.69419002533 0 0 1
-16.16820049285 10.4433503151 6.210885047914999 0 0 0
1.53820002079 13.8648996353 4.96845006943 0 0 0
-3.34722995758 4.49128007889 4.94203996658 0 0 0
1.6451233228066666 13.819166819233333 5.240023454029999 0 0 0
-31.813778604771425 0.4142469274145714 1.7414849911428572 1 0 0
-30.719994152294113 6.738340574151766 1.7590023629805882 1 0 0
-30.793625036875003 2.3124478856737496 3.3382270932195843 1 0 0
-25.303163948064004 7.066530189513799 2.7620689916612005 0 0 0
-35.4341011047 -5.47176980972 9.39120960236 0 1 0
-18.2723999023 -8.00238037109 9.49874973297 0 0 0
-28.7096996307 -17.7623004913 13.8052997589 1 0 0
-25.286718515255377 7.129320474771846 3.7677373886107697 0 0 0
-13.4659004211 -26.6781005859 20.5774993896 0 1 0
-30.81896880577931 5.133380988548964 1.7832499989151724 1 0 0
-3.21424996853 4.92933011055 5.18402004242 0 0 0
-32.0200004578 -0.612712979317 2.56471991539 1 0 0
-28.06943321226667 8.700330098473332 6.019853274026667 0 0 0
-30.388610538689477 2.857604767147368 6.253388931877369 1 0 0
-31.643549919139996 0.057789779826990004 2.700672006606 1 0 0
-27.967761406538465 8.913303008446153 4.835263875813846 1 0 0
-18.9636001587 -0.663551986217 9.44843006134 1 0 0
-27.1604499817 8.600744724270001 5.912844896315 1 0 0
-31.787141720458333 -0.7294560397664583 2.777045836050833 1 0 0
-31.86587316338182 -11.234599980427271 0.3745471835137273 1 0 0
-29.0499992371 6.48520994186 4.52133989334 1 0 0
-28.1394004822 6.50927019119 9.01136016846 1 0 0
-25.29673081177693 7.126141337248078 4.239756153179231 0 0 0
-29.902449607850002 -5.330945014955001 0.311599999666 1 0 0
-13.4652996063 1.61298000813 17.919500351 0 0 0
-25.288812518131245 6.9790281057362495 3.255073755979376 0 0 0
-42.1026992798 -12.5566997528 7.03562021255 1 0 0
-25.38358194177273 7.08874366500182 1.7437731732018185 0 0 0
-14.4714002609 -3.12644004822 20.4358997345 0 0 0
-28.5070991516 7.1012301445 7.23041009903 1 1 0
-6.83398008347 9.53090000153 2.79070997238 0 0 0
-32.24173134252105 -2.69483738196579 3.218122632880527 1 0 0
-16.3633995056 2.81735992432 19.3313999176 0 0 0
-0.450828999281 -0.0215403996408 8.48911952972 0 0 0
0.642064988613 10.5476999283 33.2444000244 0 0 0
-32.33842256334444 -2.701293309528889 5.314483324686666 0 0 0
-15.217970567576469 -15.907347062058825 6.734608341666472 0 1 0
-30.18120002745 3.4449900388700003 8.971370220185001 1 0 0
-25.312519836419998 6.976993942262 3.5629759788519997 0 0 0
-6.32230997086 9.89375019073 -0.206920996308 0 0 0
-28.8812007904 0.161199003458 7.17414999008 0 0 0
-27.655889511115788 9.19724785654105 3.8087979241421057 1 0 0
-25.254192101326314 7.108391862166841 3.2696005105968418 0 0 0
-30.5124797821 0.19358278624698 6.177529907226001 1 0 0
-27.3341999054 9.21786022186 8.03534984589 1 0 0
-27.3083992004 -18.9796009064 8.27756977081 0 1 0
-27.82515996297333 9.785459327698 6.410384718576667 1 0 0
-20.7262001038 3.44198989868 9.55805015564 1 0 0
-34.782674789425 8.308085203170002 0.1608214024456 0 0 0
-6.83929014206 5.35641002655 6.06012010574 0 1 0
-31.746844397644445 0.18539653470112222 2.242601129743333 1 0 0
-12.1152000427 -3.99667000771 6.32636022568 1 0 0
-2.42349004745 0.842941999435 6.53498983383 0 0 0
-15.9464998245 9.46969985962 7.96043014526 1 0 0
-6.3634966214499995 3.4213333129900003 6.197710037233333 0 0 0
-31.569499969466666 -2.4791932900733333 6.200936635336667 1 0 0
-27.3897795184069 8.765472017485862 3.30698483565793 1 0 0
-6.066810131075 6.275840044020001 33.759799957300004 0 0 0
-25.3307991028 7.55410003662 6.74381017685 1 0 0
-12.0968003273 -27.8940000534 19.7745494843 0 1 0
-25.2805334727 6.9934331576033335 2.8397367000566667 0 0 0
-28.3260002136 7.91335010529 9.5932598114 0 0 1
-7.45260000229 11.941299915350001 2.0960699319850002 0 0 0
-6.371459960935 10.214550018299999 0.00616528012324 0 0 0
-28.200150489800002 6.186194896697501 9.609334945679999 1 0 0
-14.6593999863 -16.2331008911 6.94160985947 0 1 0
-30.7048801422 -6.212606048584 0.05990022188052999 1 0 0
0.783535003662 -2.3631401062 14.0072002411 0 0 0
-30.242800060073687 3.7246789430315785 1.8706336774326318 1 0 0
3.0313849449149997 15.7032499313 24.472399711599998 0 0 0
-2.13622999191 -0.0422302000225 14.4987001419 0 0 0
-32.180235290540004 -0.235382864624175 1.178143000603 1 0 0
-34.1343002319 -5.10249996185 8.44709014893 0 1 0
-32.24457580566 -0.734097597599 2.2537339973443995 1 0 0
-28.5179004669 7.02277994156 8.30513954163 0 0 0
-32.565249125166666 -1.4515566627183334 2.0734566847483333 1 0 0
-27.46372325603846 8.791624509372308 6.7274677570053845 1 0 0
-2.21129000187 -0.23327650874849998 5.6157348156 0 0 1
-30.292910893766663 1.5568277835855555 3.749626636504445 1 0 0
0.992146015167 11.4939002991 34.0752983093 0 0 0
-30.655330511223077 4.821743158193076 2.604531526566154 1 0 0
-27.908050060274995 9.45242023468 2.2027224898299997 1 0 1
-5.35423493385 -5.198524951935 32.7157497406 0 1 0
-30.0834999084 -21.0622005463 9.13774013519 0 1 0
-6.391173934934 3.6921160221099996 6.930114078522 0 0 0
-27.862002707810806 9.239129504641895 4.77113944131 1 0 0
-10.76200008395 9.75795507431 7.91868495941 0 0 0
-31.65922985076 1.844583988192 3.211917042733 1 0 0
-11.0215997696 6.306620121 24.427400589 0 0 0
-31.23971271515 3.357813119886875 1.1227062642568748 1 0 0
0.90254098177 11.7038002014 34.5802497864 0 0 0
-27.4321670532 8.394550323486667 8.095346768696666 0 0 0
-25.297000885 5.81867980957 2.50307011604 0 0 1
-6.12166023254 2.4224998951 3.08687996864 0 0 0
-31.71250470479048 -1.282000479244286 5.6824014300385715 0 0 0
-30.207486317075865 6.18183344808138 1.8480886097606897 1 0 0
-32.10909132524545 0.0996546089987909 1.1753154667936363 1 0 0
-3.658694982525 -1.595544993875 7.044775009155 0 0 0
-31.138450264931247 3.624051883818125 0.8580754958093126 0 0 0
-30.511100769 3.08779001236 6.06113004684 0 0 0
-30.56194000245 3.2272709846490004 2.606374025343 1 0 0
0.131978005171 5.15269994736 4.07068014145 0 0 0
-13.7214002609 -27.0587997437 20.6184005737 0 1 0
-27.68954992295 9.3344101905825 8.4000949859625 1 0 0
-19.8768005371 -7.63100004196 10.9892997742 0 1 0
-5.60492992401 5.88676977158 32.9844017029 0 1 0
-12.900533358266665 -26.927333196000003 18.6524664561 0 1 0
-30.76604197102904 5.701746756030324 1.250923871994516 1 0 0
-14.1262998581 -26.4871006012 20.260099411 0 1 0
-31.828336542300004 -1.731948191469091 2.8899981758827273 1 0 0
-1.535134971145 -3.256579995155 4.47076511383 0 0 1
-31.61667003632 1.8465450048449998 1.771458005906 1 0 0
0.409016013145 1.57520997524 3.46554994583 0 0 0
-32.557750701925 -12.22042512895 -0.8629052489994999 1 0 0
-29.928988986555552 7.225140094756666 1.3829478025433335 1 0 0
-30.207642691482143 2.383362863745714 3.7996478847092865 1 0 0
-27.684503357982756 9.089193409886205 5.2414848722262075 0 0 0
-32.11949920655 -12.452000141100001 1.812829971315 0 1 0
-30.659994337288893 3.199499434893333 2.3190027872716663 1 0 0
-27.726083278641664 9.210948387782501 6.273465792338333 1 0 0
-31.65565824509167 2.202925841015 1.3457775016625 1 0 0
-0.021464750469020497 3.666125059125 3.948325037955 0 0 0
-24.866600418080004 7.065170001984001 5.706266021728 0 0 0
0.7919313311576667 -1.0393866697933334 12.675600051866667 0 0 0
-16.048566818233336 9.36074670156 7.935273488363333 0 0 0
-1.87504994869 0.944198012352 4.96936988831 0 0 1
-18.5123996735 -14.9708003998 10.9018001556 0 0 0
-31.5925006866 -0.876226007938 6.94175004959 0 0 0
-12.238800048849999 -14.1565504074 5.864259958265 0 1 0
-28.5875997543 8.240270137785 4.97598481178 1 0 0
-31.70228341420999 -1.2805903395016665 3.2606803178779997 1 0 0
2.47803997993 13.0030002594 22.5400009155 0 0 0
-3.5366067091600004 3.72009332975 1.9818033377366666 0 0 0
-32.204098701475 -3.1485149264325 4.626064896585 1 0 0
-31.35405960082 -11.2958398819 0.7842117905616 0 1 0
-27.688626480093337 9.077188682557333 5.673915354409999 0 0 0
2.84700989723 14.2735004425 23.1275005341 0 0 0
3.08244991302 13.9605998993 23.5687999725 0 0 0
-36.2305011749 -4.78998494148 10.297800064050001 1 1 0
-33.089840698260005 -3.6143200397499995 3.77300400734 1 0 0
-29.9517002106 1.16487002373 4.60950994492 1 0 0
-5.37530994415 2.72871994972 5.92062997818 0 0 0
-7.14342021942 5.41007995605 24.52409935 0 0 0
-12.0509996414 -28.5214004517 20.1348991394 0 1 0
-30.149449984235417 5.224234580993335 2.7577570875495834 0 0 0
-32.60059992473333 -11.360433101666667 -0.4374695022901666 1 0 0
-38.3246498108 -12.97184991835 8.59848499298 0 1 0
-21.0142993927 -3.002409935 1.83798003197 1 0 0
-30.798477384766663 5.803016715578888 0.8998541103469999 1 1 0
-30.69441538590384 5.191004588054615 2.2560053972099996 0 0 0
-31.779837369918752 0.32792943716043754 1.2123906463393748 1 0 0
-42.4182332357 -16.911333719866665 7.826933224996666 1 0 0
-29.093349695200004 8.10868871211875 1.3969362676150001 0 0 0
-30.4214000702 0.189246997237 8.88366031647 0 0 0
-30.146299743660002 1.114476013182 3.4524780750299997 1 0 0
1.39888000488 14.0066003799 35.7843017578 0 0 0
-31.23840869557273 0.21270581673481817 2.706403645602727 1 0 0
-12.40805006025 -10.05375003815 6.6900999546049995 0 0 0
-17.7681007385 -8.04918956757 7.5045800209 1 0 0
-1.7137524485575 1.1079399585699998 4.9183024168 0 1 0
-27.419899940500002 -20.40369987485 10.643550395950001 0 1 0
-27.7882995605 -16.7915992737 7.21948003769 0 1 0
-8.70487976074 5.42284011841 25.5340995789 0 0 0
-31.937900066375 2.4428725242625 0.30125325173125006 1 0 0
-15.298160171500001 9.988419914246 7.464036083222 0 0 0
-10.5914001465 -0.488472998142 22.0097999573 0 0 0
-15.9463996887 -9.55484962463 12.2988004684 0 1 0
-31.591399765 -0.9462659835816002 4.8166661262499995 1 0 1
-32.189720153799996 -2.8536866664880005 7.263629976909332 1 0 0
-16.4004993439 -7.86670017242 8.14373016357 0 0 0
-27.433533350633336 8.915686607356667 5.2227466901133335 0 0 0
-32.815150022512505 -3.235377490519375 3.2535387575625005 1 0 0
-31.917550087000002 -1.246415019035 7.232805013655 0 0 0
3.748900055885 18.117049217199998 27.34349918365 0 0 0
-28.117025375375 9.72628760338 1.8211000263675001 0 0 0
-6.35442996025 3.6328150033949997 7.074609994885 0 0 0
-6.16495656967 -5.23528337479 32.0513674418 0 1 0
-31.159200286873336 -0.7984845320384666 5.615797996522667 1 0 0
-31.083688947888888 3.8831211196055557 1.7544177770622222 1 0 0
-30.58444976805 3.840280056 4.279175043105 1 0 0
-23.6347999573 10.5213003159 14.7143001556 0 0 0
-31.21016120910967 0.2682591060236016 4.235998676668711 1 0 0
-28.08882656096667 9.731618372599 2.786738991737334 1 0 0
-20.94143358866667 -3.1086366971333335 1.8477232853566667 1 0 0
-27.9453125 9.760036945343126 2.32100997865125 1 0 0
-18.4937992096 4.9448800087 9.87854003906 1 0 0
-28.8539495468 -5.132589817045 0.5428324937819999 1 0 0
-26.1345996857 -6.81928014755 -0.00653816014528 1 0 0
-24.979550361625 7.100602388382501 8.0490427017225 0 0 0
-6.95819997787 7.36345005035 -0.593906998634 0 0 0
0.534997999668 5.82219982147 3.35889005661 0 0 0
-30.9488506317 1.35026502609 2.4478349685699996 1 0 0
-31.1065006256 4.00933980942 4.58510017395 1 1 0
-25.16376686096667 7.5147650241849995 5.2033900419883325 1 0 0
-15.153333346033333 -7.657353401183333 9.480526606243332 0 0 0
-17.63736000064 -7.589472103118 10.7883600235 0 0 0
-27.724000167859998 9.825675964354001 5.118557929992 1 0 0
-30.9388999939 3.36837005615 10.5235996246 1 0 0
-27.374989891049996 9.189785003661 5.745837020873 0 0 0
-28.5975499153 10.3692998886 9.82215499878 0 0 0
0.4460259974 -0.501155018806 11.8825998306 0 1 0
-36.1333999634 -4.831244945525 10.526500225100001 1 1 0
-43.7359008789 -17.5431003571 5.49131011963 0 1 0
-43.7551002502 -17.408000946 5.67982006073 0 1 0
-1.91505002975 1.99625003338 5.75609016418 0 0 0
-31.44331105548889 -2.6040444109166665 4.4068110783888885 1 0 0
-31.32933330536111 0.8659557799498333 1.3943966759572222 1 0 0
-28.1154994965 4.31016016006 5.35281991959 0 0 0
-43.9244003296 -20.1590995789 5.98739004135 1 0 0
-32.789824485775 -2.9294087290762496 6.81450498104 1 0 0
-24.5508003235 1.8799200058 10.9524002075 0 0 1
-31.058099746699998 4.19396984577 2.1827625632275 0 0 0
-28.8547000885 -4.94693994522 0.475371986628 1 0 0
-29.81640010411111 3.916476700041111 2.9272355503500003 1 0 0
-15.9440002441 -7.7598900795 10.7811002731 1 0 0
-27.722525886865213 9.728863467340869 4.754906094592174 1 0 0
-31.242418289190915 1.843599081038182 2.6262581998663634 1 0 0
-5.20102977753 2.95965003967 4.03007984161 0 0 0
-27.414333343533333 9.277563095093333 7.06963332494 1 0 0
-32.579023953134474 -3.7514710426331037 4.753342085871724 1 0 0
-44.188949584949995 -18.84010028835 8.06928014755 1 0 0
-23.273839569090004 11.644019985190003 10.10367002487 0 0 0
-33.42010116575 4.1495950222 0.033344999887049996 1 0 0
-34.25959968565 8.207414627075 0.283362492919 1 0 0
-32.735534032194444 -2.7280277808511117 1.8172016673622227 1 0 0
-33.72230148315 7.91337990761 0.2846914976835 0 0 0
3.64248991013 17.440700531 26.5631999969 0 0 0
-38.6815986633 -14.9930000305 5.79737997055 0 1 0
-16.8684005737 -7.76581001282 9.6413602829 0 0 0
-31.849249839800002 -12.165200233450001 0.314875498414 0 1 0
-28.338900089275 2.3188649416000002 9.328185081480001 0 1 0
-32.5420328776 4.67292324702 0.129845333596 1 0 0
-33.145898818999996 -13.8410000801 8.090420246125 0 1 0
-12.1918001175 -13.5207004547 5.48774003983 0 1 0
-31.848300039765636 -0.23608070980123716 2.7312996685509376 1 0 0
-32.33094978331667 2.6761416196833334 0.3641706301522 1 0 0
-30.226506030916667 5.692356485309246 1.7100390954456062 1 0 0
-32.21159245419231 -11.795438546392308 -0.7993254707410771 1 0 0
1.6635466615366667 14.233599980683332 5.68383495013 0 0 0
-29.708025455475 4.3628774881375 0.86638548970225 0 0 0
-28.579728535242857 10.608971459514285 9.793171337672858 0 0 0
-25.4144992828 6.9970498085 5.1131401062 1 0 0
-26.3647003174 -19.5939006805 9.95798969269 0 1 0
-31.163607964153844 2.7976099894576927 1.7277253774499997 0 0 0
-36.6432991028 -4.69911003113 10.6171998978 0 1 0
-32.271900177 -11.41685009 -0.681892514229 1 1 0
-33.070133209233326 -3.4543066024800004 3.32521335284 1 0 0
-16.2406997681 11.0207996368 9.27746009827 0 0 0
-32.256250381466664 -12.61848338445 -0.8071561555068335 1 0 0
2.04636994998 -0.9439089894296667 12.919433593766668 0 0 0
-31.350188311411756 0.30539858845222356 3.8558770768788238 1 0 0
-30.609180068949996 6.728505086898001 2.2341059923159996 1 0 0
-25.7418994904 6.62656021118 3.27251005173 0 0 0
-26.9654006958 -16.6364002228 9.07260036469 1 0 0
-31.668119811999997 2.254617977144 2.965869998932 1 0 0
-30.268303694548152 5.29316518924889 1.7273985235777778 1 0 0
-33.594600677500004 -16.474166870133335 7.447653293606666 0 1 0
-33.9216003418 -16.571100235 7.43371009827 0 1 0
-32.395866394033334 2.4249533017466667 0.7627546787263334 0 0 0
-32.31773249306667 4.4508767128 1.32229999701 0 0 0
-26.7320995331 8.01459980011 3.03579998016 0 0 0
-6.35841989517 9.66028022766 2.77755999565 0 0 0
-32.168762365975 -2.7752687533695837 2.7116837501525004 1 0 0
-31.760667165100003 -1.4126533269900001 6.843323389686667 1 0 0
-0.154586002231 0.686596989632 9.03384971619 0 0 0
-30.828793556464525 3.2724828950822578 1.8008971098919355 1 0 0
-6.49280977249 7.89507007599 -0.372918993235 0 0 0
-29.648700714100002 3.52656507492 8.532845020295 0 0 0
-31.762318351054546 -2.7295890938163634 3.8718681552190914 1 0 0
-33.042849731459995 -4.383125972749999 4.842956018449001 1 0 0
-37.098501205450006 -12.9291996956 8.351885318755 0 1 0
-6.96334981918 8.6090297699 8.52939987183 0 0 0
-33.173850059500005 -3.835414191088334 2.7743708690024995 1 0 0
-6.60707998276 5.54212999344 25.1443004608 0 0 0
-31.5596008301 4.90798997879 1.27076995373 0 0 0
-6.61741018295 8.68432044983 -0.177554994822 0 0 0
-15.15431995392 -16.06512031556 6.727788066863999 0 1 0
-32.385971614285715 4.609451430184286 0.2796964240927143 1 1 0
-31.648689058083335 -2.259773863686666 5.670811096826667 1 0 0
-27.85378058752223 10.181700044205556 2.2344088951736114 1 0 0
2.79551005363 15.0122003555 22.7071990967 0 0 0
-31.012350082399998 2.13613498211 4.288879871364999 1 0 0
-30.345228740142858 5.243939944675715 1.4380157164171428 1 0 0
-32.0408000946 2.424559950825 0.3220549970865 1 0 0
-0.241773992777 -2.88421010971 9.50230979919 0 0 1
-30.834126422278946 6.168909449325788 1.3237600138310526 1 0 0
-33.21479988095 -13.8881998062 7.875365018845001 0 1 0
-29.1816005707 1.4434299469 7.91754007339 0 0 0
-14.370424985875001 10.475749969475 6.978780031202501 0 0 0
-25.6280002594 6.7364897728 4.47493982315 0 0 0
-29.328100204466665 -13.032399813333333 0.8119229873019999 0 1 0
-29.3097000122 -5.57496976852 0.346581012011 0 1 1
-35.234500885 -12.4527997971 8.30902004242 0 1 0
-6.01241016388 1.24463999271 3.07723999023 0 0 0
-31.8234004974 -11.7364997864 -0.134289994836 1 0 0
-33.2718671163 -12.094166755666668 -0.393465002378 1 1 0
-31.0011005402 -2.61277008057 7.36069011688 1 0 0
-30.2608165741 1.96099168062 5.29124824206 1 0 0
-8.09045028687 5.56864023209 26.9671001434 0 0 0
-7.31391000748 3.01273989677 6.76510000229 0 0 1
1.787934958935 13.8235502243 6.04668998718 0 0 0
-32.067219543460006 -2.74916601181 5.619609928134 1 0 0
-31.81408042906 2.949425983428 0.6155886054038 1 0 0
3.10268008709 14.16540002825 23.6841497421 0 0 0
-30.565580240886664 0.201685325056202 5.628607400258667 1 0 0
-29.8124669393 4.111023426056667 2.93696331978 1 0 0
-31.707650184639995 0.17378602798554996 3.7011765241620003 1 0 0
-29.34289932253333 2.8968533674866666 8.462666511533333 0 0 0
-28.116528647285715 9.861004420687143 3.061725718634286 1 0 0
-27.3729991913 9.28582000732 6.19683980942 1 0 0
-33.277091286390906 7.846300038423636 0.16516021046445456 0 0 0
-30.9246997833 0.677488982677 1.92782998085 1 0 0
-10.11599969865 -11.9224500656 4.98884010315 0 0 0
-31.05955028535 4.381610155105 9.088969707484999 0 0 0
-30.489900589 4.49339008331 8.59344959259 0 0 0
-31.47009944915 -2.14362502098 3.97276496887 1 0 0
-31.220699787125 -6.1423275470725 -0.090551823377675 1 0 0
-7.14038324356 14.153333346033333 8.867142995196668 0 0 0
-14.2677001953 0.466194987297 22.6998996735 0 0 0
-11.7508997917 -27.354499816900002 18.9142999649 0 0 0
-29.0685997009 -7.66554021835 1.0257999897 0 1 0
1.5161899924250002 4.1202399730699995 7.22718000412 0 0 0
-30.71933343674444 2.3474189440399993 1.8894011047155554 1 0 0
-34.210649490349994 -16.9226999283 6.27156496048 0 1 0
-15.5804004669 -7.88521003723 6.96593999863 1 0 0
1.581277519465 13.393049955375 6.8090925216675 0 0 0
-32.18484992981999 -3.148753023147 4.334629058838001 1 0 0
-5.39971017838 13.3499002457 7.38046979904 0 0 0
-27.598699978414288 9.726732867105001 3.8768021208878567 1 0 0
-27.64816524672174 9.73214311185087 4.200053919916088 1 0 0
-40.1781005859 -13.57555007935 7.782875061035 1 0 0
-24.70909992016316 11.787742112815792 10.13407375938421 0 0 0
-22.1014003754 -15.9511995316 13.2795000076 0 1 0
-30.429600397733335 4.352306683856667 2.3223932584133333 1 0 0
0.1348405312746 4.167842006683 4.224245977403001 0 0 0
-30.680044386122226 3.843474467594444 2.1500155660844444 0 0 0
-31.814366658533334 -2.624231616655 7.348349968593333 1 0 0
-7.52853012085 12.8537998199 8.63111019135 0 0 0
-27.841977334790318 10.2037902955129 2.7224425884987102 1 0 0
-14.0630998611 10.5314998627 7.01133012772 0 0 0
-31.15800031026667 7.292516708369999 0.9755026698110001 0 0 0
-32.0447006226 -2.07381010056 7.80324983597 1 1 0
-29.8866004944 -11.42719984055 0.858566522598 1 0 0
-34.8192501068 -12.553549766549999 -1.66220498085 1 0 0
-28.0356492996 10.0548000336 3.11849999428 0 0 0
-31.2490005493 3.88351011276 4.46405982971 1 1 1
-31.223750305179998 4.227289009096 1.8156639933580003 1 0 0
-31.701940155020004 1.352335977556 2.0454820156080005 1 0 0
-30.261349678037497 2.4325850307937498 3.37293499708125 0 0 0
-0.21168100088800001 -1.21347999573 12.3294997215 0 0 0
-33.4453010559 -4.56913995743 3.53751993179 1 0 0
-30.307067235333335 0.8885890046756667 4.037456671393333 1 0 0
-28.0959663391 10.599433263133333 9.43451976776 1 0 0
-12.112400372800002 -14.762266794833332 33.5752995809 0 0 0
-30.8574008942 -6.29176998138 -0.0278741996735 1 0 0
-27.3837995529 9.408625125884999 4.368809938429999 0 0 0
3.5567400455466665 16.819300333666668 5.910893281299999 0 0 0
-33.1631746292 -16.363124847399998 7.67482495308 0 1 0
-32.39585113525 -3.520495057105 7.667730093005 1 0 0
-25.621399879475 11.78687500955 10.099649906175 0 0 0
-30.6382007599 5.50848007202 2.78591990471 1 0 0
-3.218658018112 2.5995779514320003 -0.022475447691982002 0 0 0
-30.86354986826667 4.94875828425 1.2985166708633333 0 0 0
-33.08616701761667 -3.4069716533033336 3.715416669846667 1 0 0
-2.00716996193 5.73054981232 36.3372001648 0 0 0
-6.22669005394 3.89605510235 5.416244983675 0 0 0
-42.5615997314 -14.9509000778 7.37021017075 1 0 0
-27.737177742855557 9.83898554908111 6.676598866779999 1 0 0
-32.70789947508 0.9101788043978001 1.70651600361 1 0 0
-31.79772867474286 -11.787943022585713 0.44937843084314283 1 0 0
0.214441999793 -0.573994994164 10.5427999496 0 0 0
-12.787899971 -14.1567001343 32.6929016113 0 0 0
-35.3370018005 -13.3241996765 9.49777030945 0 1 1
-27.893899917600002 10.384163596427273 1.9034445502527275 1 0 0
1.011099994185 -1.03343999386 12.669400215149999 0 0 0
-31.9804000854 -7.11367988586 7.0792798996 1 0 0
-32.4617004395 -11.7044000626 0.59803301096 0 1 0
-32.10103963216 -0.2812940468391801 2.2358206431086667 1 0 0
-18.553899765 7.42227983475 15.9313001633 0 0 0
-31.6965007782 -12.383600235 2.12641000748 0 1 0
-20.0433998108 -8.83349990845 10.9010000229 0 1 0
-32.61448008219333 -1.7145593245833333 2.160359986623333 1 0 0
-27.5800991058 9.17381000519 7.03870010376 1 0 0
-32.5815010071 -11.6674995422 -0.756259024143 0 1 0
-30.797931075093757 0.7618361823262499 3.773919388651249 1 0 0
-27.56110000612 10.0427598953 4.135464000704 1 0 0
-33.65098517282858 4.6160986082885715 -0.1728620976211143 1 1 0
2.321025013925 -1.0510750412949998 13.16494989395 0 0 0
-24.79185009 6.830100059505 5.783435106275 0 0 0
-27.941011004977778 10.302333407933336 3.1047500504388887 1 0 0
-30.375633239766668 -11.932466824866667 1.8420833349233334 0 1 0
-31.79124838306129 -0.7459535483389997 3.7572222448170964 1 0 0
-30.58872556685 2.5782349705699996 5.7971999645225 1 0 0
-31.858499527 6.6115899086 1.26278996468 1 1 0
-31.927359771739997 -0.28025539815420003 1.3762520074859999 1 0 0
-27.674767176333333 10.0779663722 4.80804014206 1 0 0
-34.1696014404 -4.81745004654 4.35798978806 1 0 1
1.2390150427800002 2.98446500301 2.618100047115 0 0 0
-5.417639970774999 10.396500110649999 5.258855104445001 0 0 1
-32.70994440717778 -3.600265529421111 2.84861111641 1 0 0
-27.7051243782 10.053099870675 6.5886551141775005 1 0 0
-27.9305000305 3.49503993988 7.23801994324 0 0 0
-29.664999961874997 5.3526350259775 7.07934498787 1 1 0
-32.0812988281 -11.8318996429 0.431455999613 1 0 0
-30.578566233333333 3.7003032366433337 2.6401134332033336 0 0 0
-32.4678993225 7.6526799202 0.613305985928 0 0 0
-32.47784996035 -3.9007900953299997 4.7482399940499995 1 1 0
-43.1119995117 -17.4051990509 7.60899019241 1 0 0
-4.569374799725 2.78047502041 7.838069915775 0 0 0
-32.30048704145 0.2577707506715 0.851945243775875 1 0 0
-4.4480099678 8.44237041473 25.004699707 0 0 0
-22.035200119 -3.81052994728 9.87125968933 0 0 0
-11.0451002121 -1.33877003193 3.60486006737 0 0 0
-32.647499084450004 7.348809957505 0.440784499049 1 0 0
-11.1344995499 -4.29101991653 6.23261022568 0 0 0
-7.60253000259 5.01275014877 5.97189998627 0 1 0
-31.068900426200003 5.02540667852 1.2940566539766667 0 0 0
0.505708992481 1.68059003353 12.5041999817 0 0 0
-3.618610024455 5.657330036165 35.24749946595 0 0 0
-28.346717198683333 10.699333508816666 9.683643182118333 1 0 0
-30.62456639606667 7.220603307086667 1.6500500043233333 0 0 0
-32.254798889166665 7.4496733347566675 0.8104256590206665 0 0 0
-32.4469985962 4.52708005905 1.43617999554 0 0 0
2.01883006096 7.752269983290001 1.531310021875 0 0 0
-27.7318000793 10.0502004623 6.46757984161 1 0 0
2.8716800212875 15.32902503015 24.78350019455 0 0 0
-33.4571990967 -12.1810998917 -0.558462023735 0 1 0
-30.7398399353 2.071615982054 4.571921920774 1 0 0
-30.737100029009998 2.9239160299299995 1.401377010345 1 0 0
-6.98141002655 4.62291002274 13.5158996582 0 0 0
-31.532633463533333 -2.4280166625999997 4.075846672056667 1 0 0
-19.9430999756 0.437440991402 8.05607032776 1 0 0
-30.335524797425002 2.3387250304225 2.6875737607474997 1 0 0
-8.44474029541 6.04100990295 22.2660999298 0 0 0
-32.19218381246666 -10.923633257566665 0.31499249984800004 0 1 0
-31.20708868238889 2.6413838863366674 1.3038661215033331 1 0 0
-5.13521003723 7.0338602066 5.5030798912 0 0 0
-32.74790039066001 7.808705997466001 0.5980528116226 0 0 0
-26.9771995544 7.97149991989 5.64923000336 0 0 0
-33.229874610875 -2.7458999753 1.60674753785 1 0 0
-35.44134902955 -12.4835000038 8.675025463105001 0 1 0
0.571371018887 13.883800029749999 7.809834957125 0 0 0
-42.445098877 -14.3372001648 7.03800010681 1 0 0
-30.840933199285193 0.7371299266814816 2.7397589153714814 1 0 0
-10.7202997208 -6.86553001404 4.74472999573 0 0 1
-35.68550109865 -12.45175027845 8.760979652405 0 1 0
-30.76993824886154 -0.6823741518533848 6.612235399393847 1 0 0
-34.0918006897 -16.8239994049 8.1870098114 0 1 0
-32.816450118999995 -12.750049591100002 -0.810871988535 1 1 0
-2.99556994438 0.500149011612 16.2224006653 0 0 0
-29.528366724666668 4.45209678014 8.34571011861 1 0 1
-28.3274002075 11.117400169349999 9.68652009964 1 0 0
-35.2541007996 -4.92336988449 8.99777984619 0 1 0
-1.94830000401 -3.02541995049 7.94243001938 0 0 0
-30.821559905999997 4.333304119109999 0.712407004833 1 0 0
3.798755049705 18.828900337249998 27.6975498199 0 0 0
-4.11154985428 5.20060014725 36.0993003845 0 0 0
-29.772066752133338 6.071186701453333 6.9633967081699994 0 0 0
-29.02619934085 7.09494996071 8.951755046845001 1 0 0
-32.23049926756 -11.2552799225 -0.3083278089764 1 0 0
-31.803675174725 1.2579783300574998 0.9005126704771668 1 0 0
-28.5365009308 8.75815963745 4.27522993088 0 0 1
-31.85401000975 -1.1576560020450002 2.385184025765 1 0 0
-11.6816997528 -15.5814499855 33.86415100095 0 0 0
0.686399996281 0.864004015923 15.5360002518 0 0 0
-30.796287536650002 3.6949224770074998 1.7470237165687503 1 0 0
-31.589633305899998 -11.354500134766667 -0.6628823280336668 1 1 0
-29.894099895784613 3.10177381222077 3.369506964316923 1 0 0
-8.46724510193 11.68184995655 6.86039996147 0 0 0
-33.39776611326666 -17.166999816866667 6.66583998998 0 1 0
3.572816689806667 18.34059969586667 27.782499949133335 0 0 0
-6.0849800109866665 7.84957011541 3.2113766670233335 0 0 0
-31.273776281442856 4.846553393772382 2.187324285506667 0 0 0
-33.360000610325 4.1078724861175 -0.046070375479775 1 0 0
-43.6158981323 -18.3582000732 5.47887992859 1 0 0
-33.0297012329 4.49744987488 1.34908998013 0 0 0
-31.026300430299997 5.019269943235 2.3858549594899996 1 0 0
-31.193133036333332 4.0934665997833335 1.2137533426266667 1 1 1
-32.1063995361 -0.514807999134 3.59015011787 1 0 0
-14.8004999161 11.0481004715 10.6386003494 0 0 0
-30.9592990875 2.9920399189 9.26793956757 1 0 0
-32.326933542888895 -0.8223523298898888 1.8863333463655556 1 0 0
-16.623700141900002 12.313849925949999 9.468864917754999 0 0 0
-29.7604007721 4.91987991333 7.65022993088 1 1 0
-33.69361953734 8.149555778502 0.4171462059024 0 0 0
-31.68135023115 1.4327799975875 1.0869325101375 1 1 0
-24.763032913200004 11.251616636916667 10.060166676833333 0 0 0
-30.69403648376364 5.281118176198181 2.657453602010909 1 0 0
-30.2310009003 -11.6956996918 1.35229003429 1 0 0
-30.7720003128 2.303369998935 1.03612500429 0 0 0
-32.2417874336375 -3.0496049523349997 3.9086450040324996 1 0 0
0.496161013842 1.17103004456 2.99574995041 0 0 0
-29.870325088500003 5.628940105437501 1.92270001769 1 0 0
-25.559900110418184 10.090827248309092 9.765909108248183 1 0 0
-36.04265022275 -14.44545030595 8.276034832 0 1 0
-31.66313018799 4.846906042098 1.7847919940940002 0 0 0
-31.5436000824 4.53028011322 0.280092000961 0 0 0
0.163204997778 4.68144989014 4.54105997086 0 0 0
-40.8772506714 -13.5927500725 5.08725500107 0 1 0
-41.0626983643 -13.6660995483 5.05650997162 1 1 0
-43.4141998291 -17.176399231 6.96466016769 1 0 0
-32.80230013528334 -13.832116603849999 7.883451620734999 0 1 0
-29.5549666087 4.314126650493333 4.829373359680001 0 0 0
-32.2745990753 4.407840013505 1.54010003805 0 0 0
-32.069504651159086 -2.282721812075455 2.8028027361095456 1 0 0
-33.749500274666666 -17.064900080366666 6.16993665695 0 1 0
-31.579750061 1.3995699882500001 2.79960989952 0 0 1
-28.178600311300002 10.26835012435 1.84485501051 0 0 0
0.415349990129 -1.31637001038 15.0516996384 0 0 0
0.180444002151 4.47974014282 4.5351099968 0 0 0
-30.4799995422 -0.0650535970926 5.90512990952 1 0 0
3.557709932325 19.25294971465 27.19314956665 0 0 0
-33.170650482149995 -12.37335014345 -1.25512498617 1 0 0
-33.653682708733335 8.315574963888333 0.5910753309728334 0 0 0
-33.71289978026 -3.60499997139 1.889881992342 1 0 0
-31.75770889628636 0.7237130430611365 1.2519227266300001 1 0 0
-29.6758333842 2.399833281833333 3.641656716663333 1 0 0
-19.4431991577 0.183302000165 9.44756984711 1 0 0
-33.054667154966666 -3.347113370896667 2.2812299728366665 1 0 0
-29.98860073085 3.5121499299999996 4.91268515587 1 0 0
-3.39925003052 6.02787017822 34.8866004944 0 0 0
-3.63209009171 6.11497020721 34.801700592 0 0 0
-31.931675434125 -3.0449874997125 4.291774988175 1 0 0
0.41436201334 3.34363007545 3.83207011223 0 0 0
-28.5729007721 -15.1700000763 11.6935997009 1 1 0
-43.38545036315 2.2001599669475 -2.16883993149 1 0 0
-30.646949768075 2.5632650256175 3.0974249839775 0 0 0
-34.554649353 -12.20434999465 -1.6404600143399999 1 0 0
-12.7583999634 4.00478982925 10.9743995667 0 1 0
-6.08809995651 -5.88364982605 31.5594005585 0 1 0
-3.577355027195 -5.637719869615 33.766399383549995 0 0 0
-33.081199646 -1.80388998985 4.98016023636 1 0 0
-4.70099747181 4.05035007 5.78164744377 0 0 0
-5.28244018555 -5.31962013245 32.4635009766 0 1 0
-28.31394958495 8.954249858855 1.471424996855 0 0 0
1.07482004166 -2.54918003082 16.0300006866 0 0 0
-14.959199905366667 -15.907566706333332 6.888076782223333 0 1 0
-31.313110351569996 2.358993983269 1.21692197323 0 0 0
-9.44519996643 10.44624996185 6.092654943465 0 0 0
-27.43754959105 8.934925079345 3.5177550315849997 1 0 0
-33.98439979555 -16.8375997543 8.147134780885 0 1 0
-29.776499748249996 6.6581275463125 3.7023024559024997 1 0 0
-34.1287002563 -12.7377996445 -0.0640257000923 0 1 0
-3.01790499687 2.2713550329250003 18.69089984895 0 0 0
-32.39505740573572 -2.745177847998572 2.3687107222414285 1 0 0
-25.5219993591 9.76360034943 9.43432998657 1 0 0
-13.032299995399999 -17.0345993042 7.067529916765 0 1 0
-34.5956001282 -12.3549003601 -0.972702980042 0 1 0
-32.2330764321647 -2.7656153089864697 3.7344164708070586 1 0 0
-28.5069999695 5.00262022018 6.83439016342 0 0 0
-20.8581008911 -4.00417995453 2.256939888 1 0 0
-31.863219451920003 0.03835036009548 0.7129849910736 1 0 0
-27.9185009003 10.3565998077 9.30554008484 1 0 0
-13.23145008085 15.854675054549999 6.202485084535 0 0 0
-9.787656784056667 7.813910007476667 5.334880034130001 0 0 0
-31.052433331783334 0.580772827069 3.433006644248333 1 0 0
-6.07510995865 10.2489995956 2.95846009254 0 0 0
-31.8131999969 4.37883996964 0.478397995234 1 1 0
-32.717100779166664 4.45542001724 0.033123626373713334 1 0 0
0.543862998486 -0.508615016937 11.9905004501 0 0 0
-0.151197001338 2.50465011597 9.3723897934 0 0 0
0.644334971905 7.24254989624 3.9082300663 0 0 0
-28.0135993958 8.2600402832 7.4895401001 0 0 0
-32.29265525124546 4.441220110112727 0.30533536184918175 1 1 0
-30.7075004578 3.2595500946 0.822620987892 1 1 0
-28.921380233759997 8.338506126404 1.471339988706 1 0 0
-43.648274421675005 2.3229124546025 -2.2999075055100002 1 0 0
-33.2715988159 8.04790973663 0.493847995996 0 0 0
-29.4405002594 5.54474020004 4.51941013336 0 0 0
-30.9524993896 0.248196005821 4.95597982407 1 0 0
-42.236701011675 1.8108724951725002 -1.8872474730025002 1 0 0
1.5893284540915384 13.74876161722308 6.900593134073077 0 0 0
-29.9377002716 2.79227995872 5.91452980042 0 0 0
-16.0259990692 10.9624996185 9.58187961578 0 0 1
2.06803011894 7.84596014023 5.51536989212 0 0 0
-28.019399960833336 10.18818330765 2.785104990005 1 0 0
-32.27635002135 -16.3283996582 7.922559976575 0 1 0
-5.19844007492 10.0756998062 9.43243026733 0 0 0
-25.564999580349998 10.69160032275 9.747834682465 1 0 0
0.545147001743 1.03612995148 6.45953989029 0 0 0
-33.36189842225 -12.5690999031 0.06265209801495 1 0 0
-28.367099762 4.99674987793 6.87436008453 0 0 0
-31.724334716799998 1.88804609879 1.256813484689565 0 0 0
-30.54196014404 5.6961000442500005 1.767429995538 1 0 0
-32.9519004822 -16.3722991943 7.40547990799 0 1 0
-30.3952999115 3.38105010986 10.0169000626 0 0 0
-10.3155002594 5.87585020065 27.4771003723 0 0 0
-4.4866399765 2.60231995583 8.58096981049 0 0 0
-26.42144966125 -16.675249099749998 12.13625001905 0 1 0
-7.09757995605 5.05012989044 23.5496006012 0 0 0
-29.9785003662 4.87794017792 2.92528009415 1 0 1
-33.6575012207 -12.3535995483 -1.50426995754 1 0 0
-2.40406990051 10.8090000153 10.1773004532 0 0 0
-15.4645996094 8.99888038635 9.03380966187 0 0 0
-29.172699928249997 5.7998149395 3.192319989205 1 0 0
-31.16951370239333 0.7853326638538 2.2274106502533333 1 0 0
-3.91825000445 -5.25437657038 33.614200592033335 0 0 0
-20.9493999481 -8.56250953674 10.0190000534 0 0 0
-30.489233652733333 -0.6447280049323333 6.262256622313333 1 0 0
1.593868017198 13.748360252380001 7.104534053804 0 0 0
-19.9559001923 -1.60072004795 7.72878980637 0 0 1
-33.141749382 -4.09284245968 3.2784300446524997 1 1 0
-42.4893989563 -13.9411001205 5.2018699646 1 0 1
-22.924442836214286 11.248685973042857 10.140971456242855 0 0 0
-10.3910999298 -13.7149000168 10.6194996834 0 1 0
-26.5028991699 6.97700023651 5.72514009476 1 0 0
-31.6159992218 -2.55380988121 5.00976991653 1 0 1
-13.255648002616 16.096455993655997 6.256993598938001 0 0 0
-2.83219003677 2.45654010773 6.3864197731 0 0 0
-30.711499986195253 5.2969919159290475 1.3370990469333333 1 0 0
-30.4284992218 1.39163994789 5.08625984192 1 0 0
-25.196019744860003 6.983714008334 1.83992600441 0 0 0
-13.21672511101667 15.835933287933331 6.702165047326666 0 0 0
-5.366693337756666 12.8535334269 7.134543418883332 0 0 0
-0.0603633001447 2.68485999107 8.50442028046 0 0 1
-3.59042000771 5.82968997955 34.9258003235 0 0 0
-29.6049995422 3.48766994476 0.605580985546 0 0 0
-27.97544956205 10.517899990050001 1.989775002005 1 0 0
1.47522997856 3.12262988091 2.67824006081 0 0 0
-18.717300415 1.6763600111 6.4141201973 0 1 0
-31.295626703899995 4.909181276956668 1.2375546773266668 0 0 0
-13.6171749830125 16.068649768825 6.255776166916251 0 0 0
-37.6216011047 -4.67934989929 10.5311002731 0 1 0
-33.076250553125 -2.216901272535 1.54660375416125 1 0 0
-31.138500213624997 6.243934988975001 1.2300624847400001 1 0 0
-25.10392570495 10.5959250927 9.961132526395 0 0 0
-31.66913986206 0.08223362267028 3.1946280002600003 1 0 0
1.65376996994 2.96742010117 2.69847011566 0 0 0
-30.10603981018 3.6351040840140003 5.546835994718 0 0 0
-13.285138496976922 16.058745897723075 6.632519208466923 0 0 0
-32.872375488325 -12.113174915325 -1.2414149939999999 1 0 0
-24.241850035528568 10.313442775192858 10.090692928857143 0 0 0
-5.85836982727 -1.64286005497 31.7742996216 0 1 0
-31.91204032896 -0.7764533996582 2.402239990234 0 1 0
-31.637275099762498 -0.6663878113031876 4.2102456092825 1 0 0
-23.8136546395 10.232400027209092 10.035063656890907 0 0 0
-32.4306983948 -2.93833994865 6.40708017349 1 0 1
-31.2264995575 -5.94465017319 -0.0644866004586 1 0 0
-33.1603984833 1.67460000515 2.7544050216700002 1 0 0
-31.3194095066619 2.2224452609114285 1.7171980994090474 1 0 0
-12.81159973145 -28.193400383 19.72825050355 0 0 0
-34.3358001709 -12.6900997162 9.3983297348 1 0 0
-13.0370998383 11.5839004517 6.17279005051 0 0 0
-32.0677986145 -0.568192005157 3.49429988861 1 0 0
-30.5687007904 7.09216976166 0.97770601511 0 0 0
-31.5598800659 2.085201978682 1.6301020145419998 1 0 0
-28.938000361133334 -5.12395334244 0.4604649941123333 1 0 0
-30.68873630869091 6.146095405924546 1.6686336343945456 1 0 0
-34.78150177 8.20600986481 -1.01734995842 0 0 0
-30.91927174158571 0.3595224235738571 3.0798314298885714 1 0 0
0.545378983021 0.925284028053 7.65909004211 0 0 0
-32.92240015665 -1.704590002695 1.3907899856583334 1 0 0
-32.07100028992001 0.6968318045138 0.8425126075744999 1 0 0
-2.82381010056 3.77168989182 3.98517990112 0 0 0
-17.4151992798 -15.0277996063 9.84529018402 0 0 0
1.54878997803 14.019900322 7.09149980545 0 0 0
-31.636539840689995 2.1977320194249996 3.1218039989460005 1 0 0
-28.2196998596 -17.5464000702 13.5128002167 0 1 0
-32.691199166457146 -3.249122858047143 4.882088524955714 1 0 0
-7.385065078735 12.962700367 8.406229972839999 0 0 0
-31.9022006989 0.724263012409 0.894343018532 1 0 0
-25.1399497986 7.549480199815 4.754294872285 1 0 0
-6.97374010086 13.7325000763 8.99143028259 0 0 1
-0.559011995792 -1.09188997746 12.4801998138 0 0 0
-23.673675060262504 10.252150058749999 9.963134884835 0 0 0
-1.1574949920150002 11.5744252205 -0.0188919249922 0 0 0
-30.8889497121 4.842471679053333 2.3184800148016667 1 0 0
-29.29104995725 3.546185016635 0.462180495262 0 0 0
-6.688587951660667 21.730153274533336 6.761563332875999 0 0 0
-28.61660003665 2.4653750658050004 9.345829963685 0 1 0
-12.89984989165 16.12150033315 6.336930036545 0 0 0
0.9630410075185 5.924139976505 2.7348549366 0 0 0
-13.685314246585715 16.104435648242852 6.745171376637143 0 0 0
1.16753995419 11.1202001572 33.5181999207 0 0 0
-13.60685997008 16.143479537959998 5.925102043152 0 0 0
-33.1259002686 -4.55138015747 4.93323993683 1 0 0
0.410113990307 -3.58528995514 14.6547002792 0 0 0
-28.3055000305 9.06418991089 1.42588996887 0 0 0
-28.0112991333 7.39701986313 9.51194953918 1 0 1
-32.91510009765 -16.401099205050002 7.8505699634549995 0 1 0
-0.9248760044575 12.6600499153 -0.03698469884695 0 0 0
-6.46210002899 6.46228981018 32.8871002197 0 0 0
-28.78414001465 8.7560049057 1.45950498581 0 0 0
-33.8696498871 -12.221800327299999 -1.3841349482549998 1 0 0
-32.6393330892 -1.394706646603333 5.2233867645266665 0 0 0
0.766326010227 0.6217274963855 14.991200447099999 0 0 0
-13.2222995758 14.0827999115 5.85464000702 0 0 1
-6.48203992844 8.21506023407 8.6577501297 0 0 0
-31.9493999481 -1.02432000637 5.329689979555 1 0 0
-7.7772397995 5.88515996933 23.422000885 0 0 0
-27.8941993713 6.21307992935 9.75399017334 1 0 0
-32.405249595650005 -11.8766000271 -1.22315251827 1 0 0
-30.580499649 4.46433019638 3.91934990883 0 0 1
0.16222396741303333 3.3982732296000004 0.0351618329684 0 0 0
-30.7084999084 -1.01567995548 6.58724021912 1 0 0
-31.14912494023333 0.8326339175302503 5.086182554561666 1 0 0
-33.4761009216 -16.4412002563 7.26099014282 0 1 0
-33.777924537675 7.93105494976 -0.6012174934147501 0 0 0
-13.326827396054545 15.162627393554544 6.708778207949999 0 0 0
-12.4127998352 -7.50075006485 9.39793968201 1 0 0
-5.765207290650001 21.33687155587143 7.801779951368572 0 0 0
-35.556501388550004 -12.44369983675 8.44497537613 0 1 0
-3.179154992105 2.468640089035 -0.01202624989675 0 0 0
-30.540124893175 2.0779600143424997 5.2309473753 1 0 0
-3.49738001823 -2.50529003143 32.6455993652 0 0 0
-23.753437519074996 10.85887491705 10.097937464712501 0 0 0
1.20024001598 6.91791009903 3.02875995636 0 0 0
-4.02803993225 -4.17605018616 32.7518005371 0 1 0
-32.46111406598571 -3.143701451164286 2.7813070842185716 1 0 0
1.420424997805 6.594895124435 5.137204885485 0 0 0
-15.5135002136 -5.07919979095 19.7220993042 0 0 0
-24.728266715991666 10.657866716391664 9.971374114355001 0 0 0
-11.9566001892 -13.5374002457 5.52614021301 0 1 0
-32.9502983093 4.53889989853 1.28518998623 0 0 0
-35.8255996704 -12.5052995682 8.7044801712 0 1 0
-30.4934005737 -11.8992996216 7.41823005676 1 0 1
-32.0547981262 2.48363995552 1.13873004913 0 0 0
-11.3080997467 6.80437994003 26.3349990845 0 0 0
-15.0304002762 11.0263996124 6.06062984467 0 0 0
-8.40170955658 11.0806999207 7.16121006012 0 0 0
-32.44955062865 -2.855284929275 6.947335004805 0 0 0
-31.928050041200002 -0.608840018511 1.539584994315 1 0 0
0.58883249759675 4.297620177272501 -0.15863775089374998 0 0 0
-27.9475002289 10.5038003922 2.07107996941 1 0 0
0.39744967222233335 3.7252100308766667 -0.1175389339526 0 0 0
-35.5004005432 -4.85723018646 9.17500019073 1 1 0
-12.7641000748 -14.0094003677 32.4491996765 0 0 0
-32.0390014648 -0.655861020088 0.41853299737 1 0 0
-4.26887989044 6.88997983932 4.53807020187 0 0 1
-25.361000061 6.99495983124 4.90620994568 0 0 0
-24.16404978435 10.629566510516668 10.0479833285 0 0 0
-25.359326680493332 10.278620084139998 9.884551366170664 1 0 0
-20.3094005585 0.14081299305 9.43457984924 1 0 0
-34.7395496368 -16.95440006255 7.80641508102 0 1 0
-27.4752006531 9.66265010834 6.57951021194 0 0 0
-30.72191963196 0.7972630023958 4.031447982786 1 0 0
-24.363275051099997 10.632900238025002 9.971680164335 0 0 0
-27.827166239433335 10.6118666331 2.9319566885633335 1 0 0
-4.68171977997 8.61034965515 25.0258998871 0 0 0
-34.288759613059995 -11.885280036920001 -1.600790023804 1 0 0
0.0461480990052 3.31731009483 4.11427021027 0 0 0
-32.742074966425 -3.2839124798775 7.2615550756475 1 0 0
-32.5613002777 2.601134896275 0.3340974897145 1 0 0
-11.779800415 5.69538021088 10.4308996201 0 0 0
-9.52103042603 9.8989200592 5.83131980896 0 0 0
-8.45997047424 11.602399826 7.05418014526 0 0 0
-31.3653425489 2.195944309235714 2.851048537661429 1 0 0
-0.178404003382 0.469563007355 9.02772045135 0 0 0
-33.0901985168 7.90926980972 0.672933995724 0 0 0
-31.803242819642858 -0.23431560157661427 3.1271943024214286 1 0 0
-30.1361999512 3.91497993469 5.46883010864 0 0 0
-38.7022018433 -12.5411996841 7.8244099617 1 0 1
-17.7854003906 -4.94910001755 5.95316982269 0 0 0
1.73961997032 7.0337600708 5.38530015945 0 0 0
-13.4593000412 14.3092002869 6.59455013275 0 0 1
-32.28542518615 1.75633497536125 0.798520997166625 0 0 0
-7.43014001846 7.14585018158 7.59641981125 0 0 1
-34.2571983337 -12.809800148 -1.76679003239 1 0 0
-13.376425266250001 16.0589251518 5.927927613257499 0 0 0
-33.673250198350004 4.42263007164 -0.152975924313075 1 1 0
-35.6996002197 -17.2516002655 7.95551013947 1 0 0
-40.7035999298 -16.181799888599997 5.31052994728 0 1 0
-15.992249965700001 -7.76112484932 10.102400302900001 0 0 0
-25.242700031814287 12.0962715149 9.893394333975715 0 0 0
-39.3792991638 -13.1212997437 8.51873970032 0 1 0
-8.52289962769 3.92543005943 7.17092990875 0 1 0
-27.877480316139998 10.592259979280001 3.1360360145560002 1 0 0
-34.26962195502223 -12.30482218001111 -1.5791822142088892 1 0 0
-30.869567235333335 3.6203300158166667 1.1862233479833335 0 0 0
-5.7751901149750005 -5.753634929655 31.889350891150002 0 1 0
-33.75758182301176 -3.732743529712353 2.2669476481052935 1 0 0
-30.3069000244 2.97422003746 1.32035005093 0 0 0
-32.55739974976667 -2.9938166936233332 7.050836563113333 1 0 0
-31.636521203178567 3.198297858237858 1.1023464202871431 0 0 0
-13.664577802033333 15.907322141855555 6.909757773082221 0 0 0
-15.0304002762 10.032699585 7.50443983078 0 0 0
-24.1761250495875 11.144850015637498 10.1233999729 0 0 0
-32.58066446641765 -3.2683499981370585 2.8296535295594123 1 0 0
-30.4706001282 -0.074016302824 6.01455020905 1 0 0
-3.38454008102 1.36924004555 4.61583995819 0 0 0
1.05350005627 12.056599617 34.4781990051 0 0 0
-31.0242004395 7.26770019531 1.08317995071 1 0 0
-31.332000096666665 -11.719600359600001 0.6636966665586667 0 1 0
-33.5247993469 -16.3866996765 7.50894021988 0 1 0
-27.7877006531 -4.81334018707 0.831641972065 1 0 0
-12.6457996368 -8.10173988342 9.17133998871 1 0 0
-32.219901084899995 -2.4572575092299997 5.355007410052501 1 0 0
-14.5058002472 -6.27975988388 5.03081989288 1 0 0
2.14452004433 7.83043003082 5.38572978973 0 0 0
2.62858009338 12.6239995956 21.9724998474 0 0 0
-23.776809883130003 11.29444007871 10.11861000061 0 0 0
-3.23340499401 -5.355030059815 34.103099823 0 0 0
0.477324008942 3.56976008415 8.47389030457 0 0 0
-32.24572499593333 -1.2689925034825 1.8158174852525002 1 0 0
-12.7096996307 15.7383003235 5.99734020233 0 0 0
-8.68340015411 5.29433012009 25.2183990479 0 0 0
-17.6839008331 3.45704007149 8.5792798996 0 0 0
-4.75483250618 -5.1820549964925 33.131324768075 0 1 0
-26.1951999664 0.59893399477 10.2023000717 0 0 0
-43.5167999268 -17.4143009186 7.10976982117 0 1 0
-32.640420913707146 -3.715952839169286 5.213033539907857 1 0 0
-32.3103000096 7.697874273571428 -0.2762817155037143 0 0 0
1.13852000237 12.7349004745 34.3858985901 0 0 0
-14.225399971 -5.90010976791 20.6819000244 0 0 0
0.923964321613 1.0860066413866667 0.207338338097 0 0 0
-2.22026991844 5.9232301712 11.7187995911 0 0 1
-6.679424285890001 22.665014539442858 6.316499982561429 0 0 0
-14.5533504486 -6.46902012825 21.31289958955 0 0 0
1.43112003803 -2.29372000694 16.3101005554 0 0 0
-28.9661006927 -8.11102962494 1.16794002056 1 0 0
0.858099997044 4.26620006561 8.09634017944 0 0 0
-32.554367065433325 -2.9174566268933333 3.4480199813833337 1 0 0
-16.5832004547 10.7068996429 10.415599823 0 0 0
-39.257900238 -12.3228998184 7.89152002335 1 0 1
-49.1512985229 3.01957011223 -3.72691988945 1 0 0
0.361739009619 4.01806020737 1.63998997211 0 0 0
-33.56155014035 -4.04412984848 2.283330082895 1 0 0
-13.84731998442 15.803379821759998 7.026706027984001 0 0 0
-46.683671133857146 1.5831814152857144 -3.2661057199757138 1 0 0
1.54131996632 14.0516004562 6.96598005295 0 0 0
-32.43206659953333 -2.2217250665033332 1.9579666852950002 1 0 0
-34.124728611542864 -3.842498574938571 1.7468600273128572 1 0 0
-3.06523990631 0.0819116011262 16.8945007324 0 0 0
-4.34236001968 -3.77868008614 32.9113006592 0 0 0
-30.572499275200002 0.0891878977418 7.072085142135 0 0 0
-29.5067005157 -19.8502006531 8.95456981659 0 1 0
-31.3619003296 4.269334793095 0.6289399862285 1 0 0
1.30615997314 7.37309980392 5.127409935 0 0 0
-32.13339996335 0.03563885018225 3.54285502434 1 0 0
-32.2168998718 -1.45964002609 2.60914993286 1 0 0
-32.27103360491667 -12.296150048566666 0.25461774816125 0 1 0
-43.9898986816 -19.5494995117 6.85222005844 1 0 0
-33.316299438499996 8.16297483444 -0.633238494396 0 0 0
-4.8998374938975005 3.1921425461775 6.7156448364250005 0 0 0
-32.6049995422 7.46431016922 -0.578908979893 0 0 0
-32.6601982117 -2.9845199585 5.22705984116 0 1 0
-25.283060073839998 11.87322006226 10.113340187080002 0 0 0
-20.236124992375 11.382874965649998 10.928375005725 0 0 0
-43.2566509247 2.530439972875 -1.79087996483 1 0 0
-29.7534999847 7.22415018082 9.30082988739 0 0 0
-34.9627990723 -12.3561000824 -1.02464997768 0 1 0
-33.17229062860455 -2.2171195637095455 1.250715001062727 1 0 0
-20.15646680196667 11.706066449466666 10.9855998357 0 0 0
-2.86965990067 3.05051994324 4.67124986649 0 0 0
0.6640590131285 7.51219511032 3.8836500644700003 0 0 0
-32.56870015463333 -0.916123350461 0.690849661827 1 0 0
-18.5834999084 -5.14318990707 8.92996025085 0 0 0
-32.13990020755 -0.461717501283 1.914579987525 1 0 0
-30.253381555727277 5.636410929939999 1.400753638961818 1 0 0
-23.742100397733335 10.5987329483 9.990819931026666 0 0 0
-25.334414345871426 12.086771420071429 10.055443082514286 0 0 0
-32.954999923725 7.74729502201 0.140086152590775 0 0 0
-34.4585990906 -3.7961499691 3.5962600708 1 0 1
-5.97746992111 10.3472995758 2.96503996849 0 0 0
-22.2463998794375 11.720612525962501 10.184575080862501 0 0 0
1.09253001213 12.2284002304 34.6739006042 0 0 0
-32.3497706822 -0.6086575644355714 1.2588514089585714 1 0 0
-39.5500984192 -12.5973997116 8.08633041382 1 0 0
-30.0734996796 3.64963006973 0.424858003855 0 0 0
-29.7418003082 2.92629003525 2.31785988808 0 0 0
-31.094282486864707 1.1985141038888234 5.13286523258 1 0 0
-6.5622799396525 12.415225028975 8.4308249950425 0 0 0
-12.0678999424 -28.232774734525 19.842275142675 0 1 0
-6.122206687926667 21.724900563566663 7.555363496146666 0 0 0
-29.3029003143 -17.3759994507 7.12046003342 0 1 0
-33.16319942475 8.09760761261 -0.44879724085325 1 0 0
-0.47775799036 6.44595003128 12.3062000275 0 1 0
-5.268430233 7.01849985123 33.7085990906 0 0 0
-31.0853004456 1.06333005428 4.39749002457 1 0 0
-26.5126991272 7.50144004822 2.47947001457 1 0 0
-6.101306756336666 12.613866806033334 8.709310213723333 0 0 0
3.01676011086 15.4646997452 24.0918006897 0 0 0
-28.345199585 -9.19246959686 10.1323003769 1 0 0
3.435090065 19.6443996429 27.6406993866 0 0 0
-35.0755996704 -18.3348007202 7.09291982651 0 1 0
-6.718951543175 13.718316713983333 8.357681751253333 0 0 0
-25.1236000061 6.2212600708 9.77404022217 0 0 0
-11.668299675 -14.5270996094 33.4320983887 0 0 0
-30.594399770099997 4.816920121510001 3.0922667185500003 1 0 0
-32.516664678400005 -2.3088273351854545 2.259576407347273 1 0 0
-24.74436696373333 10.355466524766667 9.882886568703334 0 0 0
-24.201339721660002 12.12455997468 10.09567985534 0 0 0
-31.7150001526 2.57083010674 1.06147003174 0 0 0
-7.29078499476 22.134833335883332 7.174154996871667 0 0 0
-13.8228998184 11.7424001694 6.13293981552 0 0 0
-3.92580008507 8.45831012726 25.3404998779 0 1 0
-35.0101013184 -12.423500061 -1.02763998508 0 1 0
-0.442662000656 -2.93576002121 8.91574001312 0 0 0
-6.616268634794286 22.1171572549 6.610497134072857 0 0 0
-12.5057001114 -4.5972700119 19.7712001801 0 0 0
-31.9598007202 3.88602995872 0.178486004472 0 0 0
-6.883954184395713 21.68302862984286 7.6244513647900005 0 0 0
-7.1813300450633335 21.97620010376667 7.296720027926667 0 0 0
-30.576949119600002 -11.7855000496 0.7362844944 1 0 0
-38.3616504669 -15.6616501808 7.85392999649 0 1 0
-16.4983005524 13.1436004639 9.59340953827 0 0 0
-16.95839977265 -13.6278500557 11.1781001091 0 0 0
-36.1333007813 -13.0016002655 7.89904022217 0 1 0
-44.649950027450004 2.29784500599 -2.58687996864 1 0 0
2.50775003433 8.53357028961 1.44737994671 0 0 0
-7.374398310979999 22.324350039183333 6.910203377405 0 0 0
-25.03934955595 11.83069992065 9.740874767305 0 0 0
-24.6637496948 10.628950118999999 10.013800144200001 0 0 0
-31.352567036933333 2.107200066246667 0.8399419784543333 0 0 0
-32.71697126118572 7.789508478978571 -0.43597814440714283 0 0 0
-34.87300109864999 -3.98033499718 3.584959983825 1 0 0
-31.40772846767143 -0.14473965604385716 3.9247871126442857 1 0 0
-6.197496120746153 20.820953662576922 7.286391514998462 0 0 0
-33.2510986328 -17.01720047 6.22122001648 0 1 0
1.61084997654 6.44395017624 5.88364982605 0 0 0
-46.4676990509 1.656464993955 -3.14981496334 1 1 0
-2.73282003403 10.420800209 10.4607000351 0 0 0
-2.577450037 -3.43575000763 7.41428995132 0 0 1
-32.1040000916 -13.921500206 1.02760004997 1 0 0
-24.25464000702 11.737870025624998 10.133109903320001 0 0 0
-32.389129638689994 -1.749875986575 2.379193019867 1 0 0
-27.973649978650002 7.621584892275 5.8736448288 0 0 0
-6.980690002439999 22.1212501526 7.31767010689 0 0 0
-7.282972049714 22.6941997528 6.804860019686001 0 0 0
-33.30627536775 -2.195939958095 0.9752604961395 1 0 0
-22.5681505203 11.639599800100001 10.737349987 0 0 0
-6.61097002029 6.31590986252 32.6010017395 0 1 0
-29.1140499115 -12.7920498848 0.841962009668 0 1 0
2.63807010651 13.8149995804 22.4820995331 0 0 0
-22.689016342166667 11.735916932416666 10.134500185633334 0 0 0
-30.90095977782 3.4005760192879997 1.296600008012 0 0 0
-2.2351500988 8.15227031708 3.65217995644 0 0 0
-40.4530982971 1.35503995419 -1.49495005608 1 1 0
-32.69910049435 7.735865116119999 -0.5975869894025 0 0 0
-29.1837997437 -15.7297000885 8.53530979156 0 1 0
-43.471698761 -18.1735992432 5.69361019135 1 0 0
-32.12096659343333 -1.1496033271166668 5.590186754863333 0 0 0
-42.83959960935 -10.752250194550001 7.136484861375 1 0 0
-6.42446994781 12.7889995575 9.76117992401 0 0 0
-23.9405002594 8.7025604248 9.79249954224 1 0 0
-28.764799118 -11.2943000793 2.03707003593 0 1 0
-32.0201511383 -2.33018004894 3.52037501335 1 0 0
-32.74358701705 -1.18580622971 1.6126349866387502 1 0 0
-13.067199707 -13.6869001389 7.98028993607 0 0 1
-33.148362636562496 -1.826093137263125 1.2421281263225 1 0 0
-34.4776992798 -13.0570001602 -1.81363999844 1 0 0
-32.716433207183336 -0.9310569961866667 1.7013083299016667 1 0 0
-33.095199585 0.97516900301 1.71009004116 1 0 0
-29.8469009399 0.123227998614 5.50976991653 0 0 0
-31.458866119366665 -1.8058866659800001 5.880866686499999 0 0 0
-31.4148006439 -3.4985499382 8.14671039581 1 0 0
-32.8289985657 -3.06370997429 1.96161997318 1 0 0
-17.20905017855 -13.4389500618 10.7211999893 0 0 0
-33.042224884025 -1.9290050268174999 1.5527475178249999 1 0 0
-32.8541984558 -12.3843002319 0.260785013437 0 1 0
-35.4017982483 -14.4329004288 8.06599998474 0 1 0
-32.60897237603636 -2.788161797957273 2.1870773055327275 1 0 0
-33.377466837566665 7.7048899332700005 -0.5978179971376667 0 0 0
-36.139450073199995 -12.514299869550001 8.732100009915001 0 1 0
-0.669553995132 6.89006996155 11.9490995407 0 0 0
-4.90537023544 -5.73965978622 32.4571990967 0 1 0
-31.894679832459996 -0.3722057998181 2.411724042894 1 0 0
-21.35484981535 -0.24339613365029 7.03519487381 1 0 0
-0.0230202991515 -3.44484996796 12.3094997406 0 0 0
-7.617409865061667 22.685583114616662 7.097164948780001 0 0 0
-32.4390983582 -4.22603988647 4.05481004715 1 0 0
-32.1927995682 -13.781324863424999 7.871235013005 0 1 0
-23.25227097904117 11.287129402158824 10.233335270588233 0 0 0
-23.779225349425 11.394199848174999 9.9676449298875 0 0 0
-29.175233840933334 -8.16029326121 1.1160400311166665 1 0 0
-42.63473383586666 -15.140500068666668 8.185629844666666 1 0 0
-31.9405994415 4.32615995407 3.9021499157 0 0 0
-27.5403995514 4.82245016098 8.93640995026 1 1 0
-22.27677862983571 11.371478625707141 10.172592980507146 0 0 0
-32.095500946 -2.46908998489 5.50947999954 1 0 0
-6.615210056304999 22.34886678061667 6.342168331145 0 0 0
-26.1830997467 -19.4368000031 9.73521995544 0 1 0
-33.782962799075 -2.13437625765875 0.720016501843875 1 0 0
-21.84351997374 11.60680027006 10.200740242 0 0 0
-31.4218997955 1.9388999939 0.727160990238 1 0 0
-24.3533501625 10.328050136549999 9.9733099937425 0 0 0
-34.463048934949995 -4.96996998787 8.715475082394999 1 1 0
-23.85086695353333 11.6091003418 9.980226516726667 0 0 0
2.8015999794 8.80720996857 0.08982539922 0 0 0
-5.763784885405 -5.40356492996 32.1227493286 0 1 0
-5.6597700119 14.2629995346 7.53672981262 1 0 0
-33.4620018005 -4.01670980453 2.62821006775 1 0 0
-40.5131988525 -16.4776000977 6.10746002197 0 1 0
-32.5304985046 -13.8049001694 8.01686000824 0 1 0
-6.67687988281 6.23179006577 6.04434013367 0 0 0
-18.8791999817 1.37819004059 6.46409988403 0 0 0
-3.95765995979 4.96789979935 5.26132011414 0 0 0
-34.6097984314 -4.9311299324 8.59673023224 0 1 0
-26.7194004059 7.50449991226 6.88511991501 0 0 0
-7.191365909578001 23.32438011172 6.726140022278 0 0 0
-43.4020996094 2.3577299118 -1.88122999668 1 0 0
-5.69118022919 21.6674003601 7.96917009354 0 0 0
-23.762292725692856 11.854785851064287 10.082457065585714 0 0 0
-11.6721000671 11.716050148 6.144735097885 0 0 0
-6.6243146116090905 21.897472901781818 6.260727318850001 0 0 0
-27.0464000702 -16.9130992889 11.8795995712 0 1 0
-32.05145072935 3.04028999805 0.8353900015355 0 0 0
-33.68524017336 -1.865608000756 0.7211482048034 1 0 0
-40.2458000183 -13.2058000565 7.98483991623 1 0 0
-32.0542011261 0.30680450797049996 1.8039149642 1 0 0
-30.7283000946 4.18971014023 1.62387001514 0 0 1
-32.0895004272 -3.72723007202 6.00626993179 1 0 0
-29.9883003235 2.97003006935 7.22919988632 0 0 0
-6.49948978424 7.53490018845 6.5832901001 0 0 1
-32.4671497345 -1.523365020755 1.76019001007 1 0 0
-30.7061004639 -12.1307001114 7.49102020264 1 0 0
-34.4596500397 -17.05040073395 6.35512495041 0 1 0
-32.595149993899994 2.412612497805 0.59800276160225 0 0 0
-26.73585033415 8.09466981888 2.90555000305 0 0 0
-29.4176998138 7.09744977951 4.97774982452 1 0 1
-10.4139003754 7.06561994553 8.48577976227 0 1 0
-33.16387557985 4.64549255371 -0.015086447354392499 1 0 0
-30.2124004364 3.64473009109 0.766749024391 1 0 0
-32.8660507202 -3.5806350707999997 3.011425018315 1 0 0
-30.6025505066 1.4137499928450001 3.516705036165 1 0 0
-34.721698761 8.07444000244 -0.981419980526 1 0 0
-31.0421009064 3.37875008583 1.66630005836 1 0 0
-12.6129999161 11.0143995285 6.50830984116 0 0 0
-29.5492992401 4.91047000885 5.57550001144 1 1 0
-24.01667976378 12.87243995664 10.25898017884 0 0 0
-30.1284999847 1.86793005466 3.4329199791 0 0 0
-24.970950126650003 11.78725004195 9.934309959410001 0 0 0
-36.19899940495 -12.407599926 9.091009616855 0 1 0
-7.13527011871 23.5153999329 6.60818004608 0 0 0
-35.19815979004 -17.11955986024 8.101143836976 0 1 0
-34.3699989319 -16.7595005035 7.43917989731 1 1 0
0.450693994761 -3.4935400486 14.4038000107 0 0 0
-31.7143001556 -14.2840003967 1.05799996853 1 0 0
-32.0965003967 1.76073002815 2.63481998444 1 0 0
-29.968050003050003 1.4506649971 6.45851993561 1 0 0
-6.783716837563333 21.315900166833334 7.6888400713600005 0 0 0
-39.43959999085 1.43258500099 -1.54849499464 1 0 0
0.423135012388 1.95035004616 7.80775976181 0 0 0
-30.1126003265 2.62109994888 10.0693998337 0 0 0
0.617399990559 3.51364994049 7.97871017456 0 0 0
1.6899650096899999 13.95464992525 5.80629014969 0 0 0
-32.28884233745714 -11.716871534071428 -0.24006257312628573 1 0 0
-5.552469968795 12.626300334949999 9.23977470398 0 0 0
-31.54699993135 -0.49753250181700004 4.13960504532 1 0 0
-33.495300293 -13.4141998291 7.89075994492 0 1 0
-34.3470993042 -17.106300354 6.61931991577 0 1 0
-33.9822998047 -4.0495800972 3.60795998573 0 0 1
-4.63277006149 3.93370008469 6.36889982224 0 0 1
-29.12515068055 -11.4327001572 1.87246996164 0 1 0
-18.9022006989 -4.1588101387 8.99752998352 0 0 0
-25.88195006053333 12.191450119016666 10.05766661965 0 0 0
-39.9925003052 -15.9607000351 6.06312990189 0 1 0
-36.4943008423 -13.0466995239 8.52624034882 0 1 0
-33.81456629436667 -2.88832004865 1.2130766709633332 1 0 0
-28.8587503433 2.89338004589 8.661324977875001 1 1 0
-33.2525223626 -3.2843977875177774 1.784447775945556 1 0 0
-33.0203495026 -0.9611639976505 1.46700501442 1 0 0
-12.0222997665 -12.6842002869 7.46585988998 0 1 0
-6.4366366863266675 21.66714986165 6.3030917644499995 0 0 0
-32.0177710397 -0.24493885678914284 2.910280023304286 1 0 0
-31.861700058 -3.06224989891 6.31036996841 0 0 0
-32.53284931185 -2.7619374990475 3.60935497284 1 0 0
-33.8611984253 -11.8711004257 -1.38196003437 1 0 0
-48.271565755199994 2.4331433773033333 -3.4286766846966668 1 0 0
1.07700002193 6.49766016006 3.01538991928 0 0 0
-32.60473251343333 -0.5906466643013334 1.1646066506733332 1 0 0
-3.51006007195 6.69759988785 34.6081008911 0 0 0
-42.8763999939 -16.17082500455 6.2336499691 1 0 0
0.635821998119 0.420902013779 2.57955002785 0 0 0
-34.04129981995 -2.147435069085 0.6272374987605001 1 0 0
-26.1506004333 -8.8977804184 8.29502010345 0 0 0
-7.10743999481 4.25672006607 6.6082701683 0 0 0
-6.615964889525 20.9603996277 6.897855043410001 0 0 0
-12.7789001465 -13.8736000061 32.6007995605 0 0 0
3.06052994728 15.6606998444 24.6481990814 0 0 0
-0.276573985815 2.39613008499 4.23724985123 0 0 0
-14.5149002075 -7.31615018845 5.45283985138 0 0 0
-31.78508540561429 1.9179928813657143 0.859115421772 0 0 0
-0.694269001484 -1.00731003284 7.72929000854 0 0 0
-17.9764003754 -8.10091018677 9.19830036163 1 0 0
3.33208990097 19.2105007172 27.1487998962 0 0 0
-30.4724998474 -12.1813001633 1.65722000599 0 1 0
-31.9983005524 4.4752497673 1.47692000866 0 0 0
-36.2803001404 -12.4180002213 8.92471027374 0 1 0
-42.5003013611 -15.2072000504 5.46076011658 1 0 0
-39.4558982849 -12.6642999649 7.88052988052 1 0 0
0.991060018539 7.7152299881 4.3497300148 0 0 0
-23.734374523150002 12.277375221249999 10.15652513505 0 0 0
-27.7036495209 7.86788010597 3.1708199977850002 1 0 1
-6.424005031585001 24.8874502182 6.875094890594999 0 0 0
-13.654100100199999 15.927866935700001 6.162816683453333 0 0 0
-2.88810992241 2.31850004196 18.3962993622 0 0 0
-6.802513281506666 21.227732976266665 7.182916641236666 0 0 0
-7.27151012421 13.6043996811 8.32711029053 0 0 0
-29.955939865100003 3.8285540103919997 2.279346036912 1 0 0
-40.023000717200006 1.590934991835 -1.5408449768999999 1 0 0
-19.031999588 12.3015003204 16.7215995789 0 0 0
2.57113003731 13.2924995422 21.8787002563 0 0 0
-31.7439002991 -15.9395999908 9.27062988281 0 1 0
-6.793785095215 6.68312001228 5.4586250782 0 0 0
-31.7187004089 6.49224996567 1.33085000515 1 0 0
-33.59589894613333 -4.1624199549366665 2.5211233298 1 0 0
-9.46850013733 8.90431022644 6.14955997467 0 0 0
-46.4523010254 1.81502997875 -2.93354988098 1 1 0
-42.4253005981 -10.4162998199 6.7732000351 1 0 0
-41.81696014406 1.7983620166779999 -1.858884000776 1 0 0
-32.660900116 -3.45243000984 6.27851009369 1 0 0
-31.8381996155 -0.557787001133 0.600301027298 1 0 0
-34.2248001099 -4.74214982986 3.14770007133 0 1 0
-48.070400238 2.26475000381 -3.59885001183 1 0 0
-16.5097999573 12.5635995865 9.44906997681 0 0 0
-3.0174649953849997 2.143989920615 18.4792995453 0 0 0
-2.33766007423 5.88944005966 35.7392997742 0 0 0
-24.9866008759 7.03541994095 6.0643901825 0 0 0
-42.5773010254 -14.2107000351 4.93409013748 0 1 0
-32.82749938965 -11.6965498924 -0.337190002203 1 0 0
-35.0783996582 -12.4628000259 -0.949522972107 0 1 0
-37.881231943766664 -13.132666905733332 8.775553067523333 0 1 0
-5.86831665039 20.551833470666665 7.358943303426667 0 0 0
-5.25515985489 -5.53780984879 32.2887001038 0 1 0
-6.597440004345 22.62094974515 6.63742017746 0 0 0
-4.99902009964 12.6339998245 9.25146961212 0 0 0
-6.202579975127999 21.3138999939 7.345940017701999 0 0 0
-36.9374008179 -12.9776000977 8.30640029907 0 1 0
-28.2670993805 10.7657003403 1.66790997982 0 0 0
0.700788974762 -3.38131999969 15.1758003235 0 0 0
-11.3233995438 -15.557100296 33.7737998962 0 0 0
-31.71259994506 -0.8765006065368001 5.532784080503999 0 0 0
-29.2530002594 5.33413982391 2.41388010979 1 0 0
-21.2233009338 -1.73918998241 1.89206004143 1 0 0
-31.82784938815 -0.484310492873 7.1710999012 1 0 1
-29.9988002777 3.36055994034 2.15668010712 1 0 0
-29.888299942 -13.0774002075 0.924535989761 0 1 0
-6.51231002808 23.6550998688 6.64323997498 0 0 0
-6.51065015793 4.96590995789 5.47976016998 0 0 0
-32.297048568700006 1.442345023155 0.43760749697650003 1 0 1
-49.7746009827 2.7500500679 -4.04216003418 1 1 0
-34.534601211500004 -16.97704982755 6.354744911195 0 1 0
-26.01284980775 7.23681497574 1.44321501255 0 0 0
-12.4632997513 15.8138999939 6.16917991638 0 0 0
-33.56175041195 -1.619875013825 1.03644502163 1 0 0
-36.2700996399 -12.5144996643 9.03495979309 0 1 0
-48.67946751913333 2.579036633173333 -3.7434167067233335 1 0 0
-7.55174016953 22.489200592 6.98913002014 0 0 0
-30.9327497482 3.7281649112700004 0.8109230101110001 0 0 0
-20.0785007477 11.8186998367 11.1497001648 1 0 0
-49.339674949650004 2.7853674292550004 -3.8760249614725 1 0 0
-41.0984992981 -13.4742002487 8.21570968628 0 0 0
-6.452516555783333 12.308499972033333 8.666776974993333 0 0 0
-25.95230007175 7.2361099719999995 1.49098497629 0 0 0
-32.87203343713333 -1.3122266928333335 1.44358666738 1 0 0
-24.644425392149998 12.12912487985 10.078649997725 0 0 0
-6.52903985977 12.317899704 8.56177043915 0 0 0
-6.14104986191 21.8533992767 7.20252990723 0 0 0
-32.4757499695 1.6375550031650001 0.4720804989335 1 0 1
-12.8957004547 -27.8927993774 19.6718997955 0 0 0
-41.6958007813 -16.8400993347 5.3435997963 0 1 0
-24.34584999085 5.70105981827 7.44130516052 1 0 0
-36.8992004395 -13.0713996887 8.23283958435 0 1 0
-32.6128997803 -2.37437009811 4.74774980545 1 0 0
-6.20721006393 7.27604007721 3.11142992973 0 0 0
-4.72315979004 6.30622005463 33.2697982788 0 0 0
-5.00053977966 4.02367019653 7.17941999435 0 0 0
-4.9547700882 4.38727998734 3.61284995079 0 0 0
-28.4526996613 -5.03056001663 0.681944012642 1 0 0
-6.857760111490001 22.187966028833333 5.968129952746668 0 0 0
-28.5205993652 7.53711986542 4.98162984848 1 0 0
-30.168800354 7.55929994583 1.67051005363 0 0 0
-36.102199554433334 -12.886400222766667 7.8853901227300005 0 1 0
-20.2304000854 -14.8729000092 10.3466997147 1 0 0
-17.6625003815 -3.0644800663 8.33018016815 0 0 0
-31.0914001465 3.97288990021 2.01491999626 1 0 0
-6.625011682509999 23.204833666499997 6.270990053811666 0 0 0
-29.3418998718 -7.65879011154 10.0366001129 1 0 0
-34.8870010376 -11.7903003693 8.70713043213 0 1 0
-7.73919010162 23.2185993195 6.44879007339 0 0 0
-18.5932006836 -4.66878986359 8.84469032288 0 0 0
-7.01933002472 24.089099884 6.4889497757 0 0 0
-36.6333999634 -12.9688997269 7.95083999634 0 1 0
2.88589000702 15.8514003754 24.3278999329 0 0 0
-30.8738994598 -13.7327003479 0.880104005337 0 1 0
-4.00153017044 5.71587991714 34.8888015747 0 0 0
2.51494002342 8.94003009796 1.68201994896 0 0 0
1.385079979895 14.6393499374 4.8527650833100004 0 0 0
-6.66298007965 13.1491003036 8.54751014709 0 0 0
-4.9691901207 4.83294010162 5.04677009583 0 0 0
-6.611800193784999 24.8226003647 6.75049996376 0 0 0
-32.8240013123 -16.6093006134 7.98590993881 0 1 0
-28.5527992249 -17.8710002899 13.0309000015 0 1 0
-29.9433002472 2.01411008835 6.63679981232 0 0 1
-19.2642002106 -5.20837020874 10.0708999634 1 0 0
-30.4995994568 3.37334990501 1.9991799593 1 0 0
-14.9615001678 -9.96660995483 11.5413999557 0 1 0
-17.9853000641 -5.77495002747 7.7751698494 0 0 0
-4.85520982742 3.14214992523 7.52253007889 0 0 1
-28.4929008484 4.37430000305 8.75512981415 0 0 0
-32.224899292 1.77945005894 1.10028004646 1 0 0
-32.54475021365 2.54586994648 0.5128940045835 1 0 0
3.63453006744 17.7467002869 26.5869007111 0 0 0
-32.5782012939 0.532365977764 0.549625992775 1 0 0
-24.1558990479 -0.820712983608 10.6824998856 0 0 0
-40.3115997314 -16.2210006714 7.65255022049 1 0 0
3.2068775296225 17.8778247833 4.730147480965 0 0 0
-30.2770004272 -1.09056997299 6.10582017899 0 0 0
-4.7679400444 4.43200016022 4.5266699791 0 0 0
3.44475007057 10.6757001877 -0.0455773994327 0 0 0
-25.0653991699 7.97681999207 6.04790019989 1 0 1
-28.3959999084 7.40235996246 3.02165007591 1 0 0
1.80008502304625 14.6722749471625 5.36081248521875 0 0 0
-27.4878005981 8.4241399765 6.65788984299 1 0 0
-45.3004989624 -14.6941995621 5.23916006088 0 1 0
-5.870652008056 20.6787399292 7.582546043396 0 0 0
-49.2631988525 2.41501998901 -4.041495084765 1 1 0
-4.03930997849 4.82578992844 5.32247018814 0 0 0
-31.9983005524 -2.49211001396 2.9245800972 1 0 0
-3.4196500182125003 5.696657538415 5.055174946785 0 0 0
-6.34930992126 20.4641990662 7.25191020966 0 0 0
-32.3744010925 -14.9624004364 1.1068700552 1 0 0
-25.6597003937 5.70631980896 8.55572986603 0 0 0
-30.223100026433332 2.95377667745 2.29603330294 1 0 0
-47.65189997353334 1.8542599678033334 -3.60112333298 1 1 0
2.54084992409 14.5879001617 21.9386997223 0 0 0
-47.22659937543333 1.80502665043 -3.403939962386667 1 0 0
-6.0326499939 20.77409935 7.50993013382 0 0 0
-47.5474014282 1.92103004456 -3.30716991425 1 0 0
-37.2886009216 -12.9089002609 8.51391983032 0 1 0
-26.5944004059 -3.03575992584 11.7964000702 0 0 0
-26.9571990967 4.46606016159 8.88938999176 0 0 0
-43.2859992981 -13.5013999939 4.85181999207 0 1 1
-34.0676994324 -2.9187400341 1.30330002308 1 0 0
2.58222007751 12.3130998611 22.6026992798 0 0 0
-16.2490997314 -6.93124008179 6.98353004456 1 0 0
2.44129991531 12.3183002472 22.7537994385 0 0 0
-31.501499176 0.529909014702 4.51069021225 1 1 0
-32.2498016357 0.950628995895 1.96740996838 1 0 0
-33.5278015137 -3.47816991806 1.72332000732 1 0 0
-41.5716018677 -12.5047998428 7.76391983032 1 0 0
-32.5694007874 -0.762364983559 2.0247399807 1 0 0
-30.9167995453 1.98132002354 2.34002995491 0 0 0
-33.384601593 -16.9981002808 6.54297018051 0 1 0
-43.84875011445 -18.737224578875 8.0686399936675 1 0 0
-29.765600204466665 3.3543266455333334 1.9669933319100001 1 0 0
-23.1394996643 -9.57557964325 10.3077001572 0 0 0
-28.3511009216 5.22938013077 8.52464008331 0 0 0
2.90148997307 15.6842002869 24.6431999207 0 0 0
-28.5023994446 -17.335899353 7.0247797966 1 0 0
-21.4309997559 0.525300979614 6.91477012634 0 0 1
-30.0095005035 3.4944601059 0.75487101078 0 0 0
-24.9424991608 6.85535001755 8.04549980164 0 0 0
-35.1334991455 -5.02063989639 8.9280500412 0 1 0
-39.7176017761 1.43956005573 -1.60557997227 1 0 0
-11.3486003876 -13.1078996658 9.78713035583 0 0 0
-32.1118011475 -1.27395999432 4.96798992157 1 0 1
-11.5241003036 -7.97195005417 12.0008001328 0 0 0
-47.830349922150006 2.187165021895 -3.584450006485 1 0 0
-31.7474994659 4.42793989182 1.70389997959 0 0 0
-34.4366989136 -13.1220998764 -0.116462998092 0 1 0
-27.7576999664 9.98332977295 1.78812003136 1 0 0
-32.1058998108 -0.99761402607 5.60437011719 0 0 0
-21.441300392149998 0.25927704945185 7.064920186995 1 0 0
-11.8788003922 -13.539899826 9.2917804718 0 0 0
-32.0321998596 3.03021001816 1.00829005241 0 0 0
1.08668994904 -0.3360440135 16.2134990692 0 0 0
-20.7574005127 -15.2887001038 10.4341001511 1 0 0
-30.922000249233335 1.9883833726266669 2.5304199854533334 0 0 0
-32.179849624650004 1.774254977705 3.0863800048799996 0 0 0
-36.5021018982 -12.4144001007 8.82281970978 0 1 0
-41.9823989868 -17.0088005066 7.76141023636 0 1 0
-32.04069900515 -0.10312159918239999 3.5385800600049997 1 0 0
-48.5257987976 2.33174991608 -3.76006007195 1 1 0
-27.9470996857 8.10466957092 9.06999969482 1 0 0
-4.899009943005 13.97805023195 7.127444982525 0 0 0
3.45237004757 16.776350021349998 5.840430021285 0 0 0
-3.7549200058 2.80065989494 5.62531995773 0 0 0
-43.6708984375 2.50635004044 -1.99733996391 1 1 0
-19.5375995636 0.374280005693 6.90307998657 0 0 0
1.09479999542 11.0402002335 33.3176994324 0 0 0
-49.5569000244 3.14850997925 -3.91674995422 1 1 0
-42.9334983826 -16.8241996765 7.04406023026 0 1 0
-31.8124008179 -0.694751024246 7.50407981873 1 1 0
-25.133600235 6.8845000267 2.24618005753 1 0 0
-47.63974952695 2.17534005642 -3.45368504524 1 0 0
-42.4822998047 -17.0254001617 7.92355012894 1 0 0
-6.4721198082 23.4533996582 6.64213991165 0 0 0
-27.2506999969 -19.4113998413 10.8409004211 0 1 0
-33.809566497800006 -3.4849733511566665 2.2035332520833335 1 0 0
-29.1119003296 7.02061986923 6.73521995544 0 0 0
-47.231899261500004 2.242920041085 -3.259505033495 1 0 0
-15.6942996979 -8.86668968201 10.8933000565 0 0 0
-31.1947002411 5.5715098381 1.00522005558 1 0 0
-31.5065002441 -6.21630001068 -0.18614000082 1 0 0
-30.8565006256 -5.91830015182 0.0516299009323 1 0 0
-25.3787002563 5.04929018021 10.667599678 0 0 0
-15.6597995758 7.75322008133 10.1535997391 0 1 0
-31.9913005829 -0.0462685003877 0.671220004559 1 0 0
2.49762988091 12.5994997025 22.7203006744 0 0 0
-11.568400383 -4.12028980255 6.34440994263 0 0 0
-26.5170993805 7.02364015579 5.72718000412 0 0 0
-11.3378000259 6.30952978134 23.9486999512 0 0 0
-27.3747005463 9.12683963776 5.16763019562 0 0 0
-31.013999939 -0.377752006054 6.95840978622 0 0 0
-3.46672010422 -5.65480995178 33.5819015503 0 1 0
-40.4912986755 -16.5004997253 7.85126018524 1 0 0
-2.65146994591 2.63239002228 18.114900589 0 0 0
-3.41406011581 6.00995016098 4.74498987198 0 0 0
-33.4565010071 -3.5188999176 1.75969004631 1 0 0
-25.0818996429 10.501999855 10.0249004364 0 0 0
-29.0109996796 -0.1091869995 7.06924009323 0 0 0
-34.3072013855 7.96205997467 -0.877892971039 0 0 0
-33.65599823 -17.1485996246 6.78730010986 0 1 0
-31.819649696349998 -11.65215015415 -0.665910989046 1 0 0
-40.801700592 1.49434995651 -1.47021996975 1 0 0
-23.7178993225 9.9969997406 9.95491981506 0 0 0
-32.7457008362 -16.6872005463 6.54144001007 0 1 0
-33.8399009705 -17.3903999329 8.9852104187 1 0 1
-31.966999054 -3.04192996025 4.57299995422 1 0 0
-6.34444999695 9.80920982361 3.16854000092 0 0 0
-27.0627002716 8.44042015076 5.43237018585 0 0 1
-7.69285011292 21.5926990509 7.23039007187 0 0 0
-16.8113002777 -14.7592000961 11.1212997437 0 0 0
-42.6031990051 -14.9731998444 8.10875988007 1 0 0
-27.9088993073 6.63663005829 8.97815036774 0 0 1
-12.066050052600001 -12.36719989775 9.11557006836 0 1 0
-30.0669994354 1.96624994278 5.52351999283 1 0 0
-38.1488990784 -13.0276002884 9.08460998535 0 1 0
3.5877950191499997 18.274999618499997 4.713629961015 0 0 0
-40.335899353 -13.8266000748 8.52659988403 0 1 0
3.044754981995 17.64825057985 4.39708018303 0 0 0
1.72435998917 14.5718002319 5.58070993423 0 0 0
-6.90931987762 23.273399353 6.81759977341 0 0 0
-49.76290130615 2.89637005329 -3.98139500618 1 1 0
1.58758997917 14.7760000229 4.64311981201 0 0 0
-6.18532991409 21.0624008179 7.58217000961 0 0 0
-41.057598114 -16.8596992493 6.06973981857 0 1 0
3.45145010948 18.1574001312 4.90798997879 0 0 0
-12.684800148 -7.50069999695 8.30212974548 0 0 0
-33.5247993469 7.73724985123 -0.473540008068 0 0 0
-31.1306991577 6.77179002762 2.03258991241 0 0 0
-6.5928401947 -5.90988016129 31.1166000366 0 1 0
-42.2160987854 2.07179999352 -2.01110005379 1 0 0
-32.5457992554 0.0238048005849 0.851951003075 1 0 0
-32.0313987732 -0.317048996687 3.20603990555 0 1 1
-34.6128005981 -13.1218996048 -0.209519997239 0 1 0
-37.1366996765 -13.0495996475 8.62166023254 0 1 0
-49.4100990295 2.57062005997 -4.04873991013 1 1 0
-24.432800293 7.68332004547 9.96240997314 1 0 0
-29.9817008972 3.63170003891 1.98924005032 1 0 0
1.41919994354 14.5965995789 5.10489988327 0 0 0
-29.9696998596 5.82124996185 1.39479994774 1 0 0
-7.85247993469 13.1632995605 8.39702987671 0 0 0
1.30558001995 13.8797998428 5.64336013794 0 0 0
3.19442009926 17.4512004852 4.50962018967 0 0 0
-17.0604991913 6.15078020096 11.4172000885 0 0 0
-11.9130001068 10.8613996506 6.01124000549 0 0 0
-30.0046005249 6.2108001709 1.44808995724 1 0 0
-42.7962989807 -17.013299942 5.5877199173 0 1 0
-41.237701416 1.85846996307 -1.86012005806 1 0 0
-42.436000824 -14.982000351 8.28133010864 1 0 0
-30.5855007172 -11.9399995804 1.79787003994 0 1 0
-30.5310001373 -17.8596000671 7.35778999329 0 1 0
-42.4025001526 -15.8893995285 5.82463979721 1 0 0
-6.21997976303 9.94237995148 4.08416986465 0 0 0
-36.6090011597 -12.4097995758 9.06494045258 0 1 0
-33.2588005066 -3.97619009018 2.09612989426 0 1 0
-32.0429000854 0.0262650009245 3.40351009369 1 0 0
-19.516500473 3.00922989845 8.03372001648 0 0 0
-16.6996002197 14.5275001526 9.74380970001 0 0 0
-8.13226985931 8.86314964294 3.27953004837 0 0 0
-21.547499656699998 0.391772001982 7.027674913405 1 0 0
-22.4344005585 11.518699646 10.6508998871 0 0 0
-10.7291002274 -12.1631002426 10.9646997452 0 0 0
-31.0002994537 2.06586003304 2.00627994537 0 0 0
-33.242099762 -5.11582994461 9.81188964844 1 1 0
-44.4473991394 -20.5272006989 5.67145013809 1 0 1
-4.9820599556 6.01977014542 5.22854995728 0 0 1
-9.52272987366 9.96432971954 7.11422014236 0 0 0
-21.320400238 10.2143001556 9.93889045715 0 0 0
-33.47480010985 -1.932770013805 0.9232220053675 1 0 0
-27.6903991699 -19.2693004608 8.39885997772 0 1 0
-6.62809991837 24.1464996338 6.89804983139 0 0 1
-27.5928993225 8.78096961975 8.52089977264 0 0 0
-44.5411987305 -14.5552997589 5.21610021591 1 1 0
-32.6464004517 1.50416004658 2.60881996155 1 0 0
-45.5690002441 2.20009994507 -2.68161010742 1 0 0
-8.3396396637 8.55280971527 4.98075008392 0 0 0
-27.6636009216 10.5144996643 4.8001499176 0 0 0
-6.431459903715 10.105750083899999 3.99399495125 0 0 0
0.760909974575 14.9124002457 7.22111988068 0 0 0
-29.8458003998 -18.0611991882 6.95392990112 0 1 0
-5.5213098526 12.6406002045 7.28725004196 0 0 0
3.66240000725 17.426399231 25.996799469 0 0 0
3.80834007263 18.2408008575 26.6350002289 0 0 0
-46.7046012878 -15.2750997543 5.01750993729 0 1 0
-12.8473997116 -13.4575004578 10.6759996414 0 0 0
